<?xml version='1.0' encoding='UTF-8'?>
<smallbismark>
 <motif name='ALX1_HUMAN' id='ALX1_do' sample-size='31' sequence-count='25' coverage='0.8064516129032258' length='22'>
  <comment>HOCOMOCO v9; MAR2012; ChIPMunk v3.1</comment>
  <background>
   <a>0.29182</a>
   <c>0.20818</c>
   <g>0.20818</g>
   <t>0.29182</t>
  </background>
  <consensus>vnhhvMTddWhKnAKYRvbdSn</consensus>
  <WPCM words-count='25.0' length='22' dic='-20.376698522043764' kdic='10.12177742259383'>
   <pm-column position='1' dic='-1.0547024460967225' kdic='0.3315919150231682'>
    <a>3.5000000000000004</a>
    <c>8.5</c>
    <g>10.5</g>
    <t>2.5</t>
   </pm-column>
   <pm-column position='2' dic='-1.0983323136059835' kdic='0.2879620475139071'>
    <a>7.000000000000001</a>
    <c>9.0</c>
    <g>7.000000000000001</g>
    <t>2.0</t>
   </pm-column>
   <pm-column position='3' dic='-1.0277654530999032' kdic='0.35852890801998716'>
    <a>13.0</a>
    <c>5.0</c>
    <g>3.0</g>
    <t>4.0</t>
   </pm-column>
   <pm-column position='4' dic='-1.0929910579010025' kdic='0.29330330321888837'>
    <a>8.0</a>
    <c>6.0</c>
    <g>2.0</g>
    <t>9.0</t>
   </pm-column>
   <pm-column position='5' dic='-1.0248011342114631' kdic='0.3614932269084278'>
    <a>12.0</a>
    <c>4.0</c>
    <g>7.000000000000001</g>
    <t>2.0</t>
   </pm-column>
   <pm-column position='6' dic='-0.8463183605152216' kdic='0.5399760006046691'>
    <a>16.0</a>
    <c>5.0</c>
    <g>2.0</g>
    <t>2.0</t>
   </pm-column>
   <pm-column position='7' dic='-0.25587718620864564' kdic='1.1304171749112448'>
    <a>1.0</a>
    <c>1.0</c>
    <g>0.0</g>
    <t>23.0</t>
   </pm-column>
   <pm-column position='8' dic='-1.0248011342114631' kdic='0.3614932269084278'>
    <a>12.0</a>
    <c>2.0</c>
    <g>4.0</g>
    <t>7.000000000000001</t>
   </pm-column>
   <pm-column position='9' dic='-0.8088746261506441' kdic='0.5774197349692466'>
    <a>17.0</a>
    <c>2.0</c>
    <g>3.0</g>
    <t>3.0</t>
   </pm-column>
   <pm-column position='10' dic='-0.9499290471377464' kdic='0.436365313982144'>
    <a>7.000000000000001</a>
    <c>4.0</c>
    <g>1.0</g>
    <t>13.0</t>
   </pm-column>
   <pm-column position='11' dic='-1.008582529887083' kdic='0.3777118312328075'>
    <a>11.0</a>
    <c>3.0</c>
    <g>2.0</g>
    <t>9.0</t>
   </pm-column>
   <pm-column position='12' dic='-0.9499290471353459' kdic='0.43636531398454464'>
    <a>3.0</a>
    <c>2.0</c>
    <g>6.0</g>
    <t>14.000000000000002</t>
   </pm-column>
   <pm-column position='13' dic='-1.0605538492545847' kdic='0.3257405118653061'>
    <a>10.0</a>
    <c>3.0</c>
    <g>3.0</g>
    <t>9.0</t>
   </pm-column>
   <pm-column position='14' dic='-0.5273232844951582' kdic='0.8589710766247325'>
    <a>20.0</a>
    <c>3.0</c>
    <g>0.0</g>
    <t>2.0</t>
   </pm-column>
   <pm-column position='15' dic='-0.8855515306356907' kdic='0.5007428304841999'>
    <a>2.0</a>
    <c>2.0</c>
    <g>6.0</g>
    <t>15.0</t>
   </pm-column>
   <pm-column position='16' dic='-0.8138811518712601' kdic='0.5724132092486305'>
    <a>0.0</a>
    <c>6.0</c>
    <g>4.0</g>
    <t>15.0</t>
   </pm-column>
   <pm-column position='17' dic='-0.8998185283978785' kdic='0.48647583272201234'>
    <a>14.000000000000002</a>
    <c>1.0</c>
    <g>7.000000000000001</g>
    <t>3.0</t>
   </pm-column>
   <pm-column position='18' dic='-1.0802529086585497' kdic='0.30604145246134096'>
    <a>4.0</a>
    <c>7.000000000000001</c>
    <g>11.0</g>
    <t>3.0</t>
   </pm-column>
   <pm-column position='19' dic='-1.0248011342114631' kdic='0.3614932269084278'>
    <a>2.0</a>
    <c>7.000000000000001</c>
    <g>4.0</g>
    <t>12.0</t>
   </pm-column>
   <pm-column position='20' dic='-1.1322242280237629' kdic='0.25407013309612736'>
    <a>7.000000000000001</a>
    <c>3.0</c>
    <g>6.0</g>
    <t>9.0</t>
   </pm-column>
   <pm-column position='21' dic='-0.7726963751816689' kdic='0.6135979859382217'>
    <a>0.0</a>
    <c>9.0</c>
    <g>14.000000000000002</g>
    <t>2.0</t>
   </pm-column>
   <pm-column position='22' dic='-1.0366911951525222' kdic='0.3496031659673685'>
    <a>4.0</a>
    <c>4.0</c>
    <g>13.0</g>
    <t>4.0</t>
   </pm-column>
  </WPCM>
  <PPM words-count='25.0' length='22' kdic='10.12177742259383' dic='-20.376698522043764'>
   <pm-column position='1' dic='-1.0547024460967225' kdic='0.3315919150231682'>
    <a>0.14</a>
    <c>0.34</c>
    <g>0.42</g>
    <t>0.1</t>
   </pm-column>
   <pm-column position='2' dic='-1.0983323136059835' kdic='0.2879620475139071'>
    <a>0.28</a>
    <c>0.36</c>
    <g>0.28</g>
    <t>0.08</t>
   </pm-column>
   <pm-column position='3' dic='-1.0277654530999032' kdic='0.35852890801998716'>
    <a>0.52</a>
    <c>0.2</c>
    <g>0.12</g>
    <t>0.16</t>
   </pm-column>
   <pm-column position='4' dic='-1.0929910579010025' kdic='0.29330330321888837'>
    <a>0.32</a>
    <c>0.24</c>
    <g>0.08</g>
    <t>0.36</t>
   </pm-column>
   <pm-column position='5' dic='-1.0248011342114631' kdic='0.3614932269084278'>
    <a>0.48</a>
    <c>0.16</c>
    <g>0.28</g>
    <t>0.08</t>
   </pm-column>
   <pm-column position='6' dic='-0.8463183605152216' kdic='0.5399760006046691'>
    <a>0.64</a>
    <c>0.2</c>
    <g>0.08</g>
    <t>0.08</t>
   </pm-column>
   <pm-column position='7' dic='-0.25587718620864564' kdic='1.1304171749112448'>
    <a>0.04</a>
    <c>0.04</c>
    <g>0.0</g>
    <t>0.92</t>
   </pm-column>
   <pm-column position='8' dic='-1.0248011342114631' kdic='0.3614932269084278'>
    <a>0.48</a>
    <c>0.08</c>
    <g>0.16</g>
    <t>0.28</t>
   </pm-column>
   <pm-column position='9' dic='-0.8088746261506441' kdic='0.5774197349692466'>
    <a>0.68</a>
    <c>0.08</c>
    <g>0.12</g>
    <t>0.12</t>
   </pm-column>
   <pm-column position='10' dic='-0.9499290471377464' kdic='0.436365313982144'>
    <a>0.28</a>
    <c>0.16</c>
    <g>0.04</g>
    <t>0.52</t>
   </pm-column>
   <pm-column position='11' dic='-1.008582529887083' kdic='0.3777118312328075'>
    <a>0.44</a>
    <c>0.12</c>
    <g>0.08</g>
    <t>0.36</t>
   </pm-column>
   <pm-column position='12' dic='-0.9499290471353459' kdic='0.43636531398454464'>
    <a>0.12</a>
    <c>0.08</c>
    <g>0.24</g>
    <t>0.56</t>
   </pm-column>
   <pm-column position='13' dic='-1.0605538492545847' kdic='0.3257405118653061'>
    <a>0.4</a>
    <c>0.12</c>
    <g>0.12</g>
    <t>0.36</t>
   </pm-column>
   <pm-column position='14' dic='-0.5273232844951582' kdic='0.8589710766247325'>
    <a>0.8</a>
    <c>0.12</c>
    <g>0.0</g>
    <t>0.08</t>
   </pm-column>
   <pm-column position='15' dic='-0.8855515306356907' kdic='0.5007428304841999'>
    <a>0.08</a>
    <c>0.08</c>
    <g>0.24</g>
    <t>0.6</t>
   </pm-column>
   <pm-column position='16' dic='-0.8138811518712601' kdic='0.5724132092486305'>
    <a>0.0</a>
    <c>0.24</c>
    <g>0.16</g>
    <t>0.6</t>
   </pm-column>
   <pm-column position='17' dic='-0.8998185283978785' kdic='0.48647583272201234'>
    <a>0.56</a>
    <c>0.04</c>
    <g>0.28</g>
    <t>0.12</t>
   </pm-column>
   <pm-column position='18' dic='-1.0802529086585497' kdic='0.30604145246134096'>
    <a>0.16</a>
    <c>0.28</c>
    <g>0.44</g>
    <t>0.12</t>
   </pm-column>
   <pm-column position='19' dic='-1.0248011342114631' kdic='0.3614932269084278'>
    <a>0.08</a>
    <c>0.28</c>
    <g>0.16</g>
    <t>0.48</t>
   </pm-column>
   <pm-column position='20' dic='-1.1322242280237629' kdic='0.25407013309612736'>
    <a>0.28</a>
    <c>0.12</c>
    <g>0.24</g>
    <t>0.36</t>
   </pm-column>
   <pm-column position='21' dic='-0.7726963751816689' kdic='0.6135979859382217'>
    <a>0.0</a>
    <c>0.36</c>
    <g>0.56</g>
    <t>0.08</t>
   </pm-column>
   <pm-column position='22' dic='-1.0366911951525222' kdic='0.3496031659673685'>
    <a>0.16</a>
    <c>0.16</c>
    <g>0.52</g>
    <t>0.16</t>
   </pm-column>
  </PPM>
  <PWM length='22' words-count='25.0'>
   <pm-column position='1'>
    <a>-0.6178565727684653</a>
    <c>0.44528937737184987</c>
    <g>0.6425813535084737</g>
    <t>-0.8730841691746223</t>
   </pm-column>
   <pm-column position='2'>
    <a>-0.036529909020657815</a>
    <c>0.4983797217416312</c>
    <g>0.2666712739846886</g>
    <t>-1.0301798070604675</t>
   </pm-column>
   <pm-column position='3'>
    <a>0.5263562196846179</a>
    <c>-0.03545068717077718</c>
    <g>-0.4704365721438638</g>
    <t>-0.5111300579314494</t>
   </pm-column>
   <pm-column position='4'>
    <a>0.08210202026722249</a>
    <c>0.12697687175003233</c>
    <g>-0.7885374762013705</g>
    <t>0.18814113236497937</t>
   </pm-column>
   <pm-column position='5'>
    <a>0.4519133197534474</a>
    <c>-0.2294761866966032</c>
    <g>0.2666712739846886</g>
    <t>-1.0301798070604675</t>
   </pm-column>
   <pm-column position='6'>
    <a>0.7212801742499853</a>
    <c>-0.03545068717077718</c>
    <g>-0.7885374762013705</g>
    <t>-1.0301798070604675</t>
   </pm-column>
   <pm-column position='7'>
    <a>-1.446021107619112</a>
    <c>-1.2577653238287598</c>
    <g>-2.17095893363032</g>
    <t>1.0671649656585682</t>
   </pm-column>
   <pm-column position='8'>
    <a>0.4519133197534474</a>
    <c>-0.7885374762013705</c>
    <g>-0.2294761866966032</g>
    <t>-0.036529909020657815</t>
   </pm-column>
   <pm-column position='9'>
    <a>0.7786375874488778</a>
    <c>-0.7885374762013705</c>
    <g>-0.4704365721438638</g>
    <t>-0.7373497355853892</t>
   </pm-column>
   <pm-column position='10'>
    <a>-0.036529909020657815</a>
    <c>-0.2294761866966032</c>
    <g>-1.2577653238287598</g>
    <t>0.5263562196846179</t>
   </pm-column>
   <pm-column position='11'>
    <a>0.37147972117465916</a>
    <c>-0.4704365721438638</c>
    <g>-0.7885374762013705</g>
    <t>0.18814113236497937</t>
   </pm-column>
   <pm-column position='12'>
    <a>-0.7373497355853892</a>
    <c>-0.7885374762013705</c>
    <g>0.12697687175003233</g>
    <t>0.5956392712012867</t>
   </pm-column>
   <pm-column position='13'>
    <a>0.28400618512691467</a>
    <c>-0.4704365721438638</c>
    <g>-0.4704365721438638</g>
    <t>0.18814113236497937</t>
   </pm-column>
   <pm-column position='14'>
    <a>0.9332713866291916</a>
    <c>-0.4704365721438638</c>
    <g>-2.17095893363032</g>
    <t>-1.0301798070604675</t>
   </pm-column>
   <pm-column position='15'>
    <a>-1.0301798070604675</a>
    <c>-0.7885374762013705</c>
    <g>0.12697687175003233</g>
    <t>0.660431630809266</t>
   </pm-column>
   <pm-column position='16'>
    <a>-2.17095893363032</a>
    <c>0.12697687175003233</c>
    <g>-0.2294761866966032</g>
    <t>0.660431630809266</t>
   </pm-column>
   <pm-column position='17'>
    <a>0.5956392712012867</a>
    <c>-1.2577653238287598</c>
    <g>0.2666712739846886</g>
    <t>-0.7373497355853892</t>
   </pm-column>
   <pm-column position='18'>
    <a>-0.5111300579314494</a>
    <c>0.2666712739846886</c>
    <g>0.6863707249492595</g>
    <t>-0.7373497355853892</t>
   </pm-column>
   <pm-column position='19'>
    <a>-1.0301798070604675</a>
    <c>0.2666712739846886</c>
    <g>-0.2294761866966032</g>
    <t>0.4519133197534474</t>
   </pm-column>
   <pm-column position='20'>
    <a>-0.036529909020657815</a>
    <c>-0.4704365721438638</c>
    <g>0.12697687175003233</g>
    <t>0.18814113236497937</t>
   </pm-column>
   <pm-column position='21'>
    <a>-2.17095893363032</a>
    <c>0.4983797217416312</c>
    <g>0.9151517611734107</g>
    <t>-1.0301798070604675</t>
   </pm-column>
   <pm-column position='22'>
    <a>-0.5111300579314494</a>
    <c>-0.2294761866966032</c>
    <g>0.8445514200817917</g>
    <t>-0.5111300579314494</t>
   </pm-column>
  </PWM>
 </motif>
</smallbismark>