<?xml version='1.0' encoding='UTF-8'?>
<smallbismark>
 <motif name='BPTF_HUMAN' id='BPTF_do' sample-size='24' sequence-count='20' coverage='0.8333333333333334' length='21'>
  <comment>HOCOMOCO v9; MAR2012; ChIPMunk v3.1</comment>
  <background>
   <a>0.29182</a>
   <c>0.20818</c>
   <g>0.20818</g>
   <t>0.29182</t>
  </background>
  <consensus>nGddbdKWdbbKndnnWGCYn</consensus>
  <WPCM words-count='20.0' length='21' dic='-17.946896553349596' kdic='11.165285030168107'>
   <pm-column position='1' dic='-1.0588651511994365' kdic='0.3274292099204539'>
    <a>9.25</a>
    <c>4.25</c>
    <g>3.25</g>
    <t>3.25</t>
   </pm-column>
   <pm-column position='2' dic='-0.40686979149989855' kdic='0.9794245696199919'>
    <a>0.0</a>
    <c>1.0</c>
    <g>17.0</g>
    <t>2.0</t>
   </pm-column>
   <pm-column position='3' dic='-0.7996147152197789' kdic='0.5866796459001119'>
    <a>4.0</a>
    <c>0.0</c>
    <g>4.0</g>
    <t>12.0</t>
   </pm-column>
   <pm-column position='4' dic='-0.8974178412457483' kdic='0.4888765198741426'>
    <a>8.0</a>
    <c>0.0</c>
    <g>4.0</g>
    <t>8.0</t>
   </pm-column>
   <pm-column position='5' dic='-1.0013899183297403' kdic='0.38490444279015046'>
    <a>1.0</a>
    <c>8.0</c>
    <g>4.0</g>
    <t>7.0</t>
   </pm-column>
   <pm-column position='6' dic='-0.8099966834585584' kdic='0.5762976776613318'>
    <a>3.0</a>
    <c>1.0</c>
    <g>3.0</g>
    <t>13.0</t>
   </pm-column>
   <pm-column position='7' dic='-0.8433881520845464' kdic='0.5429062090353443'>
    <a>1.0</a>
    <c>2.0</c>
    <g>5.0</g>
    <t>12.0</t>
   </pm-column>
   <pm-column position='8' dic='-0.9127028701434048' kdic='0.4735914909764861'>
    <a>5.0</a>
    <c>1.0</c>
    <g>3.0</g>
    <t>11.0</t>
   </pm-column>
   <pm-column position='9' dic='-0.8019407159985958' kdic='0.5843536451212947'>
    <a>2.0</a>
    <c>0.0</c>
    <g>9.0</g>
    <t>9.0</t>
   </pm-column>
   <pm-column position='10' dic='-0.9430096603219209' kdic='0.4432847007979694'>
    <a>1.0</a>
    <c>3.0</c>
    <g>6.0</g>
    <t>10.0</t>
   </pm-column>
   <pm-column position='11' dic='-0.9632829157273953' kdic='0.4230114453924953'>
    <a>1.0</a>
    <c>4.0</c>
    <g>5.0</g>
    <t>10.0</t>
   </pm-column>
   <pm-column position='12' dic='-0.7884575376540749' kdic='0.5978368234658152'>
    <a>1.0</a>
    <c>1.0</c>
    <g>6.0</g>
    <t>12.0</t>
   </pm-column>
   <pm-column position='13' dic='-0.9632829157215308' kdic='0.4230114453983598'>
    <a>2.0</a>
    <c>2.0</c>
    <g>6.0</g>
    <t>10.0</t>
   </pm-column>
   <pm-column position='14' dic='-1.0986854257824359' kdic='0.2876089353374548'>
    <a>4.0</a>
    <c>3.0</c>
    <g>5.0</g>
    <t>8.0</t>
   </pm-column>
   <pm-column position='15' dic='-1.122185607244726' kdic='0.26410875387516475'>
    <a>5.0</a>
    <c>5.0</c>
    <g>3.0</g>
    <t>7.0</t>
   </pm-column>
   <pm-column position='16' dic='-0.9632829157215308' kdic='0.4230114453983598'>
    <a>2.0</a>
    <c>6.0</c>
    <g>2.0</g>
    <t>10.0</t>
   </pm-column>
   <pm-column position='17' dic='-0.8780455111125434' kdic='0.5082488500073471'>
    <a>11.0</a>
    <c>1.0</c>
    <g>2.0</g>
    <t>6.0</t>
   </pm-column>
   <pm-column position='18' dic='-0.2970085626360216' kdic='1.0892857984838689'>
    <a>1.0</a>
    <c>0.0</c>
    <g>18.0</g>
    <t>1.0</t>
   </pm-column>
   <pm-column position='19' dic='-0.49359984427216796' kdic='0.8926945168477223'>
    <a>1.0</a>
    <c>16.0</c>
    <g>3.0</g>
    <t>0.0</t>
   </pm-column>
   <pm-column position='20' dic='-0.9209180227080385' kdic='0.46537633841185216'>
    <a>0.0</a>
    <c>7.0</c>
    <g>5.0</g>
    <t>8.0</t>
   </pm-column>
   <pm-column position='21' dic='-0.9829517952675004' kdic='0.40334256585239026'>
    <a>10.75</a>
    <c>2.75</c>
    <g>2.75</g>
    <t>3.75</t>
   </pm-column>
  </WPCM>
  <PPM words-count='20.0' length='21' kdic='11.165285030168107' dic='-17.946896553349596'>
   <pm-column position='1' dic='-1.0588651511994365' kdic='0.3274292099204539'>
    <a>0.4625</a>
    <c>0.2125</c>
    <g>0.1625</g>
    <t>0.1625</t>
   </pm-column>
   <pm-column position='2' dic='-0.40686979149989855' kdic='0.9794245696199919'>
    <a>0.0</a>
    <c>0.05</c>
    <g>0.85</g>
    <t>0.1</t>
   </pm-column>
   <pm-column position='3' dic='-0.7996147152197789' kdic='0.5866796459001119'>
    <a>0.2</a>
    <c>0.0</c>
    <g>0.2</g>
    <t>0.6</t>
   </pm-column>
   <pm-column position='4' dic='-0.8974178412457483' kdic='0.4888765198741426'>
    <a>0.4</a>
    <c>0.0</c>
    <g>0.2</g>
    <t>0.4</t>
   </pm-column>
   <pm-column position='5' dic='-1.0013899183297403' kdic='0.38490444279015046'>
    <a>0.05</a>
    <c>0.4</c>
    <g>0.2</g>
    <t>0.35</t>
   </pm-column>
   <pm-column position='6' dic='-0.8099966834585584' kdic='0.5762976776613318'>
    <a>0.15</a>
    <c>0.05</c>
    <g>0.15</g>
    <t>0.65</t>
   </pm-column>
   <pm-column position='7' dic='-0.8433881520845464' kdic='0.5429062090353443'>
    <a>0.05</a>
    <c>0.1</c>
    <g>0.25</g>
    <t>0.6</t>
   </pm-column>
   <pm-column position='8' dic='-0.9127028701434048' kdic='0.4735914909764861'>
    <a>0.25</a>
    <c>0.05</c>
    <g>0.15</g>
    <t>0.55</t>
   </pm-column>
   <pm-column position='9' dic='-0.8019407159985958' kdic='0.5843536451212947'>
    <a>0.1</a>
    <c>0.0</c>
    <g>0.45</g>
    <t>0.45</t>
   </pm-column>
   <pm-column position='10' dic='-0.9430096603219209' kdic='0.4432847007979694'>
    <a>0.05</a>
    <c>0.15</c>
    <g>0.3</g>
    <t>0.5</t>
   </pm-column>
   <pm-column position='11' dic='-0.9632829157273953' kdic='0.4230114453924953'>
    <a>0.05</a>
    <c>0.2</c>
    <g>0.25</g>
    <t>0.5</t>
   </pm-column>
   <pm-column position='12' dic='-0.7884575376540749' kdic='0.5978368234658152'>
    <a>0.05</a>
    <c>0.05</c>
    <g>0.3</g>
    <t>0.6</t>
   </pm-column>
   <pm-column position='13' dic='-0.9632829157215308' kdic='0.4230114453983598'>
    <a>0.1</a>
    <c>0.1</c>
    <g>0.3</g>
    <t>0.5</t>
   </pm-column>
   <pm-column position='14' dic='-1.0986854257824359' kdic='0.2876089353374548'>
    <a>0.2</a>
    <c>0.15</c>
    <g>0.25</g>
    <t>0.4</t>
   </pm-column>
   <pm-column position='15' dic='-1.122185607244726' kdic='0.26410875387516475'>
    <a>0.25</a>
    <c>0.25</c>
    <g>0.15</g>
    <t>0.35</t>
   </pm-column>
   <pm-column position='16' dic='-0.9632829157215308' kdic='0.4230114453983598'>
    <a>0.1</a>
    <c>0.3</c>
    <g>0.1</g>
    <t>0.5</t>
   </pm-column>
   <pm-column position='17' dic='-0.8780455111125434' kdic='0.5082488500073471'>
    <a>0.55</a>
    <c>0.05</c>
    <g>0.1</g>
    <t>0.3</t>
   </pm-column>
   <pm-column position='18' dic='-0.2970085626360216' kdic='1.0892857984838689'>
    <a>0.05</a>
    <c>0.0</c>
    <g>0.9</g>
    <t>0.05</t>
   </pm-column>
   <pm-column position='19' dic='-0.49359984427216796' kdic='0.8926945168477223'>
    <a>0.05</a>
    <c>0.8</c>
    <g>0.15</g>
    <t>0.0</t>
   </pm-column>
   <pm-column position='20' dic='-0.9209180227080385' kdic='0.46537633841185216'>
    <a>0.0</a>
    <c>0.35</c>
    <g>0.25</g>
    <t>0.4</t>
   </pm-column>
   <pm-column position='21' dic='-0.9829517952675004' kdic='0.40334256585239026'>
    <a>0.5375</a>
    <c>0.1375</c>
    <g>0.1375</g>
    <t>0.1875</t>
   </pm-column>
  </PPM>
  <PWM length='21' words-count='20.0'>
   <pm-column position='1'>
    <a>0.4112539143150211</a>
    <c>0.017867716798088323</c>
    <g>-0.21177739877034335</g>
    <t>-0.4868025068552999</t>
   </pm-column>
   <pm-column position='2'>
    <a>-2.0381199450233134</a>
    <c>-1.0812924254704646</c>
    <g>1.303264046967853</g>
    <t>-0.8479001095576094</t>
   </pm-column>
   <pm-column position='3'>
    <a>-0.31971860981875455</a>
    <c>-2.038119945023314</c>
    <g>-0.03479081959570861</g>
    <t>0.6515506086354119</t>
   </pm-column>
   <pm-column position='4'>
    <a>0.27947351835544565</a>
    <c>-2.038119945023314</c>
    <g>-0.03479081959570861</g>
    <t>0.27947351835544565</t>
   </pm-column>
   <pm-column position='5'>
    <a>-1.275492434239808</a>
    <c>0.5885316341683572</c>
    <g>-0.03479081959570861</g>
    <t>0.15991693158171663</t>
   </pm-column>
   <pm-column position='6'>
    <a>-0.5493353660641749</a>
    <c>-1.0812924254704646</c>
    <g>-0.2784925354516296</g>
    <t>0.7263562957795356</t>
   </pm-column>
   <pm-column position='7'>
    <a>-1.275492434239808</a>
    <c>-0.6014062492570107</c>
    <g>0.1610050733425616</g>
    <t>0.6515506086354119</t>
   </pm-column>
   <pm-column position='8'>
    <a>-0.1331047455878823</a>
    <c>-1.0812924254704646</c>
    <g>-0.2784925354516296</g>
    <t>0.5706932843933987</t>
   </pm-column>
   <pm-column position='9'>
    <a>-0.8479001095576094</a>
    <c>-2.038119945023314</c>
    <g>0.6982466310212241</g>
    <t>0.38625061363436203</t>
   </pm-column>
   <pm-column position='10'>
    <a>-1.275492434239808</a>
    <c>-0.2784925354516296</c>
    <g>0.32467031980979955</g>
    <t>0.4827183223991173</t>
   </pm-column>
   <pm-column position='11'>
    <a>-1.275492434239808</a>
    <c>-0.03479081959570861</c>
    <g>0.1610050733425616</g>
    <t>0.4827183223991173</t>
   </pm-column>
   <pm-column position='12'>
    <a>-1.275492434239808</a>
    <c>-1.0812924254704646</c>
    <g>0.32467031980979955</g>
    <t>0.6515506086354119</t>
   </pm-column>
   <pm-column position='13'>
    <a>-0.8479001095576094</a>
    <c>-0.6014062492570107</c>
    <g>0.32467031980979955</g>
    <t>0.4827183223991173</t>
   </pm-column>
   <pm-column position='14'>
    <a>-0.31971860981875455</a>
    <c>-0.2784925354516296</c>
    <g>0.1610050733425616</g>
    <t>0.27947351835544565</t>
   </pm-column>
   <pm-column position='15'>
    <a>-0.1331047455878823</a>
    <c>0.1610050733425616</c>
    <g>-0.2784925354516296</g>
    <t>0.15991693158171663</t>
   </pm-column>
   <pm-column position='16'>
    <a>-0.8479001095576094</a>
    <c>0.32467031980979955</c>
    <g>-0.6014062492570107</g>
    <t>0.4827183223991173</t>
   </pm-column>
   <pm-column position='17'>
    <a>0.5706932843933987</a>
    <c>-1.0812924254704646</c>
    <g>-0.6014062492570107</g>
    <t>0.02410062723289642</t>
   </pm-column>
   <pm-column position='18'>
    <a>-1.275492434239808</a>
    <c>-2.038119945023314</c>
    <g>1.3584545286333847</g>
    <t>-1.275492434239808</t>
   </pm-column>
   <pm-column position='19'>
    <a>-1.275492434239808</a>
    <c>1.2448487295388857</c>
    <g>-0.2784925354516296</g>
    <t>-2.0381199450233134</t>
   </pm-column>
   <pm-column position='20'>
    <a>-2.0381199450233134</a>
    <c>0.4652786961797193</c>
    <g>0.1610050733425616</g>
    <t>0.27947351835544565</t>
   </pm-column>
   <pm-column position='21'>
    <a>0.5494144385108244</a>
    <c>-0.34997878263607063</c>
    <g>-0.34997878263607063</g>
    <t>-0.3723712063493706</t>
   </pm-column>
  </PWM>
 </motif>
</smallbismark>