<?xml version='1.0' encoding='UTF-8'?>
<smallbismark>
 <motif name='FOSB_HUMAN' id='FOSB_f2' sample-size='21' sequence-count='16' coverage='0.7619047619047619' length='21'>
  <comment>HOCOMOCO v9; MAR2012; ChIPMunk v3.1</comment>
  <background>
   <a>0.29182</a>
   <c>0.20818</c>
   <g>0.20818</g>
   <t>0.29182</t>
  </background>
  <consensus>hbdKSYvWvTSAbWMMKRvYb</consensus>
  <WPCM words-count='16.0' length='21' dic='-17.252121397512113' kdic='11.86006018600559'>
   <pm-column position='1' dic='-0.9552641976947314' kdic='0.4310301634251593'>
    <a>3.125</a>
    <c>2.25</c>
    <g>2.125</g>
    <t>8.5</t>
   </pm-column>
   <pm-column position='2' dic='-1.037507446845618' kdic='0.3487869142742728'>
    <a>2.0</a>
    <c>4.25</c>
    <g>3.0</g>
    <t>6.75</t>
   </pm-column>
   <pm-column position='3' dic='-0.9641268826670811' kdic='0.42216747845280966'>
    <a>2.875</a>
    <c>1.0</c>
    <g>4.875</g>
    <t>7.25</t>
   </pm-column>
   <pm-column position='4' dic='-0.7604992069027712' kdic='0.6257951542171195'>
    <a>1.0</a>
    <c>1.0</c>
    <g>10.25</g>
    <t>3.75</t>
   </pm-column>
   <pm-column position='5' dic='-0.8138535437158121' kdic='0.5724408174040785'>
    <a>0.0</a>
    <c>4.0</c>
    <g>8.875</g>
    <t>3.125</t>
   </pm-column>
   <pm-column position='6' dic='-0.8518234544967027' kdic='0.5344709066231879'>
    <a>3.875</a>
    <c>8.125</c>
    <g>0.0</g>
    <t>4.0</t>
   </pm-column>
   <pm-column position='7' dic='-0.9530707250212184' kdic='0.4332236360986723'>
    <a>6.75</a>
    <c>2.0</c>
    <g>6.0</g>
    <t>1.25</t>
   </pm-column>
   <pm-column position='8' dic='-0.8689415013880049' kdic='0.5173528597318857'>
    <a>9.125</a>
    <c>1.0</c>
    <g>2.0</g>
    <t>3.875</t>
   </pm-column>
   <pm-column position='9' dic='-1.0032803705460378' kdic='0.383013990573853'>
    <a>3.875</a>
    <c>4.875</c>
    <g>6.25</g>
    <t>1.0</t>
   </pm-column>
   <pm-column position='10' dic='-0.39549604898298774' kdic='0.9907983121369028'>
    <a>3.0</a>
    <c>0.0</c>
    <g>0.0</g>
    <t>13.0</t>
   </pm-column>
   <pm-column position='11' dic='-0.6289978936302774' kdic='0.7572964674896132'>
    <a>0.875</a>
    <c>2.25</c>
    <g>11.875</g>
    <t>1.0</t>
   </pm-column>
   <pm-column position='12' dic='-0.2992182339202105' kdic='1.08707612719968'>
    <a>14.0</a>
    <c>0.0</c>
    <g>0.0</g>
    <t>2.0</t>
   </pm-column>
   <pm-column position='13' dic='-0.892907105471269' kdic='0.49338725564862146'>
    <a>1.0</a>
    <c>9.0</c>
    <g>3.0</g>
    <t>3.0</t>
   </pm-column>
   <pm-column position='14' dic='-0.8147216013616256' kdic='0.5715727597582649'>
    <a>3.125</a>
    <c>1.875</c>
    <g>1.0</g>
    <t>10.0</t>
   </pm-column>
   <pm-column position='15' dic='-0.8619567049627344' kdic='0.5243376561571562'>
    <a>6.125</a>
    <c>6.875</c>
    <g>3.0</g>
    <t>0.0</t>
   </pm-column>
   <pm-column position='16' dic='-0.6316357263908314' kdic='0.754658634729059'>
    <a>10.875</a>
    <c>4.125</c>
    <g>0.0</g>
    <t>1.0</t>
   </pm-column>
   <pm-column position='17' dic='-0.8684116210995538' kdic='0.5178827400203367'>
    <a>1.25</a>
    <c>1.0</c>
    <g>6.0</g>
    <t>7.75</t>
   </pm-column>
   <pm-column position='18' dic='-0.8062526535974639' kdic='0.5800417075224268'>
    <a>3.0</a>
    <c>1.0</c>
    <g>10.125</g>
    <t>1.875</t>
   </pm-column>
   <pm-column position='19' dic='-0.9520767883748285' kdic='0.43421757274506234'>
    <a>2.0</a>
    <c>5.875</c>
    <g>6.875</g>
    <t>1.25</t>
   </pm-column>
   <pm-column position='20' dic='-0.8749269759395355' kdic='0.5113673851803553'>
    <a>2.0</a>
    <c>4.0</c>
    <g>1.0</g>
    <t>9.0</t>
   </pm-column>
   <pm-column position='21' dic='-1.0171527145028167' kdic='0.36914164661707416'>
    <a>1.875</a>
    <c>3.0</c>
    <g>3.875</g>
    <t>7.25</t>
   </pm-column>
  </WPCM>
  <PPM words-count='16.0' length='21' kdic='11.86006018600559' dic='-17.252121397512113'>
   <pm-column position='1' dic='-0.9552641976947314' kdic='0.4310301634251593'>
    <a>0.1953125</a>
    <c>0.140625</c>
    <g>0.1328125</g>
    <t>0.53125</t>
   </pm-column>
   <pm-column position='2' dic='-1.037507446845618' kdic='0.3487869142742728'>
    <a>0.125</a>
    <c>0.265625</c>
    <g>0.1875</g>
    <t>0.421875</t>
   </pm-column>
   <pm-column position='3' dic='-0.9641268826670811' kdic='0.42216747845280966'>
    <a>0.1796875</a>
    <c>0.0625</c>
    <g>0.3046875</g>
    <t>0.453125</t>
   </pm-column>
   <pm-column position='4' dic='-0.7604992069027712' kdic='0.6257951542171195'>
    <a>0.0625</a>
    <c>0.0625</c>
    <g>0.640625</g>
    <t>0.234375</t>
   </pm-column>
   <pm-column position='5' dic='-0.8138535437158121' kdic='0.5724408174040785'>
    <a>0.0</a>
    <c>0.25</c>
    <g>0.5546875</g>
    <t>0.1953125</t>
   </pm-column>
   <pm-column position='6' dic='-0.8518234544967027' kdic='0.5344709066231879'>
    <a>0.2421875</a>
    <c>0.5078125</c>
    <g>0.0</g>
    <t>0.25</t>
   </pm-column>
   <pm-column position='7' dic='-0.9530707250212184' kdic='0.4332236360986723'>
    <a>0.421875</a>
    <c>0.125</c>
    <g>0.375</g>
    <t>0.078125</t>
   </pm-column>
   <pm-column position='8' dic='-0.8689415013880049' kdic='0.5173528597318857'>
    <a>0.5703125</a>
    <c>0.0625</c>
    <g>0.125</g>
    <t>0.2421875</t>
   </pm-column>
   <pm-column position='9' dic='-1.0032803705460378' kdic='0.383013990573853'>
    <a>0.2421875</a>
    <c>0.3046875</c>
    <g>0.390625</g>
    <t>0.0625</t>
   </pm-column>
   <pm-column position='10' dic='-0.39549604898298774' kdic='0.9907983121369028'>
    <a>0.1875</a>
    <c>0.0</c>
    <g>0.0</g>
    <t>0.8125</t>
   </pm-column>
   <pm-column position='11' dic='-0.6289978936302774' kdic='0.7572964674896132'>
    <a>0.0546875</a>
    <c>0.140625</c>
    <g>0.7421875</g>
    <t>0.0625</t>
   </pm-column>
   <pm-column position='12' dic='-0.2992182339202105' kdic='1.08707612719968'>
    <a>0.875</a>
    <c>0.0</c>
    <g>0.0</g>
    <t>0.125</t>
   </pm-column>
   <pm-column position='13' dic='-0.892907105471269' kdic='0.49338725564862146'>
    <a>0.0625</a>
    <c>0.5625</c>
    <g>0.1875</g>
    <t>0.1875</t>
   </pm-column>
   <pm-column position='14' dic='-0.8147216013616256' kdic='0.5715727597582649'>
    <a>0.1953125</a>
    <c>0.1171875</c>
    <g>0.0625</g>
    <t>0.625</t>
   </pm-column>
   <pm-column position='15' dic='-0.8619567049627344' kdic='0.5243376561571562'>
    <a>0.3828125</a>
    <c>0.4296875</c>
    <g>0.1875</g>
    <t>0.0</t>
   </pm-column>
   <pm-column position='16' dic='-0.6316357263908314' kdic='0.754658634729059'>
    <a>0.6796875</a>
    <c>0.2578125</c>
    <g>0.0</g>
    <t>0.0625</t>
   </pm-column>
   <pm-column position='17' dic='-0.8684116210995538' kdic='0.5178827400203367'>
    <a>0.078125</a>
    <c>0.0625</c>
    <g>0.375</g>
    <t>0.484375</t>
   </pm-column>
   <pm-column position='18' dic='-0.8062526535974639' kdic='0.5800417075224268'>
    <a>0.1875</a>
    <c>0.0625</c>
    <g>0.6328125</g>
    <t>0.1171875</t>
   </pm-column>
   <pm-column position='19' dic='-0.9520767883748285' kdic='0.43421757274506234'>
    <a>0.125</a>
    <c>0.3671875</c>
    <g>0.4296875</g>
    <t>0.078125</t>
   </pm-column>
   <pm-column position='20' dic='-0.8749269759395355' kdic='0.5113673851803553'>
    <a>0.125</a>
    <c>0.25</c>
    <g>0.0625</g>
    <t>0.5625</t>
   </pm-column>
   <pm-column position='21' dic='-1.0171527145028167' kdic='0.36914164661707416'>
    <a>0.1171875</a>
    <c>0.1875</c>
    <g>0.2421875</g>
    <t>0.453125</t>
   </pm-column>
  </PPM>
  <PWM length='21' words-count='16.0'>
   <pm-column position='1'>
    <a>-0.33108578476271017</a>
    <c>-0.3237772262832458</c>
    <g>-0.3689976245217762</g>
    <t>0.5302268297999178</t>
   </pm-column>
   <pm-column position='2'>
    <a>-0.6679053976265219</a>
    <c>0.2112010331532063</c>
    <g>-0.08848444017988784</g>
    <t>0.3219861528746708</t>
   </pm-column>
   <pm-column position='3'>
    <a>-0.39674193608540465</a>
    <c>-0.9074100423652394</c>
    <g>0.33295339641093064</g>
    <t>0.38603603584741725</t>
   </pm-column>
   <pm-column position='4'>
    <a>-1.107943194598208</a>
    <c>-0.9074100423652394</c>
    <g>1.0189947493849962</g>
    <t>-0.18364213327278425</t>
   </pm-column>
   <pm-column position='5'>
    <a>-1.912616318623878</a>
    <c>0.15802201757678103</c>
    <g>0.8831809197321584</g>
    <t>-0.33108578476271017</t>
   </pm-column>
   <pm-column position='6'>
    <a>-0.15659348090152317</a>
    <c>0.8005093621338855</c>
    <g>-1.912616318623878</g>
    <t>-0.13025723089064548</t>
   </pm-column>
   <pm-column position='7'>
    <a>0.3219861528746708</a>
    <c>-0.41636015765617884</c>
    <g>0.5205429996272825</g>
    <t>-0.978502615742989</t>
   </pm-column>
   <pm-column position='8'>
    <a>0.5952078041316546</a>
    <c>-0.9074100423652394</c>
    <g>-0.41636015765617884</g>
    <t>-0.15659348090152317</t>
   </pm-column>
   <pm-column position='9'>
    <a>-0.15659348090152317</a>
    <c>0.33295339641093064</c>
    <g>0.5578484529534634</g>
    <t>-1.107943194598208</t>
   </pm-column>
   <pm-column position='10'>
    <a>-0.36337511590374605</a>
    <c>-1.912616318623878</c>
    <g>-1.912616318623878</g>
    <t>0.9245627660299897</t>
   </pm-column>
   <pm-column position='11'>
    <a>-1.1795420355399275</a>
    <c>-0.3237772262832458</c>
    <g>1.1588304530388027</g>
    <t>-1.107943194598208</t>
   </pm-column>
   <pm-column position='12'>
    <a>0.9944769054549004</a>
    <c>-1.912616318623878</c>
    <g>-1.912616318623878</g>
    <t>-0.6679053976265219</t>
   </pm-column>
   <pm-column position='13'>
    <a>-1.107943194598208</a>
    <c>0.8963186605728887</c>
    <g>-0.08848444017988784</g>
    <t>-0.36337511590374605</t>
   </pm-column>
   <pm-column position='14'>
    <a>-0.33108578476271017</a>
    <c>-0.4660779116728655</c>
    <g>-0.9074100423652394</g>
    <t>0.6796230227684809</t>
   </pm-column>
   <pm-column position='15'>
    <a>0.2356850963486472</a>
    <c>0.6454429839551301</c>
    <g>-0.08848444017988784</g>
    <t>-1.912616318623878</t>
   </pm-column>
   <pm-column position='16'>
    <a>0.7574637043618159</a>
    <c>0.18496498468074485</c>
    <g>-1.912616318623878</g>
    <t>-1.107943194598208</t>
   </pm-column>
   <pm-column position='17'>
    <a>-0.978502615742989</a>
    <c>-0.9074100423652394</c>
    <g>0.5205429996272825</g>
    <t>0.44622930796838794</t>
   </pm-column>
   <pm-column position='18'>
    <a>-0.36337511590374605</a>
    <c>-0.9074100423652394</c>
    <g>1.0073826017955103</g>
    <t>-0.7134243327468479</t>
   </pm-column>
   <pm-column position='19'>
    <a>-0.6679053976265219</a>
    <c>0.5013550649899153</c>
    <g>0.6454429839551301</g>
    <t>-0.978502615742989</t>
   </pm-column>
   <pm-column position='20'>
    <a>-0.6679053976265219</a>
    <c>0.15802201757678103</c>
    <g>-0.9074100423652394</g>
    <t>0.5825450268796792</t>
   </pm-column>
   <pm-column position='21'>
    <a>-0.7134243327468479</a>
    <c>-0.08848444017988784</c>
    <g>0.1303329792432815</g>
    <t>0.38603603584741725</t>
   </pm-column>
  </PWM>
 </motif>
</smallbismark>