<?xml version='1.0' encoding='UTF-8'?>
<smallbismark>
 <motif name='FOXH1_HUMAN' id='FOXH1_f2' sample-size='6' sequence-count='6' coverage='1.0' length='20'>
  <comment>HOCOMOCO v9; MAR2012; ChIPMunk v3.1</comment>
  <background>
   <a>0.29182</a>
   <c>0.20818</c>
   <g>0.20818</g>
   <t>0.29182</t>
  </background>
  <consensus>MWAAdATGTGGATTGMRWRK</consensus>
  <WPCM words-count='6.0' length='20' dic='-7.198554495804849' kdic='20.527332726592956'>
   <pm-column position='1' dic='-0.6004697959061662' kdic='0.7858245652137233'>
    <a>2.4519230769230758</a>
    <c>3.0288461538461515</c>
    <g>0.2596153846153848</g>
    <t>0.2596153846153848</t>
   </pm-column>
   <pm-column position='2' dic='-0.6958619504797218' kdic='0.6904324106401672'>
    <a>2.19230769230769</a>
    <c>0.0</c>
    <g>1.0384615384615379</g>
    <t>2.769230769230766</t>
   </pm-column>
   <pm-column position='3' dic='-0.30675179608240627' kdic='1.0795425650374841'>
    <a>4.961538461538462</a>
    <c>0.0</c>
    <g>1.0384615384615379</g>
    <t>0.0</t>
   </pm-column>
   <pm-column position='4' dic='-0.4681585834634066' kdic='0.9181357776564839'>
    <a>3.80769230769231</a>
    <c>0.0</c>
    <g>2.19230769230769</g>
    <t>0.0</t>
   </pm-column>
   <pm-column position='5' dic='-0.5804876166005907' kdic='0.8058067445192999'>
    <a>3.923076923076924</a>
    <c>0.0</c>
    <g>1.0384615384615379</g>
    <t>1.0384615384615379</t>
   </pm-column>
   <pm-column position='6' dic='-0.3299385527269534' kdic='1.0563558083929359'>
    <a>4.846153846153842</a>
    <c>0.0</c>
    <g>0.0</g>
    <t>1.153846153846152</t>
   </pm-column>
   <pm-column position='7' dic='0.0' kdic='1.3862943611198906'>
    <a>0.0</a>
    <c>0.0</c>
    <g>0.0</g>
    <t>6.0</t>
   </pm-column>
   <pm-column position='8' dic='0.0' kdic='1.3862943611198906'>
    <a>0.0</a>
    <c>0.0</c>
    <g>6.0</g>
    <t>0.0</t>
   </pm-column>
   <pm-column position='9' dic='0.0' kdic='1.3862943611198906'>
    <a>0.0</a>
    <c>0.0</c>
    <g>0.0</g>
    <t>6.0</t>
   </pm-column>
   <pm-column position='10' dic='0.0' kdic='1.3862943611198906'>
    <a>0.0</a>
    <c>0.0</c>
    <g>6.0</g>
    <t>0.0</t>
   </pm-column>
   <pm-column position='11' dic='-0.4967678034685341' kdic='0.889526557651355'>
    <a>0.0</a>
    <c>0.0</c>
    <g>3.230769230769228</g>
    <t>2.769230769230766</t>
   </pm-column>
   <pm-column position='12' dic='0.0' kdic='1.3862943611198906'>
    <a>6.0</a>
    <c>0.0</c>
    <g>0.0</g>
    <t>0.0</t>
   </pm-column>
   <pm-column position='13' dic='0.0' kdic='1.3862943611198906'>
    <a>0.0</a>
    <c>0.0</c>
    <g>0.0</g>
    <t>6.0</t>
   </pm-column>
   <pm-column position='14' dic='0.0' kdic='1.3862943611198906'>
    <a>0.0</a>
    <c>0.0</c>
    <g>0.0</g>
    <t>6.0</t>
   </pm-column>
   <pm-column position='15' dic='-0.4967678034685341' kdic='0.889526557651355'>
    <a>0.0</a>
    <c>2.769230769230766</c>
    <g>3.230769230769228</g>
    <t>0.0</t>
   </pm-column>
   <pm-column position='16' dic='-0.5995846405876228' kdic='0.7867097205322677'>
    <a>1.153846153846152</a>
    <c>3.80769230769231</c>
    <g>1.0384615384615379</g>
    <t>0.0</t>
   </pm-column>
   <pm-column position='17' dic='-0.6958619504797218' kdic='0.6904324106401672'>
    <a>2.769230769230766</a>
    <c>0.0</c>
    <g>2.19230769230769</g>
    <t>1.0384615384615379</t>
   </pm-column>
   <pm-column position='18' dic='-0.5995846405876227' kdic='0.7867097205322677'>
    <a>1.153846153846152</a>
    <c>0.0</c>
    <g>1.0384615384615379</g>
    <t>3.80769230769231</t>
   </pm-column>
   <pm-column position='19' dic='-0.5995846405876227' kdic='0.7867097205322677'>
    <a>1.153846153846152</a>
    <c>1.0384615384615379</c>
    <g>3.80769230769231</g>
    <t>0.0</t>
   </pm-column>
   <pm-column position='20' dic='-0.7287347213659444' kdic='0.6575596397539457'>
    <a>0.2596153846153848</a>
    <c>1.298076923076924</c>
    <g>3.0288461538461515</g>
    <t>1.4134615384615379</t>
   </pm-column>
  </WPCM>
  <PPM words-count='6.0' length='20' kdic='20.527332726592956' dic='-7.198554495804849'>
   <pm-column position='1' dic='-0.6004697959061662' kdic='0.7858245652137233'>
    <a>0.408653846153846</a>
    <c>0.504807692307692</c>
    <g>0.0432692307692308</g>
    <t>0.0432692307692308</t>
   </pm-column>
   <pm-column position='2' dic='-0.6958619504797218' kdic='0.6904324106401672'>
    <a>0.365384615384615</a>
    <c>0.0</c>
    <g>0.173076923076923</g>
    <t>0.461538461538461</t>
   </pm-column>
   <pm-column position='3' dic='-0.30675179608240627' kdic='1.0795425650374841'>
    <a>0.826923076923077</a>
    <c>0.0</c>
    <g>0.173076923076923</g>
    <t>0.0</t>
   </pm-column>
   <pm-column position='4' dic='-0.4681585834634066' kdic='0.9181357776564839'>
    <a>0.634615384615385</a>
    <c>0.0</c>
    <g>0.365384615384615</g>
    <t>0.0</t>
   </pm-column>
   <pm-column position='5' dic='-0.5804876166005907' kdic='0.8058067445192999'>
    <a>0.653846153846154</a>
    <c>0.0</c>
    <g>0.173076923076923</g>
    <t>0.173076923076923</t>
   </pm-column>
   <pm-column position='6' dic='-0.3299385527269534' kdic='1.0563558083929359'>
    <a>0.807692307692307</a>
    <c>0.0</c>
    <g>0.0</g>
    <t>0.192307692307692</t>
   </pm-column>
   <pm-column position='7' dic='0.0' kdic='1.3862943611198906'>
    <a>0.0</a>
    <c>0.0</c>
    <g>0.0</g>
    <t>1.0</t>
   </pm-column>
   <pm-column position='8' dic='0.0' kdic='1.3862943611198906'>
    <a>0.0</a>
    <c>0.0</c>
    <g>1.0</g>
    <t>0.0</t>
   </pm-column>
   <pm-column position='9' dic='0.0' kdic='1.3862943611198906'>
    <a>0.0</a>
    <c>0.0</c>
    <g>0.0</g>
    <t>1.0</t>
   </pm-column>
   <pm-column position='10' dic='0.0' kdic='1.3862943611198906'>
    <a>0.0</a>
    <c>0.0</c>
    <g>1.0</g>
    <t>0.0</t>
   </pm-column>
   <pm-column position='11' dic='-0.4967678034685341' kdic='0.889526557651355'>
    <a>0.0</a>
    <c>0.0</c>
    <g>0.538461538461538</g>
    <t>0.461538461538461</t>
   </pm-column>
   <pm-column position='12' dic='0.0' kdic='1.3862943611198906'>
    <a>1.0</a>
    <c>0.0</c>
    <g>0.0</g>
    <t>0.0</t>
   </pm-column>
   <pm-column position='13' dic='0.0' kdic='1.3862943611198906'>
    <a>0.0</a>
    <c>0.0</c>
    <g>0.0</g>
    <t>1.0</t>
   </pm-column>
   <pm-column position='14' dic='0.0' kdic='1.3862943611198906'>
    <a>0.0</a>
    <c>0.0</c>
    <g>0.0</g>
    <t>1.0</t>
   </pm-column>
   <pm-column position='15' dic='-0.4967678034685341' kdic='0.889526557651355'>
    <a>0.0</a>
    <c>0.461538461538461</c>
    <g>0.538461538461538</g>
    <t>0.0</t>
   </pm-column>
   <pm-column position='16' dic='-0.5995846405876228' kdic='0.7867097205322677'>
    <a>0.192307692307692</a>
    <c>0.634615384615385</c>
    <g>0.173076923076923</g>
    <t>0.0</t>
   </pm-column>
   <pm-column position='17' dic='-0.6958619504797218' kdic='0.6904324106401672'>
    <a>0.461538461538461</a>
    <c>0.0</c>
    <g>0.365384615384615</g>
    <t>0.173076923076923</t>
   </pm-column>
   <pm-column position='18' dic='-0.5995846405876227' kdic='0.7867097205322677'>
    <a>0.192307692307692</a>
    <c>0.0</c>
    <g>0.173076923076923</g>
    <t>0.634615384615385</t>
   </pm-column>
   <pm-column position='19' dic='-0.5995846405876227' kdic='0.7867097205322677'>
    <a>0.192307692307692</a>
    <c>0.173076923076923</c>
    <g>0.634615384615385</g>
    <t>0.0</t>
   </pm-column>
   <pm-column position='20' dic='-0.7287347213659444' kdic='0.6575596397539457'>
    <a>0.0432692307692308</a>
    <c>0.216346153846154</c>
    <g>0.504807692307692</g>
    <t>0.235576923076923</t>
   </pm-column>
  </PPM>
  <PWM length='20' words-count='6.0'>
   <pm-column position='1'>
    <a>0.26873931533401274</a>
    <c>0.7405865655039562</c>
    <g>-0.9416028184689897</g>
    <t>-1.0667217960763835</t>
   </pm-column>
   <pm-column position='2'>
    <a>0.17742200729283633</a>
    <c>-1.4698686161422145</c>
    <g>-0.13909904799252004</g>
    <t>0.370090952268682</t>
   </pm-column>
   <pm-column position='3'>
    <a>0.8804751510691252</a>
    <c>-1.4698686161422145</c>
    <g>-0.13909904799252004</g>
    <t>-1.4698686161422145</t>
   </pm-column>
   <pm-column position='4'>
    <a>0.6442629663745228</a>
    <c>-1.4698686161422145</c>
    <g>0.4583483285630953</g>
    <t>-1.4698686161422145</t>
   </pm-column>
   <pm-column position='5'>
    <a>0.6705584888845817</a>
    <c>-1.4698686161422145</c>
    <g>-0.13909904799252004</g>
    <t>-0.37589829050914053</t>
   </pm-column>
   <pm-column position='6'>
    <a>0.8592119951787328</a>
    <c>-1.4698686161422145</c>
    <g>-1.4698686161422145</g>
    <t>-0.30459977917936937</t>
   </pm-column>
   <pm-column position='7'>
    <a>-1.4698686161422145</a>
    <c>-1.4698686161422145</c>
    <g>-1.4698686161422145</g>
    <t>1.0538805761112382</t>
   </pm-column>
   <pm-column position='8'>
    <a>-1.4698686161422145</a>
    <c>-1.4698686161422145</c>
    <g>1.36833631753418</g>
    <t>-1.4698686161422145</t>
   </pm-column>
   <pm-column position='9'>
    <a>-1.4698686161422145</a>
    <c>-1.4698686161422145</c>
    <g>-1.4698686161422145</g>
    <t>1.0538805761112382</t>
   </pm-column>
   <pm-column position='10'>
    <a>-1.4698686161422145</a>
    <c>-1.4698686161422145</c>
    <g>1.36833631753418</g>
    <t>-1.4698686161422145</t>
   </pm-column>
   <pm-column position='11'>
    <a>-1.4698686161422145</a>
    <c>-1.4698686161422145</c>
    <g>0.7982483254415564</g>
    <t>0.370090952268682</t>
   </pm-column>
   <pm-column position='12'>
    <a>1.0538805761112382</a>
    <c>-1.4698686161422145</c>
    <g>-1.4698686161422145</g>
    <t>-1.4698686161422145</t>
   </pm-column>
   <pm-column position='13'>
    <a>-1.4698686161422145</a>
    <c>-1.4698686161422145</c>
    <g>-1.4698686161422145</g>
    <t>1.0538805761112382</t>
   </pm-column>
   <pm-column position='14'>
    <a>-1.4698686161422145</a>
    <c>-1.4698686161422145</c>
    <g>-1.4698686161422145</g>
    <t>1.0538805761112382</t>
   </pm-column>
   <pm-column position='15'>
    <a>-1.4698686161422145</a>
    <c>0.6612016850339434</c>
    <g>0.7982483254415564</g>
    <t>-1.4698686161422145</t>
   </pm-column>
   <pm-column position='16'>
    <a>-0.30459977917936937</a>
    <c>0.9467442349702553</c>
    <g>-0.13909904799252004</g>
    <t>-1.4698686161422145</t>
   </pm-column>
   <pm-column position='17'>
    <a>0.370090952268682</a>
    <c>-1.4698686161422145</c>
    <g>0.4583483285630953</g>
    <t>-0.37589829050914053</t>
   </pm-column>
   <pm-column position='18'>
    <a>-0.30459977917936937</a>
    <c>-1.4698686161422145</c>
    <g>-0.13909904799252004</g>
    <t>0.6442629663745228</t>
   </pm-column>
   <pm-column position='19'>
    <a>-0.30459977917936937</a>
    <c>-0.13909904799252004</c>
    <g>0.9467442349702553</g>
    <t>-1.4698686161422145</t>
   </pm-column>
   <pm-column position='20'>
    <a>-1.0667217960763835</a>
    <c>0.02974167296365962</c>
    <g>0.7405865655039562</g>
    <t>-0.16064120613475139</t>
   </pm-column>
  </PWM>
 </motif>
</smallbismark>