<?xml version='1.0' encoding='UTF-8'?>
<smallbismark>
 <motif name='HXC13_HUMAN' id='HXC13_f2' sample-size='10' sequence-count='10' coverage='1.0' length='25'>
  <comment>HOCOMOCO v9; MAR2012; ChIPMunk v3.1</comment>
  <background>
   <a>0.29182</a>
   <c>0.20818</c>
   <g>0.20818</g>
   <t>0.29182</t>
  </background>
  <consensus>WnddvhnnvTTTThATKRRvWbWRG</consensus>
  <WPCM words-count='10.0' length='25' dic='-16.76343655227352' kdic='17.89392247572374'>
   <pm-column position='1' dic='-0.6323432675698555' kdic='0.753951093550035'>
    <a>4.25</a>
    <c>0.25</c>
    <g>0.25</g>
    <t>5.25</t>
   </pm-column>
   <pm-column position='2' dic='-0.8930626469056223' kdic='0.49323171421426837'>
    <a>1.0</a>
    <c>2.0</c>
    <g>5.0</g>
    <t>2.0</t>
   </pm-column>
   <pm-column position='3' dic='-0.9441452092879434' kdic='0.44214915183194725'>
    <a>2.0</a>
    <c>1.0</c>
    <g>4.0</g>
    <t>3.0</t>
   </pm-column>
   <pm-column position='4' dic='-0.7138866999828171' kdic='0.6724076611370735'>
    <a>2.0</a>
    <c>0.0</c>
    <g>6.0</g>
    <t>2.0</t>
   </pm-column>
   <pm-column position='5' dic='-0.7138866999828172' kdic='0.6724076611370735'>
    <a>2.0</a>
    <c>2.0</c>
    <g>6.0</g>
    <t>0.0</t>
   </pm-column>
   <pm-column position='6' dic='-0.9441452092879434' kdic='0.44214915183194714'>
    <a>3.0</a>
    <c>4.0</c>
    <g>1.0</g>
    <t>2.0</t>
   </pm-column>
   <pm-column position='7' dic='-0.852516136106402' kdic='0.5337782250134886'>
    <a>3.0</a>
    <c>1.0</c>
    <g>1.0</g>
    <t>5.0</t>
   </pm-column>
   <pm-column position='8' dic='-0.9846917200871637' kdic='0.4016026410327271'>
    <a>2.0</a>
    <c>2.0</c>
    <g>2.0</g>
    <t>4.0</t>
   </pm-column>
   <pm-column position='9' dic='-0.8342839804268609' kdic='0.5520103806930295'>
    <a>4.0</a>
    <c>3.0</c>
    <g>3.0</g>
    <t>0.0</t>
   </pm-column>
   <pm-column position='10' dic='-0.47874917427806557' kdic='0.9075451868418251'>
    <a>0.0</a>
    <c>3.0</c>
    <g>0.0</g>
    <t>7.0</t>
   </pm-column>
   <pm-column position='11' dic='-0.47874917427806557' kdic='0.9075451868418251'>
    <a>3.0</a>
    <c>0.0</c>
    <g>0.0</g>
    <t>7.0</t>
   </pm-column>
   <pm-column position='12' dic='-0.38066624897116413' kdic='1.0056281121487265'>
    <a>2.0</a>
    <c>0.0</c>
    <g>0.0</g>
    <t>8.0</t>
   </pm-column>
   <pm-column position='13' dic='-0.23025850929940467' kdic='1.1560358518204858'>
    <a>1.0</a>
    <c>0.0</c>
    <g>0.0</g>
    <t>9.0</t>
   </pm-column>
   <pm-column position='14' dic='-0.7138866999828171' kdic='0.6724076611370734'>
    <a>6.0</a>
    <c>2.0</c>
    <g>0.0</g>
    <t>2.0</t>
   </pm-column>
   <pm-column position='15' dic='-0.5347107530717408' kdic='0.8515836080481499'>
    <a>6.0</a>
    <c>0.0</c>
    <g>0.0</g>
    <t>4.0</t>
   </pm-column>
   <pm-column position='16' dic='-0.47874917427806557' kdic='0.9075451868418251'>
    <a>3.0</a>
    <c>0.0</c>
    <g>0.0</g>
    <t>7.0</t>
   </pm-column>
   <pm-column position='17' dic='-0.673340189183597' kdic='0.7129541719362937'>
    <a>1.0</a>
    <c>0.0</c>
    <g>6.0</g>
    <t>3.0</t>
   </pm-column>
   <pm-column position='18' dic='-0.673340189183597' kdic='0.7129541719362937'>
    <a>3.0</a>
    <c>0.0</c>
    <g>6.0</g>
    <t>1.0</t>
   </pm-column>
   <pm-column position='19' dic='-0.7832014180445398' kdic='0.603092943075351'>
    <a>5.0</a>
    <c>2.0</c>
    <g>3.0</g>
    <t>0.0</t>
   </pm-column>
   <pm-column position='20' dic='-0.7138866999828171' kdic='0.6724076611370734'>
    <a>6.0</a>
    <c>2.0</c>
    <g>2.0</g>
    <t>0.0</t>
   </pm-column>
   <pm-column position='21' dic='-0.7138866999945458' kdic='0.6724076611253449'>
    <a>5.0</a>
    <c>0.0</c>
    <g>1.0</g>
    <t>4.0</t>
   </pm-column>
   <pm-column position='22' dic='-0.7138866999828171' kdic='0.6724076611370735'>
    <a>0.0</a>
    <c>2.0</c>
    <g>6.0</g>
    <t>2.0</t>
   </pm-column>
   <pm-column position='23' dic='-0.7138866999945458' kdic='0.6724076611253449'>
    <a>5.0</a>
    <c>1.0</c>
    <g>0.0</g>
    <t>4.0</t>
   </pm-column>
   <pm-column position='24' dic='-0.5886104031391481' kdic='0.7976839579807425'>
    <a>2.0</a>
    <c>0.0</c>
    <g>7.0</g>
    <t>1.0</t>
   </pm-column>
   <pm-column position='25' dic='-0.38066624897116413' kdic='1.0056281121487265'>
    <a>2.0</a>
    <c>0.0</c>
    <g>8.0</g>
    <t>0.0</t>
   </pm-column>
  </WPCM>
  <PPM words-count='10.0' length='25' kdic='17.89392247572374' dic='-16.76343655227352'>
   <pm-column position='1' dic='-0.6323432675698555' kdic='0.753951093550035'>
    <a>0.425</a>
    <c>0.025</c>
    <g>0.025</g>
    <t>0.525</t>
   </pm-column>
   <pm-column position='2' dic='-0.8930626469056223' kdic='0.49323171421426837'>
    <a>0.1</a>
    <c>0.2</c>
    <g>0.5</g>
    <t>0.2</t>
   </pm-column>
   <pm-column position='3' dic='-0.9441452092879434' kdic='0.44214915183194725'>
    <a>0.2</a>
    <c>0.1</c>
    <g>0.4</g>
    <t>0.3</t>
   </pm-column>
   <pm-column position='4' dic='-0.7138866999828171' kdic='0.6724076611370735'>
    <a>0.2</a>
    <c>0.0</c>
    <g>0.6</g>
    <t>0.2</t>
   </pm-column>
   <pm-column position='5' dic='-0.7138866999828172' kdic='0.6724076611370735'>
    <a>0.2</a>
    <c>0.2</c>
    <g>0.6</g>
    <t>0.0</t>
   </pm-column>
   <pm-column position='6' dic='-0.9441452092879434' kdic='0.44214915183194714'>
    <a>0.3</a>
    <c>0.4</c>
    <g>0.1</g>
    <t>0.2</t>
   </pm-column>
   <pm-column position='7' dic='-0.852516136106402' kdic='0.5337782250134886'>
    <a>0.3</a>
    <c>0.1</c>
    <g>0.1</g>
    <t>0.5</t>
   </pm-column>
   <pm-column position='8' dic='-0.9846917200871637' kdic='0.4016026410327271'>
    <a>0.2</a>
    <c>0.2</c>
    <g>0.2</g>
    <t>0.4</t>
   </pm-column>
   <pm-column position='9' dic='-0.8342839804268609' kdic='0.5520103806930295'>
    <a>0.4</a>
    <c>0.3</c>
    <g>0.3</g>
    <t>0.0</t>
   </pm-column>
   <pm-column position='10' dic='-0.47874917427806557' kdic='0.9075451868418251'>
    <a>0.0</a>
    <c>0.3</c>
    <g>0.0</g>
    <t>0.7</t>
   </pm-column>
   <pm-column position='11' dic='-0.47874917427806557' kdic='0.9075451868418251'>
    <a>0.3</a>
    <c>0.0</c>
    <g>0.0</g>
    <t>0.7</t>
   </pm-column>
   <pm-column position='12' dic='-0.38066624897116413' kdic='1.0056281121487265'>
    <a>0.2</a>
    <c>0.0</c>
    <g>0.0</g>
    <t>0.8</t>
   </pm-column>
   <pm-column position='13' dic='-0.23025850929940467' kdic='1.1560358518204858'>
    <a>0.1</a>
    <c>0.0</c>
    <g>0.0</g>
    <t>0.9</t>
   </pm-column>
   <pm-column position='14' dic='-0.7138866999828171' kdic='0.6724076611370734'>
    <a>0.6</a>
    <c>0.2</c>
    <g>0.0</g>
    <t>0.2</t>
   </pm-column>
   <pm-column position='15' dic='-0.5347107530717408' kdic='0.8515836080481499'>
    <a>0.6</a>
    <c>0.0</c>
    <g>0.0</g>
    <t>0.4</t>
   </pm-column>
   <pm-column position='16' dic='-0.47874917427806557' kdic='0.9075451868418251'>
    <a>0.3</a>
    <c>0.0</c>
    <g>0.0</g>
    <t>0.7</t>
   </pm-column>
   <pm-column position='17' dic='-0.673340189183597' kdic='0.7129541719362937'>
    <a>0.1</a>
    <c>0.0</c>
    <g>0.6</g>
    <t>0.3</t>
   </pm-column>
   <pm-column position='18' dic='-0.673340189183597' kdic='0.7129541719362937'>
    <a>0.3</a>
    <c>0.0</c>
    <g>0.6</g>
    <t>0.1</t>
   </pm-column>
   <pm-column position='19' dic='-0.7832014180445398' kdic='0.603092943075351'>
    <a>0.5</a>
    <c>0.2</c>
    <g>0.3</g>
    <t>0.0</t>
   </pm-column>
   <pm-column position='20' dic='-0.7138866999828171' kdic='0.6724076611370734'>
    <a>0.6</a>
    <c>0.2</c>
    <g>0.2</g>
    <t>0.0</t>
   </pm-column>
   <pm-column position='21' dic='-0.7138866999945458' kdic='0.6724076611253449'>
    <a>0.5</a>
    <c>0.0</c>
    <g>0.1</g>
    <t>0.4</t>
   </pm-column>
   <pm-column position='22' dic='-0.7138866999828171' kdic='0.6724076611370735'>
    <a>0.0</a>
    <c>0.2</c>
    <g>0.6</g>
    <t>0.2</t>
   </pm-column>
   <pm-column position='23' dic='-0.7138866999945458' kdic='0.6724076611253449'>
    <a>0.5</a>
    <c>0.1</c>
    <g>0.0</g>
    <t>0.4</t>
   </pm-column>
   <pm-column position='24' dic='-0.5886104031391481' kdic='0.7976839579807425'>
    <a>0.2</a>
    <c>0.0</c>
    <g>0.7</g>
    <t>0.1</t>
   </pm-column>
   <pm-column position='25' dic='-0.38066624897116413' kdic='1.0056281121487265'>
    <a>0.2</a>
    <c>0.0</c>
    <g>0.8</g>
    <t>0.0</t>
   </pm-column>
  </PPM>
  <PWM length='25' words-count='10.0'>
   <pm-column position='1'>
    <a>0.31552515812914916</a>
    <c>-1.2560633870311226</c>
    <g>-1.2560633870311226</g>
    <t>0.5004868449505832</t>
   </pm-column>
   <pm-column position='2'>
    <a>-0.7641970110262994</a>
    <c>-0.0324777602471021</c>
    <g>0.760509472287767</g>
    <t>-0.2953745517991687</t>
   </pm-column>
   <pm-column position='3'>
    <a>-0.2953745517991687</a>
    <c>-0.5488679065208868</c>
    <g>0.5590014582659368</g>
    <t>0.02254182229864538</t>
   </pm-column>
   <pm-column position='4'>
    <a>-0.2953745517991687</a>
    <c>-1.675776965209879</c>
    <g>0.9281428285989288</g>
    <t>-0.2953745517991687</t>
   </pm-column>
   <pm-column position='5'>
    <a>-0.2953745517991687</a>
    <c>-0.0324777602471021</c>
    <g>0.9281428285989288</g>
    <t>-1.675776965209879</t>
   </pm-column>
   <pm-column position='6'>
    <a>0.02254182229864538</a>
    <c>0.5590014582659368</c>
    <g>-0.5488679065208868</g>
    <t>-0.2953745517991687</t>
   </pm-column>
   <pm-column position='7'>
    <a>0.02254182229864538</a>
    <c>-0.5488679065208868</c>
    <g>-0.5488679065208868</g>
    <t>0.457353881862053</t>
   </pm-column>
   <pm-column position='8'>
    <a>-0.2953745517991687</a>
    <c>-0.0324777602471021</c>
    <g>-0.0324777602471021</g>
    <t>0.263396688267045</t>
   </pm-column>
   <pm-column position='9'>
    <a>0.263396688267045</a>
    <c>0.3063698255240093</c>
    <g>0.3063698255240093</g>
    <t>-1.675776965209879</t>
   </pm-column>
   <pm-column position='10'>
    <a>-1.675776965209879</a>
    <c>0.3063698255240093</c>
    <g>-1.675776965209879</g>
    <t>0.759392657599931</t>
   </pm-column>
   <pm-column position='11'>
    <a>0.02254182229864538</a>
    <c>-1.675776965209879</c>
    <g>-1.675776965209879</g>
    <t>0.759392657599931</t>
   </pm-column>
   <pm-column position='12'>
    <a>-0.2953745517991687</a>
    <c>-1.675776965209879</c>
    <g>-1.675776965209879</g>
    <t>0.8819158201645054</t>
   </pm-column>
   <pm-column position='13'>
    <a>-0.7641970110262994</a>
    <c>-1.675776965209879</c>
    <g>-1.675776965209879</g>
    <t>0.991052325979109</t>
   </pm-column>
   <pm-column position='14'>
    <a>0.6197336132437329</a>
    <c>-0.0324777602471021</c>
    <g>-1.675776965209879</g>
    <t>-0.2953745517991687</t>
   </pm-column>
   <pm-column position='15'>
    <a>0.6197336132437329</a>
    <c>-1.675776965209879</c>
    <g>-1.675776965209879</g>
    <t>0.263396688267045</t>
   </pm-column>
   <pm-column position='16'>
    <a>0.02254182229864538</a>
    <c>-1.675776965209879</c>
    <g>-1.675776965209879</g>
    <t>0.759392657599931</t>
   </pm-column>
   <pm-column position='17'>
    <a>-0.7641970110262994</a>
    <c>-1.675776965209879</c>
    <g>0.9281428285989288</g>
    <t>0.02254182229864538</t>
   </pm-column>
   <pm-column position='18'>
    <a>0.02254182229864538</a>
    <c>-1.675776965209879</c>
    <g>0.9281428285989288</g>
    <t>-0.7641970110262994</t>
   </pm-column>
   <pm-column position='19'>
    <a>0.457353881862053</a>
    <c>-0.0324777602471021</c>
    <g>0.3063698255240093</g>
    <t>-1.675776965209879</t>
   </pm-column>
   <pm-column position='20'>
    <a>0.6197336132437329</a>
    <c>-0.0324777602471021</c>
    <g>-0.0324777602471021</g>
    <t>-1.675776965209879</t>
   </pm-column>
   <pm-column position='21'>
    <a>0.457353881862053</a>
    <c>-1.675776965209879</c>
    <g>-0.5488679065208868</g>
    <t>0.263396688267045</t>
   </pm-column>
   <pm-column position='22'>
    <a>-1.675776965209879</a>
    <c>-0.0324777602471021</c>
    <g>0.9281428285989288</g>
    <t>-0.2953745517991687</t>
   </pm-column>
   <pm-column position='23'>
    <a>0.457353881862053</a>
    <c>-0.5488679065208868</c>
    <g>-1.675776965209879</g>
    <t>0.263396688267045</t>
   </pm-column>
   <pm-column position='24'>
    <a>-0.2953745517991687</a>
    <c>-1.675776965209879</c>
    <g>1.071668258285404</g>
    <t>-0.7641970110262994</t>
   </pm-column>
   <pm-column position='25'>
    <a>-0.2953745517991687</a>
    <c>-1.675776965209879</c>
    <g>1.1971559630920265</g>
    <t>-1.675776965209879</t>
   </pm-column>
  </PWM>
 </motif>
</smallbismark>