<?xml version='1.0' encoding='UTF-8'?>
<smallbismark>
 <motif name='IRF5_HUMAN' id='IRF5_do' sample-size='5' sequence-count='5' coverage='1.0' length='25'>
  <comment>HOCOMOCO v9; MAR2012; ChIPMunk v3.1</comment>
  <background>
   <a>0.29182</a>
   <c>0.20818</c>
   <g>0.20818</g>
   <t>0.29182</t>
  </background>
  <consensus>GKvSnKAAAGGAAAGCnAAAAGTGA</consensus>
  <WPCM words-count='5.0' length='25' dic='-8.69535035908363' kdic='25.962008668913644'>
   <pm-column position='1' dic='-0.3218875824868075' kdic='1.064406778633083'>
    <a>0.0</a>
    <c>1.0</c>
    <g>4.0</g>
    <t>0.0</t>
   </pm-column>
   <pm-column position='2' dic='-0.6592524843195701' kdic='0.7270418768003204'>
    <a>0.0</a>
    <c>0.8888888888888901</c>
    <g>2.0</g>
    <t>2.11111111111111</t>
   </pm-column>
   <pm-column position='3' dic='-0.633194989289223' kdic='0.7530993718306676'>
    <a>1.1111111111111098</a>
    <c>2.7777777777777803</c>
    <g>1.1111111111111098</g>
    <t>0.0</t>
   </pm-column>
   <pm-column position='4' dic='-0.5708859338827161' kdic='0.8154084272371744'>
    <a>0.0</a>
    <c>3.11111111111111</c>
    <g>1.0</g>
    <t>0.8888888888888901</t>
   </pm-column>
   <pm-column position='5' dic='-0.7759600576091854' kdic='0.6103343035107051'>
    <a>2.2222222222222197</a>
    <c>0.8888888888888901</c>
    <g>1.0</g>
    <t>0.8888888888888901</t>
   </pm-column>
   <pm-column position='6' dic='-0.6573421652749121' kdic='0.7289521958449784'>
    <a>0.8888888888888901</a>
    <c>0.0</c>
    <g>1.88888888888889</g>
    <t>2.2222222222222197</t>
   </pm-column>
   <pm-column position='7' dic='-0.3449078187433695' kdic='1.041386542376521'>
    <a>3.88888888888889</a>
    <c>0.0</c>
    <g>1.1111111111111098</g>
    <t>0.0</t>
   </pm-column>
   <pm-column position='8' dic='0.0' kdic='1.3862943611198906'>
    <a>5.0</a>
    <c>0.0</c>
    <g>0.0</g>
    <t>0.0</t>
   </pm-column>
   <pm-column position='9' dic='0.0' kdic='1.3862943611198906'>
    <a>5.0</a>
    <c>0.0</c>
    <g>0.0</g>
    <t>0.0</t>
   </pm-column>
   <pm-column position='10' dic='-0.2881472668212968' kdic='1.0981470942985951'>
    <a>0.0</a>
    <c>0.0</c>
    <g>4.111111111111115</g>
    <t>0.8888888888888901</t>
   </pm-column>
   <pm-column position='11' dic='-0.2881472668212968' kdic='1.0981470942985951'>
    <a>0.8888888888888901</a>
    <c>0.0</c>
    <g>4.111111111111115</g>
    <t>0.0</t>
   </pm-column>
   <pm-column position='12' dic='-0.4522680415484427' kdic='0.9340263195714478'>
    <a>3.11111111111111</a>
    <c>0.0</c>
    <g>1.88888888888889</g>
    <t>0.0</t>
   </pm-column>
   <pm-column position='13' dic='0.0' kdic='1.3862943611198906'>
    <a>5.0</a>
    <c>0.0</c>
    <g>0.0</g>
    <t>0.0</t>
   </pm-column>
   <pm-column position='14' dic='0.0' kdic='1.3862943611198906'>
    <a>5.0</a>
    <c>0.0</c>
    <g>0.0</g>
    <t>0.0</t>
   </pm-column>
   <pm-column position='15' dic='-0.4522680415484427' kdic='0.9340263195714478'>
    <a>1.88888888888889</a>
    <c>0.0</c>
    <g>3.11111111111111</g>
    <t>0.0</t>
   </pm-column>
   <pm-column position='16' dic='0.0' kdic='1.3862943611198906'>
    <a>0.0</a>
    <c>5.0</c>
    <g>0.0</g>
    <t>0.0</t>
   </pm-column>
   <pm-column position='17' dic='-0.7877083719134127' kdic='0.5985859892064777'>
    <a>1.1111111111111098</a>
    <c>2.11111111111111</c>
    <g>0.8888888888888901</g>
    <t>0.8888888888888901</t>
   </pm-column>
   <pm-column position='18' dic='-0.3218875824868075' kdic='1.064406778633083'>
    <a>4.0</a>
    <c>0.0</c>
    <g>1.0</g>
    <t>0.0</t>
   </pm-column>
   <pm-column position='19' dic='0.0' kdic='1.3862943611198906'>
    <a>5.0</a>
    <c>0.0</c>
    <g>0.0</g>
    <t>0.0</t>
   </pm-column>
   <pm-column position='20' dic='0.0' kdic='1.3862943611198906'>
    <a>5.0</a>
    <c>0.0</c>
    <g>0.0</g>
    <t>0.0</t>
   </pm-column>
   <pm-column position='21' dic='-0.4423197943526965' kdic='0.9439745667671942'>
    <a>3.22222222222222</a>
    <c>0.0</c>
    <g>0.0</g>
    <t>1.7777777777777801</t>
   </pm-column>
   <pm-column position='22' dic='-0.4670896359903877' kdic='0.9192047251295026'>
    <a>0.0</a>
    <c>2.11111111111111</c>
    <g>2.8888888888888897</g>
    <t>0.0</t>
   </pm-column>
   <pm-column position='23' dic='-0.4720037954017625' kdic='0.9142905657181281'>
    <a>2.2222222222222197</a>
    <c>0.0</c>
    <g>0.0</g>
    <t>2.7777777777777803</t>
   </pm-column>
   <pm-column position='24' dic='-0.2881472668212968' kdic='1.0981470942985951'>
    <a>0.0</a>
    <c>0.0</c>
    <g>4.111111111111115</g>
    <t>0.8888888888888901</t>
   </pm-column>
   <pm-column position='25' dic='-0.47193226377200215' kdic='0.9143620973478882'>
    <a>3.444444444444445</a>
    <c>1.1111111111111098</c>
    <g>0.222222222222222</g>
    <t>0.222222222222222</t>
   </pm-column>
  </WPCM>
  <PPM words-count='5.0' length='25' kdic='25.962008668913644' dic='-8.69535035908363'>
   <pm-column position='1' dic='-0.3218875824868075' kdic='1.064406778633083'>
    <a>0.0</a>
    <c>0.2</c>
    <g>0.8</g>
    <t>0.0</t>
   </pm-column>
   <pm-column position='2' dic='-0.6592524843195701' kdic='0.7270418768003204'>
    <a>0.0</a>
    <c>0.177777777777778</c>
    <g>0.4</g>
    <t>0.422222222222222</t>
   </pm-column>
   <pm-column position='3' dic='-0.633194989289223' kdic='0.7530993718306676'>
    <a>0.222222222222222</a>
    <c>0.555555555555556</c>
    <g>0.222222222222222</g>
    <t>0.0</t>
   </pm-column>
   <pm-column position='4' dic='-0.5708859338827161' kdic='0.8154084272371744'>
    <a>0.0</a>
    <c>0.622222222222222</c>
    <g>0.2</g>
    <t>0.177777777777778</t>
   </pm-column>
   <pm-column position='5' dic='-0.7759600576091854' kdic='0.6103343035107051'>
    <a>0.444444444444444</a>
    <c>0.177777777777778</c>
    <g>0.2</g>
    <t>0.177777777777778</t>
   </pm-column>
   <pm-column position='6' dic='-0.6573421652749121' kdic='0.7289521958449784'>
    <a>0.177777777777778</a>
    <c>0.0</c>
    <g>0.377777777777778</g>
    <t>0.444444444444444</t>
   </pm-column>
   <pm-column position='7' dic='-0.3449078187433695' kdic='1.041386542376521'>
    <a>0.777777777777778</a>
    <c>0.0</c>
    <g>0.222222222222222</g>
    <t>0.0</t>
   </pm-column>
   <pm-column position='8' dic='0.0' kdic='1.3862943611198906'>
    <a>1.0</a>
    <c>0.0</c>
    <g>0.0</g>
    <t>0.0</t>
   </pm-column>
   <pm-column position='9' dic='0.0' kdic='1.3862943611198906'>
    <a>1.0</a>
    <c>0.0</c>
    <g>0.0</g>
    <t>0.0</t>
   </pm-column>
   <pm-column position='10' dic='-0.2881472668212968' kdic='1.0981470942985951'>
    <a>0.0</a>
    <c>0.0</c>
    <g>0.822222222222223</g>
    <t>0.177777777777778</t>
   </pm-column>
   <pm-column position='11' dic='-0.2881472668212968' kdic='1.0981470942985951'>
    <a>0.177777777777778</a>
    <c>0.0</c>
    <g>0.822222222222223</g>
    <t>0.0</t>
   </pm-column>
   <pm-column position='12' dic='-0.4522680415484427' kdic='0.9340263195714478'>
    <a>0.622222222222222</a>
    <c>0.0</c>
    <g>0.377777777777778</g>
    <t>0.0</t>
   </pm-column>
   <pm-column position='13' dic='0.0' kdic='1.3862943611198906'>
    <a>1.0</a>
    <c>0.0</c>
    <g>0.0</g>
    <t>0.0</t>
   </pm-column>
   <pm-column position='14' dic='0.0' kdic='1.3862943611198906'>
    <a>1.0</a>
    <c>0.0</c>
    <g>0.0</g>
    <t>0.0</t>
   </pm-column>
   <pm-column position='15' dic='-0.4522680415484427' kdic='0.9340263195714478'>
    <a>0.377777777777778</a>
    <c>0.0</c>
    <g>0.622222222222222</g>
    <t>0.0</t>
   </pm-column>
   <pm-column position='16' dic='0.0' kdic='1.3862943611198906'>
    <a>0.0</a>
    <c>1.0</c>
    <g>0.0</g>
    <t>0.0</t>
   </pm-column>
   <pm-column position='17' dic='-0.7877083719134127' kdic='0.5985859892064777'>
    <a>0.222222222222222</a>
    <c>0.422222222222222</c>
    <g>0.177777777777778</g>
    <t>0.177777777777778</t>
   </pm-column>
   <pm-column position='18' dic='-0.3218875824868075' kdic='1.064406778633083'>
    <a>0.8</a>
    <c>0.0</c>
    <g>0.2</g>
    <t>0.0</t>
   </pm-column>
   <pm-column position='19' dic='0.0' kdic='1.3862943611198906'>
    <a>1.0</a>
    <c>0.0</c>
    <g>0.0</g>
    <t>0.0</t>
   </pm-column>
   <pm-column position='20' dic='0.0' kdic='1.3862943611198906'>
    <a>1.0</a>
    <c>0.0</c>
    <g>0.0</g>
    <t>0.0</t>
   </pm-column>
   <pm-column position='21' dic='-0.4423197943526965' kdic='0.9439745667671942'>
    <a>0.644444444444444</a>
    <c>0.0</c>
    <g>0.0</g>
    <t>0.355555555555556</t>
   </pm-column>
   <pm-column position='22' dic='-0.4670896359903877' kdic='0.9192047251295026'>
    <a>0.0</a>
    <c>0.422222222222222</c>
    <g>0.577777777777778</g>
    <t>0.0</t>
   </pm-column>
   <pm-column position='23' dic='-0.4720037954017625' kdic='0.9142905657181281'>
    <a>0.444444444444444</a>
    <c>0.0</c>
    <g>0.0</g>
    <t>0.555555555555556</t>
   </pm-column>
   <pm-column position='24' dic='-0.2881472668212968' kdic='1.0981470942985951'>
    <a>0.0</a>
    <c>0.0</c>
    <g>0.822222222222223</g>
    <t>0.177777777777778</t>
   </pm-column>
   <pm-column position='25' dic='-0.47193226377200215' kdic='0.9143620973478882'>
    <a>0.688888888888889</a>
    <c>0.222222222222222</c>
    <g>0.0444444444444444</g>
    <t>0.0444444444444444</t>
   </pm-column>
  </PPM>
  <PWM length='25' words-count='5.0'>
   <pm-column position='1'>
    <a>-1.4126136189803455</a>
    <c>-0.030192161551396104</c>
    <g>1.1475669536684898</g>
    <t>-1.4126136189803455</t>
   </pm-column>
   <pm-column position='2'>
    <a>-1.4126136189803455</a>
    <c>-0.11708595717902415</c>
    <g>0.5288691279533713</g>
    <t>0.29122302352457313</t>
   </pm-column>
   <pm-column position='3'>
    <a>-0.19895274169354485</a>
    <c>0.8163662992475443</c>
    <g>0.049751043400787884</g>
    <t>-1.4126136189803455</t>
   </pm-column>
   <pm-column position='4'>
    <a>-1.4126136189803455</a>
    <c>0.9180953061719587</c>
    <g>-0.030192161551396104</g>
    <t>-0.3504485062297547</t>
   </pm-column>
   <pm-column position='5'>
    <a>0.33337546857780215</a>
    <c>-0.11708595717902415</c>
    <g>-0.030192161551396104</g>
    <t>-0.3504485062297547</t>
   </pm-column>
   <pm-column position='6'>
    <a>-0.3504485062297547</a>
    <c>-1.4126136189803458</c>
    <g>0.48011593991320284</g>
    <t>0.33337546857780215</t>
   </pm-column>
   <pm-column position='7'>
    <a>0.8152741630725118</a>
    <c>-1.4126136189803458</c>
    <g>0.049751043400787884</g>
    <t>-1.4126136189803455</t>
   </pm-column>
   <pm-column position='8'>
    <a>1.042351499776889</a>
    <c>-1.4126136189803458</c>
    <g>-1.4126136189803458</g>
    <t>-1.4126136189803455</t>
   </pm-column>
   <pm-column position='9'>
    <a>1.042351499776889</a>
    <c>-1.4126136189803458</c>
    <g>-1.4126136189803458</g>
    <t>-1.4126136189803455</t>
   </pm-column>
   <pm-column position='10'>
    <a>-1.4126136189803455</a>
    <c>-1.4126136189803458</c>
    <g>1.172874802908269</g>
    <t>-0.3504485062297547</t>
   </pm-column>
   <pm-column position='11'>
    <a>-0.3504485062297547</a>
    <c>-1.4126136189803458</c>
    <g>1.172874802908269</g>
    <t>-1.4126136189803455</t>
   </pm-column>
   <pm-column position='12'>
    <a>0.6187130944070048</a>
    <c>-1.4126136189803458</c>
    <g>0.48011593991320284</g>
    <t>-1.4126136189803455</t>
   </pm-column>
   <pm-column position='13'>
    <a>1.042351499776889</a>
    <c>-1.4126136189803458</c>
    <g>-1.4126136189803458</g>
    <t>-1.4126136189803455</t>
   </pm-column>
   <pm-column position='14'>
    <a>1.042351499776889</a>
    <c>-1.4126136189803458</c>
    <g>-1.4126136189803458</g>
    <t>-1.4126136189803455</t>
   </pm-column>
   <pm-column position='15'>
    <a>0.2011812960780865</a>
    <c>-1.4126136189803458</c>
    <g>0.9180953061719587</g>
    <t>-1.4126136189803455</t>
   </pm-column>
   <pm-column position='16'>
    <a>-1.4126136189803455</a>
    <c>1.3551316254453551</c>
    <g>-1.4126136189803458</g>
    <t>-1.4126136189803455</t>
   </pm-column>
   <pm-column position='17'>
    <a>-0.19895274169354485</a>
    <c>0.575355527738813</c>
    <g>-0.11708595717902415</g>
    <t>-0.3504485062297547</t>
   </pm-column>
   <pm-column position='18'>
    <a>0.840447334917197</a>
    <c>-1.4126136189803458</c>
    <g>-0.030192161551396104</g>
    <t>-1.4126136189803455</t>
   </pm-column>
   <pm-column position='19'>
    <a>1.042351499776889</a>
    <c>-1.4126136189803458</c>
    <g>-1.4126136189803458</g>
    <t>-1.4126136189803455</t>
   </pm-column>
   <pm-column position='20'>
    <a>1.042351499776889</a>
    <c>-1.4126136189803458</c>
    <g>-1.4126136189803458</g>
    <t>-1.4126136189803455</t>
   </pm-column>
   <pm-column position='21'>
    <a>0.64927134876045</a>
    <c>-1.4126136189803458</c>
    <g>-1.4126136189803458</g>
    <t>0.15292551967582171</t>
   </pm-column>
   <pm-column position='22'>
    <a>-1.4126136189803455</a>
    <c>0.575355527738813</c>
    <g>0.8514384894014071</g>
    <t>-1.4126136189803455</t>
   </pm-column>
   <pm-column position='23'>
    <a>0.33337546857780215</a>
    <c>-1.4126136189803458</c>
    <g>-1.4126136189803458</g>
    <t>0.5210011968538728</t>
   </pm-column>
   <pm-column position='24'>
    <a>-1.4126136189803455</a>
    <c>-1.4126136189803458</c>
    <g>1.172874802908269</g>
    <t>-0.3504485062297547</t>
   </pm-column>
   <pm-column position='25'>
    <a>0.7077215059386639</a>
    <c>0.049751043400787884</c>
    <g>-0.9038516771001437</g>
    <t>-1.0252060584419032</t>
   </pm-column>
  </PWM>
 </motif>
</smallbismark>