<?xml version='1.0' encoding='UTF-8'?>
<smallbismark>
 <motif name='ONEC2_HUMAN' id='ONEC2_f2' sample-size='7' sequence-count='7' coverage='1.0' length='25'>
  <comment>HOCOMOCO v9; MAR2012; ChIPMunk v3.1</comment>
  <background>
   <a>0.29182</a>
   <c>0.20818</c>
   <g>0.20818</g>
   <t>0.29182</t>
  </background>
  <consensus>TWdWRTnYYdTTATYRAhTnddTbW</consensus>
  <WPCM words-count='7.0' length='25' dic='-14.065726665878982' kdic='20.59163236211828'>
   <pm-column position='1' dic='-0.5014425279482956' kdic='0.8848518331715949'>
    <a>0.0</a>
    <c>2.84375</c>
    <g>0.0</g>
    <t>4.15625</t>
   </pm-column>
   <pm-column position='2' dic='-0.6349430927560532' kdic='0.7513512683638373'>
    <a>1.96875</a>
    <c>0.875</c>
    <g>0.0</g>
    <t>4.15625</t>
   </pm-column>
   <pm-column position='3' dic='-0.7298722067101343' kdic='0.6564221544097563'>
    <a>4.15625</a>
    <c>0.875</c>
    <g>0.984375</g>
    <t>0.984375</t>
   </pm-column>
   <pm-column position='4' dic='-0.6349430927560532' kdic='0.7513512683638374'>
    <a>4.15625</a>
    <c>0.0</c>
    <g>0.875</g>
    <t>1.96875</t>
   </pm-column>
   <pm-column position='5' dic='-0.5468554032389811' kdic='0.8394389578809094'>
    <a>1.09375</a>
    <c>0.0</c>
    <g>4.921875</g>
    <t>0.984375</t>
   </pm-column>
   <pm-column position='6' dic='-0.44342445707935496' kdic='0.9428699040405356'>
    <a>0.0</a>
    <c>0.0</c>
    <g>2.078125</g>
    <t>4.921875</t>
   </pm-column>
   <pm-column position='7' dic='-0.9178480772311433' kdic='0.4684462838887474'>
    <a>0.984375</a>
    <c>2.078125</c>
    <g>2.078125</g>
    <t>1.859375</t>
   </pm-column>
   <pm-column position='8' dic='-0.5202641157933533' kdic='0.8660302453265373'>
    <a>0.875</a>
    <c>1.09375</c>
    <g>0.0</g>
    <t>5.03125</t>
   </pm-column>
   <pm-column position='9' dic='-0.7711984791857469' kdic='0.6150958819341437'>
    <a>0.984375</a>
    <c>1.09375</c>
    <g>0.984375</g>
    <t>3.9375</t>
   </pm-column>
   <pm-column position='10' dic='-0.8355538295093706' kdic='0.55074053161052'>
    <a>0.984375</a>
    <c>0.875</c>
    <g>3.171875</g>
    <t>1.96875</t>
   </pm-column>
   <pm-column position='11' dic='-0.5129828016212569' kdic='0.8733115594986337'>
    <a>3.171875</a>
    <c>0.0</c>
    <g>0.0</g>
    <t>3.828125</t>
   </pm-column>
   <pm-column position='12' dic='-0.43139446759651545' kdic='0.9548998935233751'>
    <a>0.0</a>
    <c>1.96875</c>
    <g>0.0</g>
    <t>5.03125</t>
   </pm-column>
   <pm-column position='13' dic='-0.27380416649342365' kdic='1.112490194626467'>
    <a>6.015625</a>
    <c>0.0</c>
    <g>0.0</g>
    <t>0.984375</t>
   </pm-column>
   <pm-column position='14' dic='-0.27380416649342365' kdic='1.112490194626467'>
    <a>0.984375</a>
    <c>0.0</c>
    <g>0.0</g>
    <t>6.015625</t>
   </pm-column>
   <pm-column position='15' dic='-0.5468554032389811' kdic='0.8394389578809094'>
    <a>0.0</a>
    <c>1.09375</c>
    <g>0.984375</g>
    <t>4.921875</t>
   </pm-column>
   <pm-column position='16' dic='-0.5468554032389811' kdic='0.8394389578809094'>
    <a>1.09375</a>
    <c>0.984375</c>
    <g>4.921875</g>
    <t>0.0</t>
   </pm-column>
   <pm-column position='17' dic='-0.27380416649342365' kdic='1.112490194626467'>
    <a>6.015625</a>
    <c>0.0</c>
    <g>0.0</g>
    <t>0.984375</t>
   </pm-column>
   <pm-column position='18' dic='-0.5263235815505966' kdic='0.8599707795692941'>
    <a>0.984375</a>
    <c>0.984375</c>
    <g>0.0</g>
    <t>5.03125</t>
   </pm-column>
   <pm-column position='19' dic='-0.27380416649342365' kdic='1.112490194626467'>
    <a>0.984375</a>
    <c>0.0</c>
    <g>0.0</g>
    <t>6.015625</t>
   </pm-column>
   <pm-column position='20' dic='-0.8494316500904174' kdic='0.5368627110294731'>
    <a>0.984375</a>
    <c>1.859375</c>
    <g>0.984375</g>
    <t>3.171875</t>
   </pm-column>
   <pm-column position='21' dic='-0.5263235815505966' kdic='0.8599707795692941'>
    <a>0.984375</a>
    <c>0.0</c>
    <g>0.984375</g>
    <t>5.03125</t>
   </pm-column>
   <pm-column position='22' dic='-0.5263235815505966' kdic='0.8599707795692941'>
    <a>0.984375</a>
    <c>0.0</c>
    <g>0.984375</g>
    <t>5.03125</t>
   </pm-column>
   <pm-column position='23' dic='-0.43139446759651545' kdic='0.9548998935233751'>
    <a>0.0</a>
    <c>1.96875</c>
    <g>0.0</g>
    <t>5.03125</t>
   </pm-column>
   <pm-column position='24' dic='-0.7607622612981065' kdic='0.6255320998217841'>
    <a>0.0</a>
    <c>3.0625</c>
    <g>1.96875</g>
    <t>1.96875</t>
   </pm-column>
   <pm-column position='25' dic='-0.7755175183642417' kdic='0.6107768427556489'>
    <a>3.08984375</a>
    <c>1.33984375</c>
    <g>0.24609375</g>
    <t>2.32421875</t>
   </pm-column>
  </WPCM>
  <PPM words-count='7.0' length='25' kdic='20.59163236211828' dic='-14.065726665878982'>
   <pm-column position='1' dic='-0.5014425279482956' kdic='0.8848518331715949'>
    <a>0.0</a>
    <c>0.40625</c>
    <g>0.0</g>
    <t>0.59375</t>
   </pm-column>
   <pm-column position='2' dic='-0.6349430927560532' kdic='0.7513512683638373'>
    <a>0.28125</a>
    <c>0.125</c>
    <g>0.0</g>
    <t>0.59375</t>
   </pm-column>
   <pm-column position='3' dic='-0.7298722067101343' kdic='0.6564221544097563'>
    <a>0.59375</a>
    <c>0.125</c>
    <g>0.140625</g>
    <t>0.140625</t>
   </pm-column>
   <pm-column position='4' dic='-0.6349430927560532' kdic='0.7513512683638374'>
    <a>0.59375</a>
    <c>0.0</c>
    <g>0.125</g>
    <t>0.28125</t>
   </pm-column>
   <pm-column position='5' dic='-0.5468554032389811' kdic='0.8394389578809094'>
    <a>0.15625</a>
    <c>0.0</c>
    <g>0.703125</g>
    <t>0.140625</t>
   </pm-column>
   <pm-column position='6' dic='-0.44342445707935496' kdic='0.9428699040405356'>
    <a>0.0</a>
    <c>0.0</c>
    <g>0.296875</g>
    <t>0.703125</t>
   </pm-column>
   <pm-column position='7' dic='-0.9178480772311433' kdic='0.4684462838887474'>
    <a>0.140625</a>
    <c>0.296875</c>
    <g>0.296875</g>
    <t>0.265625</t>
   </pm-column>
   <pm-column position='8' dic='-0.5202641157933533' kdic='0.8660302453265373'>
    <a>0.125</a>
    <c>0.15625</c>
    <g>0.0</g>
    <t>0.71875</t>
   </pm-column>
   <pm-column position='9' dic='-0.7711984791857469' kdic='0.6150958819341437'>
    <a>0.140625</a>
    <c>0.15625</c>
    <g>0.140625</g>
    <t>0.5625</t>
   </pm-column>
   <pm-column position='10' dic='-0.8355538295093706' kdic='0.55074053161052'>
    <a>0.140625</a>
    <c>0.125</c>
    <g>0.453125</g>
    <t>0.28125</t>
   </pm-column>
   <pm-column position='11' dic='-0.5129828016212569' kdic='0.8733115594986337'>
    <a>0.453125</a>
    <c>0.0</c>
    <g>0.0</g>
    <t>0.546875</t>
   </pm-column>
   <pm-column position='12' dic='-0.43139446759651545' kdic='0.9548998935233751'>
    <a>0.0</a>
    <c>0.28125</c>
    <g>0.0</g>
    <t>0.71875</t>
   </pm-column>
   <pm-column position='13' dic='-0.27380416649342365' kdic='1.112490194626467'>
    <a>0.859375</a>
    <c>0.0</c>
    <g>0.0</g>
    <t>0.140625</t>
   </pm-column>
   <pm-column position='14' dic='-0.27380416649342365' kdic='1.112490194626467'>
    <a>0.140625</a>
    <c>0.0</c>
    <g>0.0</g>
    <t>0.859375</t>
   </pm-column>
   <pm-column position='15' dic='-0.5468554032389811' kdic='0.8394389578809094'>
    <a>0.0</a>
    <c>0.15625</c>
    <g>0.140625</g>
    <t>0.703125</t>
   </pm-column>
   <pm-column position='16' dic='-0.5468554032389811' kdic='0.8394389578809094'>
    <a>0.15625</a>
    <c>0.140625</c>
    <g>0.703125</g>
    <t>0.0</t>
   </pm-column>
   <pm-column position='17' dic='-0.27380416649342365' kdic='1.112490194626467'>
    <a>0.859375</a>
    <c>0.0</c>
    <g>0.0</g>
    <t>0.140625</t>
   </pm-column>
   <pm-column position='18' dic='-0.5263235815505966' kdic='0.8599707795692941'>
    <a>0.140625</a>
    <c>0.140625</c>
    <g>0.0</g>
    <t>0.71875</t>
   </pm-column>
   <pm-column position='19' dic='-0.27380416649342365' kdic='1.112490194626467'>
    <a>0.140625</a>
    <c>0.0</c>
    <g>0.0</g>
    <t>0.859375</t>
   </pm-column>
   <pm-column position='20' dic='-0.8494316500904174' kdic='0.5368627110294731'>
    <a>0.140625</a>
    <c>0.265625</c>
    <g>0.140625</g>
    <t>0.453125</t>
   </pm-column>
   <pm-column position='21' dic='-0.5263235815505966' kdic='0.8599707795692941'>
    <a>0.140625</a>
    <c>0.0</c>
    <g>0.140625</g>
    <t>0.71875</t>
   </pm-column>
   <pm-column position='22' dic='-0.5263235815505966' kdic='0.8599707795692941'>
    <a>0.140625</a>
    <c>0.0</c>
    <g>0.140625</g>
    <t>0.71875</t>
   </pm-column>
   <pm-column position='23' dic='-0.43139446759651545' kdic='0.9548998935233751'>
    <a>0.0</a>
    <c>0.28125</c>
    <g>0.0</g>
    <t>0.71875</t>
   </pm-column>
   <pm-column position='24' dic='-0.7607622612981065' kdic='0.6255320998217841'>
    <a>0.0</a>
    <c>0.4375</c>
    <g>0.28125</g>
    <t>0.28125</t>
   </pm-column>
   <pm-column position='25' dic='-0.7755175183642417' kdic='0.6107768427556489'>
    <a>0.44140625</a>
    <c>0.19140625</c>
    <g>0.03515625</g>
    <t>0.33203125</t>
   </pm-column>
  </PPM>
  <PWM length='25' words-count='7.0'>
   <pm-column position='1'>
    <a>-1.5254666506814403</a>
    <c>0.5564373252488904</c>
    <g>-1.5254666506814403</g>
    <t>0.5931137562393854</t>
   </pm-column>
   <pm-column position='2'>
    <a>-0.028739340326820406</a>
    <c>-0.37492152234856874</c>
    <g>-1.5254666506814403</g>
    <t>0.5931137562393854</t>
   </pm-column>
   <pm-column position='3'>
    <a>0.5931137562393854</a>
    <c>-0.37492152234856874</c>
    <g>-0.29293426907715475</g>
    <t>-0.5198754215113564</t>
   </pm-column>
   <pm-column position='4'>
    <a>0.5931137562393854</a>
    <c>-1.5254666506814403</c>
    <g>-0.37492152234856874</g>
    <t>-0.028739340326820406</t>
   </pm-column>
   <pm-column position='5'>
    <a>-0.45178366668603853</a>
    <c>-1.5254666506814403</c>
    <g>1.0509187477359423</g>
    <t>-0.5198754215113564</t>
   </pm-column>
   <pm-column position='6'>
    <a>-1.5254666506814403</a>
    <c>-1.5254666506814403</c>
    <g>0.2876951662161097</g>
    <t>0.7433149549636835</t>
   </pm-column>
   <pm-column position='7'>
    <a>-0.5198754215113564</a>
    <c>0.2876951662161097</c>
    <g>0.2876951662161097</g>
    <t>-0.07281537394940889</t>
   </pm-column>
   <pm-column position='8'>
    <a>-0.592944651677529</a>
    <c>-0.21716254784127725</c>
    <g>-1.5254666506814403</g>
    <t>0.7630426746226799</t>
   </pm-column>
   <pm-column position='9'>
    <a>-0.5198754215113564</a>
    <c>-0.21716254784127725</c>
    <g>-0.29293426907715475</g>
    <t>0.5457022335628783</t>
   </pm-column>
   <pm-column position='10'>
    <a>-0.5198754215113564</a>
    <c>-0.37492152234856874</c>
    <g>0.6526534678615544</g>
    <t>-0.028739340326820406</t>
   </pm-column>
   <pm-column position='11'>
    <a>0.3594485761545922</a>
    <c>-1.5254666506814403</c>
    <g>-1.5254666506814403</g>
    <t>0.5211259844960412</t>
   </pm-column>
   <pm-column position='12'>
    <a>-1.5254666506814403</a>
    <c>0.24265031564986952</c>
    <g>-1.5254666506814403</g>
    <t>0.7630426746226799</t>
   </pm-column>
   <pm-column position='13'>
    <a>0.9249996179145575</a>
    <c>-1.5254666506814403</c>
    <g>-1.5254666506814403</g>
    <t>-0.5198754215113564</t>
   </pm-column>
   <pm-column position='14'>
    <a>-0.5198754215113564</a>
    <c>-1.5254666506814403</c>
    <g>-1.5254666506814403</g>
    <t>0.9249996179145575</t>
   </pm-column>
   <pm-column position='15'>
    <a>-1.5254666506814403</a>
    <c>-0.21716254784127725</c>
    <g>-0.29293426907715475</g>
    <t>0.7433149549636835</t>
   </pm-column>
   <pm-column position='16'>
    <a>-0.45178366668603853</a>
    <c>-0.29293426907715475</c>
    <g>1.0509187477359423</g>
    <t>-1.5254666506814403</t>
   </pm-column>
   <pm-column position='17'>
    <a>0.9249996179145575</a>
    <c>-1.5254666506814403</c>
    <g>-1.5254666506814403</g>
    <t>-0.5198754215113564</t>
   </pm-column>
   <pm-column position='18'>
    <a>-0.5198754215113564</a>
    <c>-0.29293426907715475</c>
    <g>-1.5254666506814403</g>
    <t>0.7630426746226799</t>
   </pm-column>
   <pm-column position='19'>
    <a>-0.5198754215113564</a>
    <c>-1.5254666506814403</c>
    <g>-1.5254666506814403</g>
    <t>0.9249996179145575</t>
   </pm-column>
   <pm-column position='20'>
    <a>-0.5198754215113564</a>
    <c>0.19548032359473122</c>
    <g>-0.29293426907715475</g>
    <t>0.3594485761545922</t>
   </pm-column>
   <pm-column position='21'>
    <a>-0.5198754215113564</a>
    <c>-1.5254666506814403</c>
    <g>-0.29293426907715475</g>
    <t>0.7630426746226799</t>
   </pm-column>
   <pm-column position='22'>
    <a>-0.5198754215113564</a>
    <c>-1.5254666506814403</c>
    <g>-0.29293426907715475</g>
    <t>0.7630426746226799</t>
   </pm-column>
   <pm-column position='23'>
    <a>-1.5254666506814403</a>
    <c>0.24265031564986952</c>
    <g>-1.5254666506814403</g>
    <t>0.7630426746226799</t>
   </pm-column>
   <pm-column position='24'>
    <a>-1.5254666506814403</a>
    <c>0.6215987839757113</c>
    <g>0.24265031564986952</g>
    <t>-0.028739340326820406</t>
   </pm-column>
   <pm-column position='25'>
    <a>0.33726930194571003</a>
    <c>-0.06513917810165905</c>
    <g>-1.0508013454515515</g>
    <t>0.10240830216404845</t>
   </pm-column>
  </PWM>
 </motif>
</smallbismark>