<?xml version='1.0' encoding='UTF-8'?>
<smallbismark>
 <motif name='ONEC2_HUMAN' id='ONEC2_si' sample-size='7' sequence-count='7' coverage='1.0' length='21'>
  <comment>HOCOMOCO v9; MAR2012; ChIPMunk v3.1</comment>
  <background>
   <a>0.29182</a>
   <c>0.20818</c>
   <g>0.20818</g>
   <t>0.29182</t>
  </background>
  <consensus>RKvhYdTbATKGATTWTWTTW</consensus>
  <WPCM words-count='7.0' length='21' dic='-10.596858308558568' kdic='18.51532327495913'>
   <pm-column position='1' dic='-0.7658617894521329' kdic='0.6204325716677577'>
    <a>2.078125</a>
    <c>0.0</c>
    <g>2.953125</g>
    <t>1.96875</t>
   </pm-column>
   <pm-column position='2' dic='-0.6677675330261207' kdic='0.71852682809377'>
    <a>0.984375</a>
    <c>0.0</c>
    <g>2.078125</g>
    <t>3.9375</t>
   </pm-column>
   <pm-column position='3' dic='-0.8411300772893993' kdic='0.5451642838304913'>
    <a>0.984375</a>
    <c>3.0625</c>
    <g>2.078125</g>
    <t>0.875</t>
   </pm-column>
   <pm-column position='4' dic='-0.8635097300759912' kdic='0.5227846310438994'>
    <a>1.859375</a>
    <c>1.09375</c>
    <g>0.984375</g>
    <t>3.0625</t>
   </pm-column>
   <pm-column position='5' dic='-0.7711984791857469' kdic='0.6150958819341437'>
    <a>0.984375</a>
    <c>1.09375</c>
    <g>0.984375</g>
    <t>3.9375</t>
   </pm-column>
   <pm-column position='6' dic='-0.8355538295093706' kdic='0.55074053161052'>
    <a>0.984375</a>
    <c>0.875</c>
    <g>3.171875</g>
    <t>1.96875</t>
   </pm-column>
   <pm-column position='7' dic='-0.5129828016212569' kdic='0.8733115594986337'>
    <a>3.171875</a>
    <c>0.0</c>
    <g>0.0</g>
    <t>3.828125</t>
   </pm-column>
   <pm-column position='8' dic='-0.5263235815505966' kdic='0.8599707795692941'>
    <a>0.0</a>
    <c>0.984375</c>
    <g>0.984375</g>
    <t>5.03125</t>
   </pm-column>
   <pm-column position='9' dic='0.0' kdic='1.3862943611198906'>
    <a>7.0</a>
    <c>0.0</c>
    <g>0.0</g>
    <t>0.0</t>
   </pm-column>
   <pm-column position='10' dic='0.0' kdic='1.3862943611198906'>
    <a>0.0</a>
    <c>0.0</c>
    <g>0.0</g>
    <t>7.0</t>
   </pm-column>
   <pm-column position='11' dic='-0.6762693652316657' kdic='0.7100249958882248'>
    <a>0.0</a>
    <c>1.09375</c>
    <g>1.96875</g>
    <t>3.9375</t>
   </pm-column>
   <pm-column position='12' dic='-0.29691277232845514' kdic='1.0893815887914353'>
    <a>1.09375</a>
    <c>0.0</c>
    <g>5.90625</g>
    <t>0.0</t>
   </pm-column>
   <pm-column position='13' dic='0.0' kdic='1.3862943611198906'>
    <a>7.0</a>
    <c>0.0</c>
    <g>0.0</g>
    <t>0.0</t>
   </pm-column>
   <pm-column position='14' dic='-0.43139446759651545' kdic='0.9548998935233751'>
    <a>0.0</a>
    <c>1.96875</c>
    <g>0.0</g>
    <t>5.03125</t>
   </pm-column>
   <pm-column position='15' dic='0.0' kdic='1.3862943611198906'>
    <a>0.0</a>
    <c>0.0</c>
    <g>0.0</g>
    <t>7.0</t>
   </pm-column>
   <pm-column position='16' dic='-0.6349430927560532' kdic='0.7513512683638373'>
    <a>1.96875</a>
    <c>0.875</c>
    <g>0.0</g>
    <t>4.15625</t>
   </pm-column>
   <pm-column position='17' dic='-0.43139446759651545' kdic='0.9548998935233751'>
    <a>1.96875</a>
    <c>0.0</c>
    <g>0.0</g>
    <t>5.03125</t>
   </pm-column>
   <pm-column position='18' dic='-0.6588231639881187' kdic='0.7274711971317718'>
    <a>1.96875</a>
    <c>0.0</c>
    <g>0.984375</g>
    <t>4.046875</t>
   </pm-column>
   <pm-column position='19' dic='-0.5061533988273668' kdic='0.8801409622925238'>
    <a>0.0</a>
    <c>2.953125</c>
    <g>0.0</g>
    <t>4.046875</t>
   </pm-column>
   <pm-column position='20' dic='-0.5099982397113425' kdic='0.8762961214085482'>
    <a>0.0</a>
    <c>3.0625</c>
    <g>0.0</g>
    <t>3.9375</t>
   </pm-column>
   <pm-column position='21' dic='-0.6666415188119222' kdic='0.7196528423079683'>
    <a>1.859375</a>
    <c>1.09375</c>
    <g>0.0</g>
    <t>4.046875</t>
   </pm-column>
  </WPCM>
  <PPM words-count='7.0' length='21' kdic='18.51532327495913' dic='-10.596858308558568'>
   <pm-column position='1' dic='-0.7658617894521329' kdic='0.6204325716677577'>
    <a>0.296875</a>
    <c>0.0</c>
    <g>0.421875</g>
    <t>0.28125</t>
   </pm-column>
   <pm-column position='2' dic='-0.6677675330261207' kdic='0.71852682809377'>
    <a>0.140625</a>
    <c>0.0</c>
    <g>0.296875</g>
    <t>0.5625</t>
   </pm-column>
   <pm-column position='3' dic='-0.8411300772893993' kdic='0.5451642838304913'>
    <a>0.140625</a>
    <c>0.4375</c>
    <g>0.296875</g>
    <t>0.125</t>
   </pm-column>
   <pm-column position='4' dic='-0.8635097300759912' kdic='0.5227846310438994'>
    <a>0.265625</a>
    <c>0.15625</c>
    <g>0.140625</g>
    <t>0.4375</t>
   </pm-column>
   <pm-column position='5' dic='-0.7711984791857469' kdic='0.6150958819341437'>
    <a>0.140625</a>
    <c>0.15625</c>
    <g>0.140625</g>
    <t>0.5625</t>
   </pm-column>
   <pm-column position='6' dic='-0.8355538295093706' kdic='0.55074053161052'>
    <a>0.140625</a>
    <c>0.125</c>
    <g>0.453125</g>
    <t>0.28125</t>
   </pm-column>
   <pm-column position='7' dic='-0.5129828016212569' kdic='0.8733115594986337'>
    <a>0.453125</a>
    <c>0.0</c>
    <g>0.0</g>
    <t>0.546875</t>
   </pm-column>
   <pm-column position='8' dic='-0.5263235815505966' kdic='0.8599707795692941'>
    <a>0.0</a>
    <c>0.140625</c>
    <g>0.140625</g>
    <t>0.71875</t>
   </pm-column>
   <pm-column position='9' dic='0.0' kdic='1.3862943611198906'>
    <a>1.0</a>
    <c>0.0</c>
    <g>0.0</g>
    <t>0.0</t>
   </pm-column>
   <pm-column position='10' dic='0.0' kdic='1.3862943611198906'>
    <a>0.0</a>
    <c>0.0</c>
    <g>0.0</g>
    <t>1.0</t>
   </pm-column>
   <pm-column position='11' dic='-0.6762693652316657' kdic='0.7100249958882248'>
    <a>0.0</a>
    <c>0.15625</c>
    <g>0.28125</g>
    <t>0.5625</t>
   </pm-column>
   <pm-column position='12' dic='-0.29691277232845514' kdic='1.0893815887914353'>
    <a>0.15625</a>
    <c>0.0</c>
    <g>0.84375</g>
    <t>0.0</t>
   </pm-column>
   <pm-column position='13' dic='0.0' kdic='1.3862943611198906'>
    <a>1.0</a>
    <c>0.0</c>
    <g>0.0</g>
    <t>0.0</t>
   </pm-column>
   <pm-column position='14' dic='-0.43139446759651545' kdic='0.9548998935233751'>
    <a>0.0</a>
    <c>0.28125</c>
    <g>0.0</g>
    <t>0.71875</t>
   </pm-column>
   <pm-column position='15' dic='0.0' kdic='1.3862943611198906'>
    <a>0.0</a>
    <c>0.0</c>
    <g>0.0</g>
    <t>1.0</t>
   </pm-column>
   <pm-column position='16' dic='-0.6349430927560532' kdic='0.7513512683638373'>
    <a>0.28125</a>
    <c>0.125</c>
    <g>0.0</g>
    <t>0.59375</t>
   </pm-column>
   <pm-column position='17' dic='-0.43139446759651545' kdic='0.9548998935233751'>
    <a>0.28125</a>
    <c>0.0</c>
    <g>0.0</g>
    <t>0.71875</t>
   </pm-column>
   <pm-column position='18' dic='-0.6588231639881187' kdic='0.7274711971317718'>
    <a>0.28125</a>
    <c>0.0</c>
    <g>0.140625</g>
    <t>0.578125</t>
   </pm-column>
   <pm-column position='19' dic='-0.5061533988273668' kdic='0.8801409622925238'>
    <a>0.0</a>
    <c>0.421875</c>
    <g>0.0</g>
    <t>0.578125</t>
   </pm-column>
   <pm-column position='20' dic='-0.5099982397113425' kdic='0.8762961214085482'>
    <a>0.0</a>
    <c>0.4375</c>
    <g>0.0</g>
    <t>0.5625</t>
   </pm-column>
   <pm-column position='21' dic='-0.6666415188119222' kdic='0.7196528423079683'>
    <a>0.265625</a>
    <c>0.15625</c>
    <g>0.0</g>
    <t>0.578125</t>
   </pm-column>
  </PPM>
  <PWM length='21' words-count='7.0'>
   <pm-column position='1'>
    <a>0.013475731829499129</a>
    <c>-1.5254666506814403</c>
    <g>0.5895487127025827</g>
    <t>-0.028739340326820406</t>
   </pm-column>
   <pm-column position='2'>
    <a>-0.5198754215113564</a>
    <c>-1.5254666506814403</c>
    <g>0.2876951662161097</g>
    <t>0.5457022335628783</t>
   </pm-column>
   <pm-column position='3'>
    <a>-0.5198754215113564</a>
    <c>0.6215987839757113</c>
    <g>0.2876951662161097</g>
    <t>-0.592944651677529</t>
   </pm-column>
   <pm-column position='4'>
    <a>-0.07281537394940889</a>
    <c>-0.21716254784127725</c>
    <g>-0.29293426907715475</g>
    <t>0.3297655313309439</t>
   </pm-column>
   <pm-column position='5'>
    <a>-0.5198754215113564</a>
    <c>-0.21716254784127725</c>
    <g>-0.29293426907715475</g>
    <t>0.5457022335628783</t>
   </pm-column>
   <pm-column position='6'>
    <a>-0.5198754215113564</a>
    <c>-0.37492152234856874</c>
    <g>0.6526534678615544</g>
    <t>-0.028739340326820406</t>
   </pm-column>
   <pm-column position='7'>
    <a>0.3594485761545922</a>
    <c>-1.5254666506814403</c>
    <g>-1.5254666506814403</g>
    <t>0.5211259844960412</t>
   </pm-column>
   <pm-column position='8'>
    <a>-1.5254666506814403</a>
    <c>-0.29293426907715475</c>
    <g>-0.29293426907715475</g>
    <t>0.7630426746226799</t>
   </pm-column>
   <pm-column position='9'>
    <a>1.0643459760967655</a>
    <c>-1.5254666506814403</c>
    <g>-1.5254666506814403</g>
    <t>-1.5254666506814403</t>
   </pm-column>
   <pm-column position='10'>
    <a>-1.5254666506814403</a>
    <c>-1.5254666506814403</c>
    <g>-1.5254666506814403</g>
    <t>1.0643459760967655</t>
   </pm-column>
   <pm-column position='11'>
    <a>-1.5254666506814403</a>
    <c>-0.21716254784127725</c>
    <g>0.24265031564986952</g>
    <t>0.5457022335628783</t>
   </pm-column>
   <pm-column position='12'>
    <a>-0.45178366668603853</a>
    <c>-1.5254666506814403</c>
    <g>1.2204845627912804</g>
    <t>-1.5254666506814403</t>
   </pm-column>
   <pm-column position='13'>
    <a>1.0643459760967655</a>
    <c>-1.5254666506814403</c>
    <g>-1.5254666506814403</g>
    <t>-1.5254666506814403</t>
   </pm-column>
   <pm-column position='14'>
    <a>-1.5254666506814403</a>
    <c>0.24265031564986952</c>
    <g>-1.5254666506814403</g>
    <t>0.7630426746226799</t>
   </pm-column>
   <pm-column position='15'>
    <a>-1.5254666506814403</a>
    <c>-1.5254666506814403</c>
    <g>-1.5254666506814403</g>
    <t>1.0643459760967655</t>
   </pm-column>
   <pm-column position='16'>
    <a>-0.028739340326820406</a>
    <c>-0.37492152234856874</c>
    <g>-1.5254666506814403</g>
    <t>0.5931137562393854</t>
   </pm-column>
   <pm-column position='17'>
    <a>-0.028739340326820406</a>
    <c>-1.5254666506814403</c>
    <g>-1.5254666506814403</g>
    <t>0.7630426746226799</t>
   </pm-column>
   <pm-column position='18'>
    <a>-0.028739340326820406</a>
    <c>-1.5254666506814403</c>
    <g>-0.29293426907715475</g>
    <t>0.5696889501485091</t>
   </pm-column>
   <pm-column position='19'>
    <a>-1.5254666506814403</a>
    <c>0.5895487127025827</c>
    <g>-1.5254666506814403</g>
    <t>0.5696889501485091</t>
   </pm-column>
   <pm-column position='20'>
    <a>-1.5254666506814403</a>
    <c>0.6215987839757113</c>
    <g>-1.5254666506814403</g>
    <t>0.5457022335628783</t>
   </pm-column>
   <pm-column position='21'>
    <a>-0.07281537394940889</a>
    <c>-0.21716254784127725</c>
    <g>-1.5254666506814403</g>
    <t>0.5696889501485091</t>
   </pm-column>
  </PWM>
 </motif>
</smallbismark>