<?xml version='1.0' encoding='UTF-8'?>
<smallbismark>
 <motif name='PLAG1_HUMAN' id='PLAG1_do' sample-size='25' sequence-count='25' coverage='1.0' length='22'>
  <comment>HOCOMOCO v9; MAR2012; ChIPMunk v3.1</comment>
  <background>
   <a>0.29182</a>
   <c>0.20818</c>
   <g>0.20818</g>
   <t>0.29182</t>
  </background>
  <consensus>nGRGGvnvYnnvdRGGGdbbnb</consensus>
  <WPCM words-count='25.0' length='22' dic='-17.67701491642205' kdic='12.821461028215543'>
   <pm-column position='1' dic='-1.139185712445035' kdic='0.24710864867485527'>
    <a>9.25</a>
    <c>4.25</c>
    <g>7.249999999999999</g>
    <t>4.25</t>
   </pm-column>
   <pm-column position='2' dic='-0.5550491717199031' kdic='0.8312451893999873'>
    <a>3.0</a>
    <c>1.0</c>
    <g>20.0</g>
    <t>1.0</t>
   </pm-column>
   <pm-column position='3' dic='-0.717965340959328' kdic='0.6683290201605624'>
    <a>13.0</a>
    <c>0.0</c>
    <g>11.0</g>
    <t>1.0</t>
   </pm-column>
   <pm-column position='4' dic='-0.43326827421096653' kdic='0.953026086908924'>
    <a>3.0</a>
    <c>0.0</c>
    <g>21.0</g>
    <t>1.0</t>
   </pm-column>
   <pm-column position='5' dic='-0.12875503299472796' kdic='1.2575393281251623'>
    <a>0.0</a>
    <c>1.0</c>
    <g>24.0</g>
    <t>0.0</t>
   </pm-column>
   <pm-column position='6' dic='-0.8922336940245643' kdic='0.4940606670953265'>
    <a>2.0</a>
    <c>11.0</c>
    <g>11.0</g>
    <t>1.0</t>
   </pm-column>
   <pm-column position='7' dic='-1.1179572302662135' kdic='0.268337130853677'>
    <a>6.0</a>
    <c>6.0</c>
    <g>10.0</g>
    <t>3.0</t>
   </pm-column>
   <pm-column position='8' dic='-0.8917175578334755' kdic='0.494576803286415'>
    <a>6.0</a>
    <c>13.0</c>
    <g>6.0</g>
    <t>0.0</t>
   </pm-column>
   <pm-column position='9' dic='-0.9049718432716528' kdic='0.48132251784823765'>
    <a>5.0</a>
    <c>12.0</c>
    <g>0.0</g>
    <t>8.0</t>
   </pm-column>
   <pm-column position='10' dic='-1.1484428323481426' kdic='0.2378515287717481'>
    <a>9.0</a>
    <c>4.0</c>
    <g>7.000000000000001</g>
    <t>5.0</t>
   </pm-column>
   <pm-column position='11' dic='-1.1422768051549992' kdic='0.2440175559648913'>
    <a>7.000000000000001</a>
    <c>3.0</c>
    <g>8.0</g>
    <t>7.000000000000001</t>
   </pm-column>
   <pm-column position='12' dic='-1.1322242280237629' kdic='0.2540701330961276'>
    <a>7.000000000000001</a>
    <c>6.0</c>
    <g>9.0</g>
    <t>3.0</t>
   </pm-column>
   <pm-column position='13' dic='-1.1322242280237629' kdic='0.25407013309612764'>
    <a>9.0</a>
    <c>3.0</c>
    <g>7.000000000000001</g>
    <t>6.0</t>
   </pm-column>
   <pm-column position='14' dic='-0.8023738689708444' kdic='0.5839204921490462'>
    <a>16.0</a>
    <c>1.0</c>
    <g>6.0</g>
    <t>2.0</t>
   </pm-column>
   <pm-column position='15' dic='-0.22815129898390069' kdic='1.15814306213599'>
    <a>0.0</a>
    <c>0.0</c>
    <g>23.0</g>
    <t>2.0</t>
   </pm-column>
   <pm-column position='16' dic='-0.12875503299472796' kdic='1.2575393281251623'>
    <a>0.0</a>
    <c>1.0</c>
    <g>24.0</g>
    <t>0.0</t>
   </pm-column>
   <pm-column position='17' dic='0.0' kdic='1.3862943611198906'>
    <a>0.0</a>
    <c>0.0</c>
    <g>25.0</g>
    <t>0.0</t>
   </pm-column>
   <pm-column position='18' dic='-1.027765453099903' kdic='0.35852890801998727'>
    <a>4.0</a>
    <c>3.0</c>
    <g>13.0</g>
    <t>5.0</t>
   </pm-column>
   <pm-column position='19' dic='-0.977654934357744' kdic='0.4086394267621463'>
    <a>2.0</a>
    <c>3.0</c>
    <g>13.0</g>
    <t>7.000000000000001</t>
   </pm-column>
   <pm-column position='20' dic='-1.008582529887083' kdic='0.37771183123280727'>
    <a>2.0</a>
    <c>3.0</c>
    <g>9.0</g>
    <t>11.0</t>
   </pm-column>
   <pm-column position='21' dic='-1.074911652953622' kdic='0.3113827081662686'>
    <a>12.0</a>
    <c>4.0</c>
    <g>5.0</g>
    <t>4.0</t>
   </pm-column>
   <pm-column position='22' dic='-1.0925481938976873' kdic='0.29374616722220326'>
    <a>2.5</a>
    <c>10.5</c>
    <g>6.5</g>
    <t>5.5</t>
   </pm-column>
  </WPCM>
  <PPM words-count='25.0' length='22' kdic='12.821461028215543' dic='-17.67701491642205'>
   <pm-column position='1' dic='-1.139185712445035' kdic='0.24710864867485527'>
    <a>0.37</a>
    <c>0.17</c>
    <g>0.29</g>
    <t>0.17</t>
   </pm-column>
   <pm-column position='2' dic='-0.5550491717199031' kdic='0.8312451893999873'>
    <a>0.12</a>
    <c>0.04</c>
    <g>0.8</g>
    <t>0.04</t>
   </pm-column>
   <pm-column position='3' dic='-0.717965340959328' kdic='0.6683290201605624'>
    <a>0.52</a>
    <c>0.0</c>
    <g>0.44</g>
    <t>0.04</t>
   </pm-column>
   <pm-column position='4' dic='-0.43326827421096653' kdic='0.953026086908924'>
    <a>0.12</a>
    <c>0.0</c>
    <g>0.84</g>
    <t>0.04</t>
   </pm-column>
   <pm-column position='5' dic='-0.12875503299472796' kdic='1.2575393281251623'>
    <a>0.0</a>
    <c>0.04</c>
    <g>0.96</g>
    <t>0.0</t>
   </pm-column>
   <pm-column position='6' dic='-0.8922336940245643' kdic='0.4940606670953265'>
    <a>0.08</a>
    <c>0.44</c>
    <g>0.44</g>
    <t>0.04</t>
   </pm-column>
   <pm-column position='7' dic='-1.1179572302662135' kdic='0.268337130853677'>
    <a>0.24</a>
    <c>0.24</c>
    <g>0.4</g>
    <t>0.12</t>
   </pm-column>
   <pm-column position='8' dic='-0.8917175578334755' kdic='0.494576803286415'>
    <a>0.24</a>
    <c>0.52</c>
    <g>0.24</g>
    <t>0.0</t>
   </pm-column>
   <pm-column position='9' dic='-0.9049718432716528' kdic='0.48132251784823765'>
    <a>0.2</a>
    <c>0.48</c>
    <g>0.0</g>
    <t>0.32</t>
   </pm-column>
   <pm-column position='10' dic='-1.1484428323481426' kdic='0.2378515287717481'>
    <a>0.36</a>
    <c>0.16</c>
    <g>0.28</g>
    <t>0.2</t>
   </pm-column>
   <pm-column position='11' dic='-1.1422768051549992' kdic='0.2440175559648913'>
    <a>0.28</a>
    <c>0.12</c>
    <g>0.32</g>
    <t>0.28</t>
   </pm-column>
   <pm-column position='12' dic='-1.1322242280237629' kdic='0.2540701330961276'>
    <a>0.28</a>
    <c>0.24</c>
    <g>0.36</g>
    <t>0.12</t>
   </pm-column>
   <pm-column position='13' dic='-1.1322242280237629' kdic='0.25407013309612764'>
    <a>0.36</a>
    <c>0.12</c>
    <g>0.28</g>
    <t>0.24</t>
   </pm-column>
   <pm-column position='14' dic='-0.8023738689708444' kdic='0.5839204921490462'>
    <a>0.64</a>
    <c>0.04</c>
    <g>0.24</g>
    <t>0.08</t>
   </pm-column>
   <pm-column position='15' dic='-0.22815129898390069' kdic='1.15814306213599'>
    <a>0.0</a>
    <c>0.0</c>
    <g>0.92</g>
    <t>0.08</t>
   </pm-column>
   <pm-column position='16' dic='-0.12875503299472796' kdic='1.2575393281251623'>
    <a>0.0</a>
    <c>0.04</c>
    <g>0.96</g>
    <t>0.0</t>
   </pm-column>
   <pm-column position='17' dic='0.0' kdic='1.3862943611198906'>
    <a>0.0</a>
    <c>0.0</c>
    <g>1.0</g>
    <t>0.0</t>
   </pm-column>
   <pm-column position='18' dic='-1.027765453099903' kdic='0.35852890801998727'>
    <a>0.16</a>
    <c>0.12</c>
    <g>0.52</g>
    <t>0.2</t>
   </pm-column>
   <pm-column position='19' dic='-0.977654934357744' kdic='0.4086394267621463'>
    <a>0.08</a>
    <c>0.12</c>
    <g>0.52</g>
    <t>0.28</t>
   </pm-column>
   <pm-column position='20' dic='-1.008582529887083' kdic='0.37771183123280727'>
    <a>0.08</a>
    <c>0.12</c>
    <g>0.36</g>
    <t>0.44</t>
   </pm-column>
   <pm-column position='21' dic='-1.074911652953622' kdic='0.3113827081662686'>
    <a>0.48</a>
    <c>0.16</c>
    <g>0.2</g>
    <t>0.16</t>
   </pm-column>
   <pm-column position='22' dic='-1.0925481938976873' kdic='0.29374616722220326'>
    <a>0.1</a>
    <c>0.42</c>
    <g>0.26</g>
    <t>0.22</t>
   </pm-column>
  </PPM>
  <PWM length='22' words-count='25.0'>
   <pm-column position='1'>
    <a>0.21298264353304053</a>
    <c>-0.17732803777159456</c>
    <g>0.29874536897795684</g>
    <t>-0.4617550362700875</t>
   </pm-column>
   <pm-column position='2'>
    <a>-0.7373497355853892</a>
    <c>-1.2577653238287598</c>
    <g>1.2580281605676453</g>
    <t>-1.446021107619112</t>
   </pm-column>
   <pm-column position='3'>
    <a>0.5263562196846179</a>
    <c>-2.17095893363032</c>
    <g>0.6863707249492595</g>
    <t>-1.446021107619112</t>
   </pm-column>
   <pm-column position='4'>
    <a>-0.7373497355853892</a>
    <c>-2.17095893363032</c>
    <g>1.3052733336473794</g>
    <t>-1.446021107619112</t>
   </pm-column>
   <pm-column position='5'>
    <a>-2.17095893363032</a>
    <c>-1.2577653238287598</c>
    <g>1.4349317730531561</g>
    <t>-2.17095893363032</t>
   </pm-column>
   <pm-column position='6'>
    <a>-1.0301798070604675</a>
    <c>0.6863707249492595</c>
    <g>0.6863707249492595</g>
    <t>-1.446021107619112</t>
   </pm-column>
   <pm-column position='7'>
    <a>-0.1711537962563042</a>
    <c>0.12697687175003233</c>
    <g>0.5967863107953806</g>
    <t>-0.7373497355853892</t>
   </pm-column>
   <pm-column position='8'>
    <a>-0.1711537962563042</a>
    <c>0.8445514200817917</c>
    <g>0.12697687175003233</g>
    <t>-2.17095893363032</t>
   </pm-column>
   <pm-column position='9'>
    <a>-0.32676299467253506</a>
    <c>0.7685854587695456</c>
    <g>-2.17095893363032</g>
    <t>0.08210202026722249</t>
   </pm-column>
   <pm-column position='10'>
    <a>0.18814113236497937</a>
    <c>-0.2294761866966032</c>
    <g>0.2666712739846886</g>
    <t>-0.32676299467253506</t>
   </pm-column>
   <pm-column position='11'>
    <a>-0.036529909020657815</a>
    <c>-0.4704365721438638</c>
    <g>0.3892216390185154</g>
    <t>-0.036529909020657815</t>
   </pm-column>
   <pm-column position='12'>
    <a>-0.036529909020657815</a>
    <c>0.12697687175003233</c>
    <g>0.4983797217416312</g>
    <t>-0.7373497355853892</t>
   </pm-column>
   <pm-column position='13'>
    <a>0.18814113236497937</a>
    <c>-0.4704365721438638</c>
    <g>0.2666712739846886</g>
    <t>-0.1711537962563042</t>
   </pm-column>
   <pm-column position='14'>
    <a>0.7212801742499853</a>
    <c>-1.2577653238287598</c>
    <g>0.12697687175003233</g>
    <t>-1.0301798070604675</t>
   </pm-column>
   <pm-column position='15'>
    <a>-2.17095893363032</a>
    <c>-2.17095893363032</c>
    <g>1.393552472205626</g>
    <t>-1.0301798070604675</t>
   </pm-column>
   <pm-column position='16'>
    <a>-2.17095893363032</a>
    <c>-1.2577653238287598</c>
    <g>1.4349317730531561</g>
    <t>-2.17095893363032</t>
   </pm-column>
   <pm-column position='17'>
    <a>-2.17095893363032</a>
    <c>-2.17095893363032</c>
    <g>1.4746666472899999</g>
    <t>-2.17095893363032</t>
   </pm-column>
   <pm-column position='18'>
    <a>-0.5111300579314494</a>
    <c>-0.4704365721438638</c>
    <g>0.8445514200817917</g>
    <t>-0.32676299467253506</t>
   </pm-column>
   <pm-column position='19'>
    <a>-1.0301798070604675</a>
    <c>-0.4704365721438638</c>
    <g>0.8445514200817917</g>
    <t>-0.036529909020657815</t>
   </pm-column>
   <pm-column position='20'>
    <a>-1.0301798070604675</a>
    <c>-0.4704365721438638</c>
    <g>0.4983797217416312</g>
    <t>0.37147972117465916</t>
   </pm-column>
   <pm-column position='21'>
    <a>0.4519133197534474</a>
    <c>-0.2294761866966032</c>
    <g>-0.03545068717077718</g>
    <t>-0.5111300579314494</t>
   </pm-column>
   <pm-column position='22'>
    <a>-0.8730841691746223</a>
    <c>0.6425813535084737</c>
    <g>0.19926140777542858</g>
    <t>-0.2459346665094843</t>
   </pm-column>
  </PWM>
 </motif>
</smallbismark>