<?xml version='1.0' encoding='UTF-8'?>
<smallbismark>
 <motif name='SMAD2_HUMAN' id='SMAD2_do' sample-size='22' sequence-count='16' coverage='0.7272727272727273' length='25'>
  <comment>HOCOMOCO v9; MAR2012; ChIPMunk v3.1</comment>
  <background>
   <a>0.29182</a>
   <c>0.20818</c>
   <g>0.20818</g>
   <t>0.29182</t>
  </background>
  <consensus>vvdRYdKdShSKGdARRvGbYYdSn</consensus>
  <WPCM words-count='16.0' length='25' dic='-20.84592916355252' kdic='13.811429864444747'>
   <pm-column position='1' dic='-1.025945733620523' kdic='0.3603486274993675'>
    <a>3.46875</a>
    <c>6.46875</c>
    <g>4.59375</g>
    <t>1.46875</t>
   </pm-column>
   <pm-column position='2' dic='-1.0421996016638837' kdic='0.3440947594560068'>
    <a>6.125</a>
    <c>5.125</c>
    <g>2.75</g>
    <t>2.0</t>
   </pm-column>
   <pm-column position='3' dic='-0.8080243877082014' kdic='0.5782699734116892'>
    <a>2.0</a>
    <c>0.0</c>
    <g>7.0</g>
    <t>7.0</t>
   </pm-column>
   <pm-column position='4' dic='-0.8512160639049056' kdic='0.5350782972149852'>
    <a>6.875</a>
    <c>1.0</c>
    <g>7.125</g>
    <t>1.0</t>
   </pm-column>
   <pm-column position='5' dic='-0.7822715432389111' kdic='0.6040228178809794'>
    <a>1.0</a>
    <c>9.25</c>
    <g>0.75</g>
    <t>5.0</t>
   </pm-column>
   <pm-column position='6' dic='-0.987205155088545' kdic='0.39908920603134573'>
    <a>5.875</a>
    <c>1.0</c>
    <g>6.0</g>
    <t>3.125</t>
   </pm-column>
   <pm-column position='7' dic='-0.8805935830872882' kdic='0.5057007780326023'>
    <a>2.0</a>
    <c>1.0</c>
    <g>8.875</g>
    <t>4.125</t>
   </pm-column>
   <pm-column position='8' dic='-0.748995537159141' kdic='0.6372988239607495'>
    <a>3.0</a>
    <c>0.0</c>
    <g>10.0</g>
    <t>3.0</t>
   </pm-column>
   <pm-column position='9' dic='-0.6677903506474194' kdic='0.7185040104724713'>
    <a>0.0</a>
    <c>3.0</c>
    <g>11.0</g>
    <t>2.0</t>
   </pm-column>
   <pm-column position='10' dic='-1.0220303864968314' kdic='0.36426397462305904'>
    <a>7.0</a>
    <c>3.125</c>
    <g>1.75</g>
    <t>4.125</t>
   </pm-column>
   <pm-column position='11' dic='-0.774337106412408' kdic='0.6119572547074825'>
    <a>2.0</a>
    <c>5.0</c>
    <g>9.0</g>
    <t>0.0</t>
   </pm-column>
   <pm-column position='12' dic='-0.9055275218259484' kdic='0.48076683929394226'>
    <a>4.75</a>
    <c>0.0</c>
    <g>6.125</g>
    <t>5.125</t>
   </pm-column>
   <pm-column position='13' dic='-0.5857828439003319' kdic='0.8005115172195587'>
    <a>0.0</a>
    <c>7.125</c>
    <g>8.875</g>
    <t>0.0</t>
   </pm-column>
   <pm-column position='14' dic='-1.0617230194792127' kdic='0.324571341640678'>
    <a>6.125</a>
    <c>2.0</c>
    <g>3.75</g>
    <t>4.125</t>
   </pm-column>
   <pm-column position='15' dic='-0.5840544540583619' kdic='0.8022399070615289'>
    <a>9.0</a>
    <c>7.0</c>
    <g>0.0</g>
    <t>0.0</t>
   </pm-column>
   <pm-column position='16' dic='-0.6786567296377264' kdic='0.707637631482164'>
    <a>5.125</a>
    <c>0.0</c>
    <g>9.875</g>
    <t>1.0</t>
   </pm-column>
   <pm-column position='17' dic='-0.862653549362294' kdic='0.5236408117575966'>
    <a>6.25</a>
    <c>3.0</c>
    <g>6.75</g>
    <t>0.0</t>
   </pm-column>
   <pm-column position='18' dic='-0.9364825584219076' kdic='0.44981180269798315'>
    <a>2.875</a>
    <c>8.125</c>
    <g>4.0</g>
    <t>1.0</t>
   </pm-column>
   <pm-column position='19' dic='-0.2992182339202105' kdic='1.08707612719968'>
    <a>2.0</a>
    <c>0.0</c>
    <g>14.0</g>
    <t>0.0</t>
   </pm-column>
   <pm-column position='20' dic='-0.9247197514787304' kdic='0.46157460964116037'>
    <a>1.125</a>
    <c>2.0</c>
    <g>7.875</g>
    <t>5.0</t>
   </pm-column>
   <pm-column position='21' dic='-0.9068274827278282' kdic='0.4794668783920625'>
    <a>2.125</a>
    <c>9.125</c>
    <g>1.75</g>
    <t>3.0</t>
   </pm-column>
   <pm-column position='22' dic='-0.8504811072300009' kdic='0.5358132538898897'>
    <a>2.75</a>
    <c>6.25</c>
    <g>0.0</g>
    <t>7.0</t>
   </pm-column>
   <pm-column position='23' dic='-0.9283875928382812' kdic='0.4579067682816095'>
    <a>5.875</a>
    <c>1.0</c>
    <g>7.125</g>
    <t>2.0</t>
   </pm-column>
   <pm-column position='24' dic='-0.6768806538387782' kdic='0.7094137072811125'>
    <a>2.0</a>
    <c>3.125</c>
    <g>10.875</g>
    <t>0.0</t>
   </pm-column>
   <pm-column position='25' dic='-1.0539242158048485' kdic='0.332370145315042'>
    <a>2.71875</a>
    <c>2.71875</c>
    <g>3.84375</g>
    <t>6.71875</t>
   </pm-column>
  </WPCM>
  <PPM words-count='16.0' length='25' kdic='13.811429864444747' dic='-20.84592916355252'>
   <pm-column position='1' dic='-1.025945733620523' kdic='0.3603486274993675'>
    <a>0.216796875</a>
    <c>0.404296875</c>
    <g>0.287109375</g>
    <t>0.091796875</t>
   </pm-column>
   <pm-column position='2' dic='-1.0421996016638837' kdic='0.3440947594560068'>
    <a>0.3828125</a>
    <c>0.3203125</c>
    <g>0.171875</g>
    <t>0.125</t>
   </pm-column>
   <pm-column position='3' dic='-0.8080243877082014' kdic='0.5782699734116892'>
    <a>0.125</a>
    <c>0.0</c>
    <g>0.4375</g>
    <t>0.4375</t>
   </pm-column>
   <pm-column position='4' dic='-0.8512160639049056' kdic='0.5350782972149852'>
    <a>0.4296875</a>
    <c>0.0625</c>
    <g>0.4453125</g>
    <t>0.0625</t>
   </pm-column>
   <pm-column position='5' dic='-0.7822715432389111' kdic='0.6040228178809794'>
    <a>0.0625</a>
    <c>0.578125</c>
    <g>0.046875</g>
    <t>0.3125</t>
   </pm-column>
   <pm-column position='6' dic='-0.987205155088545' kdic='0.39908920603134573'>
    <a>0.3671875</a>
    <c>0.0625</c>
    <g>0.375</g>
    <t>0.1953125</t>
   </pm-column>
   <pm-column position='7' dic='-0.8805935830872882' kdic='0.5057007780326023'>
    <a>0.125</a>
    <c>0.0625</c>
    <g>0.5546875</g>
    <t>0.2578125</t>
   </pm-column>
   <pm-column position='8' dic='-0.748995537159141' kdic='0.6372988239607495'>
    <a>0.1875</a>
    <c>0.0</c>
    <g>0.625</g>
    <t>0.1875</t>
   </pm-column>
   <pm-column position='9' dic='-0.6677903506474194' kdic='0.7185040104724713'>
    <a>0.0</a>
    <c>0.1875</c>
    <g>0.6875</g>
    <t>0.125</t>
   </pm-column>
   <pm-column position='10' dic='-1.0220303864968314' kdic='0.36426397462305904'>
    <a>0.4375</a>
    <c>0.1953125</c>
    <g>0.109375</g>
    <t>0.2578125</t>
   </pm-column>
   <pm-column position='11' dic='-0.774337106412408' kdic='0.6119572547074825'>
    <a>0.125</a>
    <c>0.3125</c>
    <g>0.5625</g>
    <t>0.0</t>
   </pm-column>
   <pm-column position='12' dic='-0.9055275218259484' kdic='0.48076683929394226'>
    <a>0.296875</a>
    <c>0.0</c>
    <g>0.3828125</g>
    <t>0.3203125</t>
   </pm-column>
   <pm-column position='13' dic='-0.5857828439003319' kdic='0.8005115172195587'>
    <a>0.0</a>
    <c>0.4453125</c>
    <g>0.5546875</g>
    <t>0.0</t>
   </pm-column>
   <pm-column position='14' dic='-1.0617230194792127' kdic='0.324571341640678'>
    <a>0.3828125</a>
    <c>0.125</c>
    <g>0.234375</g>
    <t>0.2578125</t>
   </pm-column>
   <pm-column position='15' dic='-0.5840544540583619' kdic='0.8022399070615289'>
    <a>0.5625</a>
    <c>0.4375</c>
    <g>0.0</g>
    <t>0.0</t>
   </pm-column>
   <pm-column position='16' dic='-0.6786567296377264' kdic='0.707637631482164'>
    <a>0.3203125</a>
    <c>0.0</c>
    <g>0.6171875</g>
    <t>0.0625</t>
   </pm-column>
   <pm-column position='17' dic='-0.862653549362294' kdic='0.5236408117575966'>
    <a>0.390625</a>
    <c>0.1875</c>
    <g>0.421875</g>
    <t>0.0</t>
   </pm-column>
   <pm-column position='18' dic='-0.9364825584219076' kdic='0.44981180269798315'>
    <a>0.1796875</a>
    <c>0.5078125</c>
    <g>0.25</g>
    <t>0.0625</t>
   </pm-column>
   <pm-column position='19' dic='-0.2992182339202105' kdic='1.08707612719968'>
    <a>0.125</a>
    <c>0.0</c>
    <g>0.875</g>
    <t>0.0</t>
   </pm-column>
   <pm-column position='20' dic='-0.9247197514787304' kdic='0.46157460964116037'>
    <a>0.0703125</a>
    <c>0.125</c>
    <g>0.4921875</g>
    <t>0.3125</t>
   </pm-column>
   <pm-column position='21' dic='-0.9068274827278282' kdic='0.4794668783920625'>
    <a>0.1328125</a>
    <c>0.5703125</c>
    <g>0.109375</g>
    <t>0.1875</t>
   </pm-column>
   <pm-column position='22' dic='-0.8504811072300009' kdic='0.5358132538898897'>
    <a>0.171875</a>
    <c>0.390625</c>
    <g>0.0</g>
    <t>0.4375</t>
   </pm-column>
   <pm-column position='23' dic='-0.9283875928382812' kdic='0.4579067682816095'>
    <a>0.3671875</a>
    <c>0.0625</c>
    <g>0.4453125</g>
    <t>0.125</t>
   </pm-column>
   <pm-column position='24' dic='-0.6768806538387782' kdic='0.7094137072811125'>
    <a>0.125</a>
    <c>0.1953125</c>
    <g>0.6796875</g>
    <t>0.0</t>
   </pm-column>
   <pm-column position='25' dic='-1.0539242158048485' kdic='0.332370145315042'>
    <a>0.169921875</a>
    <c>0.169921875</c>
    <g>0.240234375</g>
    <t>0.419921875</t>
   </pm-column>
  </PPM>
  <PWM length='25' words-count='16.0'>
   <pm-column position='1'>
    <a>-0.24731705161800174</a>
    <c>0.5893867563955071</c>
    <g>0.27999072613434656</g>
    <t>-0.8775388515262972</t>
   </pm-column>
   <pm-column position='2'>
    <a>0.2356850963486472</a>
    <c>0.3777861820375061</c>
    <g>-0.16093348616587666</g>
    <t>-0.6679053976265219</t>
   </pm-column>
   <pm-column position='3'>
    <a>-0.6679053976265219</a>
    <c>-1.912616318623878</c>
    <g>0.6620774086449918</g>
    <t>0.35452380516953264</t>
   </pm-column>
   <pm-column position='4'>
    <a>0.33838731053689647</a>
    <c>-0.9074100423652394</c>
    <g>0.6784396506785955</g>
    <t>-1.107943194598208</t>
   </pm-column>
   <pm-column position='5'>
    <a>-1.107943194598208</a>
    <c>0.9220874108267274</c>
    <g>-1.0799884770178234</g>
    <t>0.058659036259558955</t>
   </pm-column>
   <pm-column position='6'>
    <a>0.19896531332297948</a>
    <c>-0.9074100423652394</c>
    <g>0.5205429996272825</g>
    <t>-0.33108578476271017</t>
   </pm-column>
   <pm-column position='7'>
    <a>-0.6679053976265219</a>
    <c>-0.9074100423652394</c>
    <g>0.8831809197321584</g>
    <t>-0.10459681798888414</t>
   </pm-column>
   <pm-column position='8'>
    <a>-0.36337511590374605</a>
    <c>-1.912616318623878</c>
    <g>0.9956340264642964</g>
    <t>-0.36337511590374605</t>
   </pm-column>
   <pm-column position='9'>
    <a>-1.912616318623878</a>
    <c>-0.08848444017988784</c>
    <g>1.0859708480511447</g>
    <t>-0.6679053976265219</t>
   </pm-column>
   <pm-column position='10'>
    <a>0.35452380516953264</a>
    <c>-0.0541376712126669</c>
    <g>-0.5183974389850832</g>
    <t>-0.10459681798888414</t>
   </pm-column>
   <pm-column position='11'>
    <a>-0.6679053976265219</a>
    <c>0.3556210155186765</c>
    <g>0.8963186605728887</g>
    <t>-1.912616318623878</t>
   </pm-column>
   <pm-column position='12'>
    <a>0.01466948410255853</a>
    <c>-1.912616318623878</c>
    <g>0.5393696783096878</g>
    <t>0.07994881424291006</t>
   </pm-column>
   <pm-column position='13'>
    <a>-1.912616318623878</a>
    <c>0.6784396506785955</c>
    <g>0.8831809197321584</g>
    <t>-1.912616318623878</t>
   </pm-column>
   <pm-column position='14'>
    <a>0.2356850963486472</a>
    <c>-0.41636015765617884</c>
    <g>0.10185537152328497</g>
    <t>-0.10459681798888414</t>
   </pm-column>
   <pm-column position='15'>
    <a>0.5825450268796792</a>
    <c>0.6620774086449918</c>
    <g>-1.912616318623878</g>
    <t>-1.912616318623878</t>
   </pm-column>
   <pm-column position='16'>
    <a>0.07994881424291006</a>
    <c>-1.912616318623878</c>
    <g>0.9837457795429215</g>
    <t>-1.107943194598208</t>
   </pm-column>
   <pm-column position='17'>
    <a>0.25355143279297</a>
    <c>-0.08848444017988784</c>
    <g>0.6285271677971387</g>
    <t>-1.912616318623878</t>
   </pm-column>
   <pm-column position='18'>
    <a>-0.39674193608540465</a>
    <c>0.8005093621338855</c>
    <g>0.15802201757678103</g>
    <t>-1.107943194598208</t>
   </pm-column>
   <pm-column position='19'>
    <a>-0.6679053976265219</a>
    <c>-1.912616318623878</c>
    <g>1.3163916827357234</g>
    <t>-1.912616318623878</t>
   </pm-column>
   <pm-column position='20'>
    <a>-1.0411300077194259</a>
    <c>-0.41636015765617884</c>
    <g>0.7713602923511831</g>
    <t>0.058659036259558955</t>
   </pm-column>
   <pm-column position='21'>
    <a>-0.6243685411512357</a>
    <c>0.9092860369645849</c>
    <g>-0.5183974389850832</g>
    <t>-0.36337511590374605</t>
   </pm-column>
   <pm-column position='22'>
    <a>-0.43126064642168616</a>
    <c>0.5578484529534634</c>
    <g>-1.912616318623878</g>
    <t>0.35452380516953264</t>
   </pm-column>
   <pm-column position='23'>
    <a>0.19896531332297948</a>
    <c>-0.9074100423652394</c>
    <g>0.6784396506785955</g>
    <t>-0.6679053976265219</t>
   </pm-column>
   <pm-column position='24'>
    <a>-0.6679053976265219</a>
    <c>-0.0541376712126669</c>
    <g>1.075115062323539</g>
    <t>-1.912616318623878</t>
   </pm-column>
   <pm-column position='25'>
    <a>-0.4400797697366689</a>
    <c>-0.17037012427145415</c>
    <g>0.12328924466183264</g>
    <t>0.31784348511691046</t>
   </pm-column>
  </PWM>
 </motif>
</smallbismark>