<?xml version='1.0' encoding='UTF-8'?>
<smallbismark>
 <motif name='TOPRS_HUMAN' id='TOPRS_si' sample-size='26' sequence-count='18' coverage='0.6923076923076923' length='25'>
  <comment>HOCOMOCO v9; MAR2012; ChIPMunk v3.1</comment>
  <background>
   <a>0.29182</a>
   <c>0.20818</c>
   <g>0.20818</g>
   <t>0.29182</t>
  </background>
  <consensus>CCTCCCAAAGTGCTGGGATTACAGG</consensus>
  <WPCM words-count='18.0' length='25' dic='-2.5130762054100604' kdic='32.14428282258719'>
   <pm-column position='1' dic='-0.1605762083692118' kdic='1.2257181527506784'>
    <a>1.0000000000000009</a>
    <c>16.999999999999993</c>
    <g>0.0</g>
    <t>0.0</t>
   </pm-column>
   <pm-column position='2' dic='-0.1605762083692118' kdic='1.225718152750678'>
    <a>0.0</a>
    <c>16.999999999999993</c>
    <g>0.0</g>
    <t>1.0000000000000009</t>
   </pm-column>
   <pm-column position='3' dic='0.0' kdic='1.3862943611198906'>
    <a>0.0</a>
    <c>0.0</c>
    <g>0.0</g>
    <t>18.0</t>
   </pm-column>
   <pm-column position='4' dic='0.0' kdic='1.3862943611198906'>
    <a>0.0</a>
    <c>18.0</c>
    <g>0.0</g>
    <t>0.0</t>
   </pm-column>
   <pm-column position='5' dic='0.0' kdic='1.3862943611198906'>
    <a>0.0</a>
    <c>18.0</c>
    <g>0.0</g>
    <t>0.0</t>
   </pm-column>
   <pm-column position='6' dic='0.0' kdic='1.3862943611198906'>
    <a>0.0</a>
    <c>18.0</c>
    <g>0.0</g>
    <t>0.0</t>
   </pm-column>
   <pm-column position='7' dic='-0.1605762083692118' kdic='1.225718152750678'>
    <a>16.999999999999993</a>
    <c>0.0</c>
    <g>0.0</g>
    <t>1.0000000000000009</t>
   </pm-column>
   <pm-column position='8' dic='0.0' kdic='1.3862943611198906'>
    <a>18.0</a>
    <c>0.0</c>
    <g>0.0</g>
    <t>0.0</t>
   </pm-column>
   <pm-column position='9' dic='-0.1605762083692118' kdic='1.225718152750678'>
    <a>16.999999999999993</a>
    <c>0.0</c>
    <g>1.0000000000000009</g>
    <t>0.0</t>
   </pm-column>
   <pm-column position='10' dic='-0.1605762083692118' kdic='1.225718152750678'>
    <a>0.0</a>
    <c>0.0</c>
    <g>16.999999999999993</g>
    <t>1.0000000000000009</t>
   </pm-column>
   <pm-column position='11' dic='-0.1605762083692118' kdic='1.2257181527506784'>
    <a>1.0000000000000009</a>
    <c>0.0</c>
    <g>0.0</g>
    <t>16.999999999999993</t>
   </pm-column>
   <pm-column position='12' dic='-0.3179769493028698' kdic='1.0683174118170211'>
    <a>0.0</a>
    <c>1.0000000000000009</c>
    <g>16.0</g>
    <t>1.0000000000000009</t>
   </pm-column>
   <pm-column position='13' dic='0.0' kdic='1.3862943611198906'>
    <a>0.0</a>
    <c>18.0</c>
    <g>0.0</g>
    <t>0.0</t>
   </pm-column>
   <pm-column position='14' dic='0.0' kdic='1.3862943611198906'>
    <a>0.0</a>
    <c>0.0</c>
    <g>0.0</g>
    <t>18.0</t>
   </pm-column>
   <pm-column position='15' dic='0.0' kdic='1.3862943611198906'>
    <a>0.0</a>
    <c>0.0</c>
    <g>18.0</g>
    <t>0.0</t>
   </pm-column>
   <pm-column position='16' dic='0.0' kdic='1.3862943611198906'>
    <a>0.0</a>
    <c>0.0</c>
    <g>18.0</g>
    <t>0.0</t>
   </pm-column>
   <pm-column position='17' dic='0.0' kdic='1.3862943611198906'>
    <a>0.0</a>
    <c>0.0</c>
    <g>18.0</g>
    <t>0.0</t>
   </pm-column>
   <pm-column position='18' dic='0.0' kdic='1.3862943611198906'>
    <a>18.0</a>
    <c>0.0</c>
    <g>0.0</g>
    <t>0.0</t>
   </pm-column>
   <pm-column position='19' dic='0.0' kdic='1.3862943611198906'>
    <a>0.0</a>
    <c>0.0</c>
    <g>0.0</g>
    <t>18.0</t>
   </pm-column>
   <pm-column position='20' dic='0.0' kdic='1.3862943611198906'>
    <a>0.0</a>
    <c>0.0</c>
    <g>0.0</g>
    <t>18.0</t>
   </pm-column>
   <pm-column position='21' dic='-0.1605762083692118' kdic='1.225718152750678'>
    <a>16.999999999999993</a>
    <c>0.0</c>
    <g>1.0000000000000009</g>
    <t>0.0</t>
   </pm-column>
   <pm-column position='22' dic='-0.5925126398506261' kdic='0.7937817212692642'>
    <a>0.0</a>
    <c>12.999999999999996</c>
    <g>1.0000000000000009</g>
    <t>3.9999999999999956</t>
   </pm-column>
   <pm-column position='23' dic='-0.1605762083692118' kdic='1.225718152750678'>
    <a>16.999999999999993</a>
    <c>0.0</c>
    <g>1.0000000000000009</g>
    <t>0.0</t>
   </pm-column>
   <pm-column position='24' dic='0.0' kdic='1.3862943611198906'>
    <a>0.0</a>
    <c>0.0</c>
    <g>18.0</g>
    <t>0.0</t>
   </pm-column>
   <pm-column position='25' dic='-0.3179769493028698' kdic='1.0683174118170211'>
    <a>1.0000000000000009</a>
    <c>0.0</c>
    <g>16.0</g>
    <t>1.0000000000000009</t>
   </pm-column>
  </WPCM>
  <PPM words-count='18.0' length='25' kdic='32.14428282258719' dic='-2.5130762054100604'>
   <pm-column position='1' dic='-0.1605762083692118' kdic='1.2257181527506784'>
    <a>0.0555555555555556</a>
    <c>0.944444444444444</c>
    <g>0.0</g>
    <t>0.0</t>
   </pm-column>
   <pm-column position='2' dic='-0.1605762083692118' kdic='1.225718152750678'>
    <a>0.0</a>
    <c>0.944444444444444</c>
    <g>0.0</g>
    <t>0.0555555555555556</t>
   </pm-column>
   <pm-column position='3' dic='0.0' kdic='1.3862943611198906'>
    <a>0.0</a>
    <c>0.0</c>
    <g>0.0</g>
    <t>1.0</t>
   </pm-column>
   <pm-column position='4' dic='0.0' kdic='1.3862943611198906'>
    <a>0.0</a>
    <c>1.0</c>
    <g>0.0</g>
    <t>0.0</t>
   </pm-column>
   <pm-column position='5' dic='0.0' kdic='1.3862943611198906'>
    <a>0.0</a>
    <c>1.0</c>
    <g>0.0</g>
    <t>0.0</t>
   </pm-column>
   <pm-column position='6' dic='0.0' kdic='1.3862943611198906'>
    <a>0.0</a>
    <c>1.0</c>
    <g>0.0</g>
    <t>0.0</t>
   </pm-column>
   <pm-column position='7' dic='-0.1605762083692118' kdic='1.225718152750678'>
    <a>0.944444444444444</a>
    <c>0.0</c>
    <g>0.0</g>
    <t>0.0555555555555556</t>
   </pm-column>
   <pm-column position='8' dic='0.0' kdic='1.3862943611198906'>
    <a>1.0</a>
    <c>0.0</c>
    <g>0.0</g>
    <t>0.0</t>
   </pm-column>
   <pm-column position='9' dic='-0.1605762083692118' kdic='1.225718152750678'>
    <a>0.944444444444444</a>
    <c>0.0</c>
    <g>0.0555555555555556</g>
    <t>0.0</t>
   </pm-column>
   <pm-column position='10' dic='-0.1605762083692118' kdic='1.225718152750678'>
    <a>0.0</a>
    <c>0.0</c>
    <g>0.944444444444444</g>
    <t>0.0555555555555556</t>
   </pm-column>
   <pm-column position='11' dic='-0.1605762083692118' kdic='1.2257181527506784'>
    <a>0.0555555555555556</a>
    <c>0.0</c>
    <g>0.0</g>
    <t>0.944444444444444</t>
   </pm-column>
   <pm-column position='12' dic='-0.3179769493028698' kdic='1.0683174118170211'>
    <a>0.0</a>
    <c>0.0555555555555556</c>
    <g>0.888888888888889</g>
    <t>0.0555555555555556</t>
   </pm-column>
   <pm-column position='13' dic='0.0' kdic='1.3862943611198906'>
    <a>0.0</a>
    <c>1.0</c>
    <g>0.0</g>
    <t>0.0</t>
   </pm-column>
   <pm-column position='14' dic='0.0' kdic='1.3862943611198906'>
    <a>0.0</a>
    <c>0.0</c>
    <g>0.0</g>
    <t>1.0</t>
   </pm-column>
   <pm-column position='15' dic='0.0' kdic='1.3862943611198906'>
    <a>0.0</a>
    <c>0.0</c>
    <g>1.0</g>
    <t>0.0</t>
   </pm-column>
   <pm-column position='16' dic='0.0' kdic='1.3862943611198906'>
    <a>0.0</a>
    <c>0.0</c>
    <g>1.0</g>
    <t>0.0</t>
   </pm-column>
   <pm-column position='17' dic='0.0' kdic='1.3862943611198906'>
    <a>0.0</a>
    <c>0.0</c>
    <g>1.0</g>
    <t>0.0</t>
   </pm-column>
   <pm-column position='18' dic='0.0' kdic='1.3862943611198906'>
    <a>1.0</a>
    <c>0.0</c>
    <g>0.0</g>
    <t>0.0</t>
   </pm-column>
   <pm-column position='19' dic='0.0' kdic='1.3862943611198906'>
    <a>0.0</a>
    <c>0.0</c>
    <g>0.0</g>
    <t>1.0</t>
   </pm-column>
   <pm-column position='20' dic='0.0' kdic='1.3862943611198906'>
    <a>0.0</a>
    <c>0.0</c>
    <g>0.0</g>
    <t>1.0</t>
   </pm-column>
   <pm-column position='21' dic='-0.1605762083692118' kdic='1.225718152750678'>
    <a>0.944444444444444</a>
    <c>0.0</c>
    <g>0.0555555555555556</g>
    <t>0.0</t>
   </pm-column>
   <pm-column position='22' dic='-0.5925126398506261' kdic='0.7937817212692642'>
    <a>0.0</a>
    <c>0.722222222222222</c>
    <g>0.0555555555555556</g>
    <t>0.222222222222222</t>
   </pm-column>
   <pm-column position='23' dic='-0.1605762083692118' kdic='1.225718152750678'>
    <a>0.944444444444444</a>
    <c>0.0</c>
    <g>0.0555555555555556</g>
    <t>0.0</t>
   </pm-column>
   <pm-column position='24' dic='0.0' kdic='1.3862943611198906'>
    <a>0.0</a>
    <c>0.0</c>
    <g>1.0</g>
    <t>0.0</t>
   </pm-column>
   <pm-column position='25' dic='-0.3179769493028698' kdic='1.0683174118170211'>
    <a>0.0555555555555556</a>
    <c>0.0</c>
    <g>0.888888888888889</g>
    <t>0.0555555555555556</t>
   </pm-column>
  </PPM>
  <PWM length='25' words-count='18.0'>
   <pm-column position='1'>
    <a>-1.1960129716537848</a>
    <c>1.3980389444856014</c>
    <g>-1.9779032415824183</g>
    <t>-1.9779032415824183</t>
   </pm-column>
   <pm-column position='2'>
    <a>-1.9779032415824183</a>
    <c>1.3980389444856014</c>
    <g>-1.9779032415824183</g>
    <t>-1.1960129716537848</t>
   </pm-column>
   <pm-column position='3'>
    <a>-1.9779032415824183</a>
    <c>-1.9779032415824183</c>
    <g>-1.9779032415824183</g>
    <t>1.1285111494905389</t>
   </pm-column>
   <pm-column position='4'>
    <a>-1.9779032415824183</a>
    <c>1.45329633621301</c>
    <g>-1.9779032415824183</g>
    <t>-1.9779032415824183</t>
   </pm-column>
   <pm-column position='5'>
    <a>-1.9779032415824183</a>
    <c>1.45329633621301</c>
    <g>-1.9779032415824183</g>
    <t>-1.9779032415824183</t>
   </pm-column>
   <pm-column position='6'>
    <a>-1.9779032415824183</a>
    <c>1.45329633621301</c>
    <g>-1.9779032415824183</g>
    <t>-1.9779032415824183</t>
   </pm-column>
   <pm-column position='7'>
    <a>1.0739822849989482</a>
    <c>-1.9779032415824183</c>
    <g>-1.9779032415824183</g>
    <t>-1.1960129716537848</t>
   </pm-column>
   <pm-column position='8'>
    <a>1.1285111494905389</a>
    <c>-1.9779032415824183</c>
    <g>-1.9779032415824183</g>
    <t>-1.9779032415824183</t>
   </pm-column>
   <pm-column position='9'>
    <a>1.0739822849989482</a>
    <c>-1.9779032415824183</c>
    <g>-0.998873441842204</g>
    <t>-1.9779032415824183</t>
   </pm-column>
   <pm-column position='10'>
    <a>-1.9779032415824183</a>
    <c>-1.9779032415824183</c>
    <g>1.3980389444856014</g>
    <t>-1.1960129716537848</t>
   </pm-column>
   <pm-column position='11'>
    <a>-1.1960129716537848</a>
    <c>-1.9779032415824183</c>
    <g>-1.9779032415824183</g>
    <t>1.0739822849989482</t>
   </pm-column>
   <pm-column position='12'>
    <a>-1.9779032415824183</a>
    <c>-0.998873441842204</c>
    <g>1.339548661700072</g>
    <t>-1.1960129716537848</t>
   </pm-column>
   <pm-column position='13'>
    <a>-1.9779032415824183</a>
    <c>1.45329633621301</c>
    <g>-1.9779032415824183</g>
    <t>-1.9779032415824183</t>
   </pm-column>
   <pm-column position='14'>
    <a>-1.9779032415824183</a>
    <c>-1.9779032415824183</c>
    <g>-1.9779032415824183</g>
    <t>1.1285111494905389</t>
   </pm-column>
   <pm-column position='15'>
    <a>-1.9779032415824183</a>
    <c>-1.9779032415824183</c>
    <g>1.45329633621301</g>
    <t>-1.9779032415824183</t>
   </pm-column>
   <pm-column position='16'>
    <a>-1.9779032415824183</a>
    <c>-1.9779032415824183</c>
    <g>1.45329633621301</g>
    <t>-1.9779032415824183</t>
   </pm-column>
   <pm-column position='17'>
    <a>-1.9779032415824183</a>
    <c>-1.9779032415824183</c>
    <g>1.45329633621301</g>
    <t>-1.9779032415824183</t>
   </pm-column>
   <pm-column position='18'>
    <a>1.1285111494905389</a>
    <c>-1.9779032415824183</c>
    <g>-1.9779032415824183</g>
    <t>-1.9779032415824183</t>
   </pm-column>
   <pm-column position='19'>
    <a>-1.9779032415824183</a>
    <c>-1.9779032415824183</c>
    <g>-1.9779032415824183</g>
    <t>1.1285111494905389</t>
   </pm-column>
   <pm-column position='20'>
    <a>-1.9779032415824183</a>
    <c>-1.9779032415824183</c>
    <g>-1.9779032415824183</g>
    <t>1.1285111494905389</t>
   </pm-column>
   <pm-column position='21'>
    <a>1.0739822849989482</a>
    <c>-1.9779032415824183</c>
    <g>-0.998873441842204</g>
    <t>-1.9779032415824183</t>
   </pm-column>
   <pm-column position='22'>
    <a>-1.9779032415824183</a>
    <c>1.1402387574023611</c>
    <g>-0.998873441842204</g>
    <t>-0.23002618357177343</t>
   </pm-column>
   <pm-column position='23'>
    <a>1.0739822849989482</a>
    <c>-1.9779032415824183</c>
    <g>-0.998873441842204</g>
    <t>-1.9779032415824183</t>
   </pm-column>
   <pm-column position='24'>
    <a>-1.9779032415824183</a>
    <c>-1.9779032415824183</c>
    <g>1.45329633621301</g>
    <t>-1.9779032415824183</t>
   </pm-column>
   <pm-column position='25'>
    <a>-1.1960129716537848</a>
    <c>-1.9779032415824183</c>
    <g>1.339548661700072</g>
    <t>-1.1960129716537848</t>
   </pm-column>
  </PWM>
 </motif>
</smallbismark>