<?xml version='1.0' encoding='UTF-8'?>
<smallbismark>
 <motif name='CSEN_HUMAN' id='CSEN_si' sample-size='5' sequence-count='5' coverage='1.0' length='10'>
  <comment>HOCOMOCO v9; MAR2012; ChIPMunk v3.1</comment>
  <background>
   <a>0.25</a>
   <c>0.25</c>
   <g>0.25</g>
   <t>0.25</t>
  </background>
  <consensus>MTGTCAGGTG</consensus>
  <WPCM words-count='5.0' length='10' dic='-3.069242218148447' kdic='10.79370139305046'>
   <pm-column position='1' dic='-0.6684161504488454' kdic='0.7178782106710452'>
    <a>2.0833333333333353</a>
    <c>1.979166666666665</c>
    <g>0.0</g>
    <t>0.9375</t>
   </pm-column>
   <pm-column position='2' dic='-0.45909864717230475' kdic='0.9271957139475857'>
    <a>1.979166666666665</a>
    <c>0.0</c>
    <g>0.0</g>
    <t>3.020833333333335</t>
   </pm-column>
   <pm-column position='3' dic='-0.3029750517011471' kdic='1.0833193094187437'>
    <a>0.0</a>
    <c>0.9375</c>
    <g>4.0625</g>
    <t>0.0</t>
   </pm-column>
   <pm-column position='4' dic='0.0' kdic='1.3862943611198906'>
    <a>0.0</a>
    <c>0.0</c>
    <g>0.0</g>
    <t>5.0</t>
   </pm-column>
   <pm-column position='5' dic='0.0' kdic='1.3862943611198906'>
    <a>0.0</a>
    <c>5.0</c>
    <g>0.0</g>
    <t>0.0</t>
   </pm-column>
   <pm-column position='6' dic='0.0' kdic='1.3862943611198906'>
    <a>5.0</a>
    <c>0.0</c>
    <g>0.0</g>
    <t>0.0</t>
   </pm-column>
   <pm-column position='7' dic='-0.45909864717230475' kdic='0.9271957139475857'>
    <a>1.979166666666665</a>
    <c>0.0</c>
    <g>3.020833333333335</g>
    <t>0.0</t>
   </pm-column>
   <pm-column position='8' dic='-0.45909864717230475' kdic='0.9271957139475857'>
    <a>0.0</a>
    <c>0.0</c>
    <g>3.020833333333335</g>
    <t>1.979166666666665</t>
   </pm-column>
   <pm-column position='9' dic='-0.465602578809652' kdic='0.9206917823102387'>
    <a>0.0</a>
    <c>0.0</c>
    <g>2.0833333333333353</g>
    <t>2.916666666666665</t>
   </pm-column>
   <pm-column position='10' dic='-0.2549524956718886' kdic='1.1313418654480019'>
    <a>0.2604166666666665</a>
    <c>0.2604166666666665</c>
    <g>4.21875</g>
    <t>0.2604166666666665</t>
   </pm-column>
  </WPCM>
  <PPM words-count='5.0' length='10' kdic='10.79370139305046' dic='-3.069242218148447'>
   <pm-column position='1' dic='-0.6684161504488454' kdic='0.7178782106710452'>
    <a>0.416666666666667</a>
    <c>0.395833333333333</c>
    <g>0.0</g>
    <t>0.1875</t>
   </pm-column>
   <pm-column position='2' dic='-0.45909864717230475' kdic='0.9271957139475857'>
    <a>0.395833333333333</a>
    <c>0.0</c>
    <g>0.0</g>
    <t>0.604166666666667</t>
   </pm-column>
   <pm-column position='3' dic='-0.3029750517011471' kdic='1.0833193094187437'>
    <a>0.0</a>
    <c>0.1875</c>
    <g>0.8125</g>
    <t>0.0</t>
   </pm-column>
   <pm-column position='4' dic='0.0' kdic='1.3862943611198906'>
    <a>0.0</a>
    <c>0.0</c>
    <g>0.0</g>
    <t>1.0</t>
   </pm-column>
   <pm-column position='5' dic='0.0' kdic='1.3862943611198906'>
    <a>0.0</a>
    <c>1.0</c>
    <g>0.0</g>
    <t>0.0</t>
   </pm-column>
   <pm-column position='6' dic='0.0' kdic='1.3862943611198906'>
    <a>1.0</a>
    <c>0.0</c>
    <g>0.0</g>
    <t>0.0</t>
   </pm-column>
   <pm-column position='7' dic='-0.45909864717230475' kdic='0.9271957139475857'>
    <a>0.395833333333333</a>
    <c>0.0</c>
    <g>0.604166666666667</g>
    <t>0.0</t>
   </pm-column>
   <pm-column position='8' dic='-0.45909864717230475' kdic='0.9271957139475857'>
    <a>0.0</a>
    <c>0.0</c>
    <g>0.604166666666667</g>
    <t>0.395833333333333</t>
   </pm-column>
   <pm-column position='9' dic='-0.465602578809652' kdic='0.9206917823102387'>
    <a>0.0</a>
    <c>0.0</c>
    <g>0.416666666666667</g>
    <t>0.583333333333333</t>
   </pm-column>
   <pm-column position='10' dic='-0.2549524956718886' kdic='1.1313418654480019'>
    <a>0.0520833333333333</a>
    <c>0.0520833333333333</c>
    <g>0.84375</g>
    <t>0.0520833333333333</t>
   </pm-column>
  </PPM>
  <PWM length='10' words-count='5.0'>
   <pm-column position='1'>
    <a>0.4083471648651737</a>
    <c>0.3655372662915269</c>
    <g>-1.4126136189803458</g>
    <t>-0.20963951180687276</t>
   </pm-column>
   <pm-column position='2'>
    <a>0.3655372662915269</a>
    <c>-1.4126136189803458</c>
    <g>-1.4126136189803458</g>
    <t>0.7283694329779827</t>
   </pm-column>
   <pm-column position='3'>
    <a>-1.4126136189803458</a>
    <c>-0.20963951180687276</c>
    <g>0.9940334887774557</g>
    <t>-1.4126136189803458</t>
   </pm-column>
   <pm-column position='4'>
    <a>-1.4126136189803458</a>
    <c>-1.4126136189803458</c>
    <g>-1.4126136189803458</g>
    <t>1.1846315453424756</t>
   </pm-column>
   <pm-column position='5'>
    <a>-1.4126136189803458</a>
    <c>1.1846315453424756</c>
    <g>-1.4126136189803458</g>
    <t>-1.4126136189803458</t>
   </pm-column>
   <pm-column position='6'>
    <a>1.1846315453424756</a>
    <c>-1.4126136189803458</c>
    <g>-1.4126136189803458</g>
    <t>-1.4126136189803458</t>
   </pm-column>
   <pm-column position='7'>
    <a>0.3655372662915269</a>
    <c>-1.4126136189803458</c>
    <g>0.7283694329779827</g>
    <t>-1.4126136189803458</t>
   </pm-column>
   <pm-column position='8'>
    <a>-1.4126136189803458</a>
    <c>-1.4126136189803458</c>
    <g>0.7283694329779827</g>
    <t>0.3655372662915269</t>
   </pm-column>
   <pm-column position='9'>
    <a>-1.4126136189803458</a>
    <c>-1.4126136189803458</c>
    <g>0.4083471648651737</g>
    <t>0.6974671568242146</t>
   </pm-column>
   <pm-column position='10'>
    <a>-0.9135222388534329</a>
    <c>-0.9135222388534329</c>
    <g>1.0284305698521974</g>
    <t>-0.9135222388534329</t>
   </pm-column>
  </PWM>
 </motif>
</smallbismark>