<?xml version='1.0' encoding='UTF-8'?>
<smallbismark>
 <motif name='EDF1_HUMAN' id='EDF1_f1' sample-size='8' sequence-count='8' coverage='1.0' length='10'>
  <comment>HOCOMOCO v9; MAR2012; ChIPMunk v3.1</comment>
  <background>
   <a>0.25</a>
   <c>0.25</c>
   <g>0.25</g>
   <t>0.25</t>
  </background>
  <consensus>YKATTTTWGd</consensus>
  <WPCM words-count='8.0' length='10' dic='-4.156024773206471' kdic='9.706918837992436'>
   <pm-column position='1' dic='-0.5561496230781341' kdic='0.8301447380417564'>
    <a>0.25</a>
    <c>2.25</c>
    <g>0.25</g>
    <t>5.25</t>
   </pm-column>
   <pm-column position='2' dic='-0.6404954974180728' kdic='0.745798863701818'>
    <a>1.0</a>
    <c>0.0</c>
    <g>2.0</g>
    <t>5.0</t>
   </pm-column>
   <pm-column position='3' dic='-0.25993019270997997' kdic='1.1263641684099106'>
    <a>7.0</a>
    <c>1.0</c>
    <g>0.0</g>
    <t>0.0</t>
   </pm-column>
   <pm-column position='4' dic='-0.25993019270997997' kdic='1.1263641684099106'>
    <a>1.0</a>
    <c>0.0</c>
    <g>0.0</g>
    <t>7.0</t>
   </pm-column>
   <pm-column position='5' dic='-0.25993019270997997' kdic='1.1263641684099106'>
    <a>0.0</a>
    <c>0.0</c>
    <g>1.0</g>
    <t>7.0</t>
   </pm-column>
   <pm-column position='6' dic='0.0' kdic='1.3862943611198906'>
    <a>0.0</a>
    <c>0.0</c>
    <g>0.0</g>
    <t>8.0</t>
   </pm-column>
   <pm-column position='7' dic='-0.25993019270997997' kdic='1.1263641684099106'>
    <a>0.0</a>
    <c>1.0</c>
    <g>0.0</g>
    <t>7.0</t>
   </pm-column>
   <pm-column position='8' dic='-0.7043487003959741' kdic='0.6819456607239164'>
    <a>4.0</a>
    <c>0.0</c>
    <g>1.0</g>
    <t>3.0</t>
   </pm-column>
   <pm-column position='9' dic='-0.5031689613418941' kdic='0.8831253997779964'>
    <a>1.0</a>
    <c>0.0</c>
    <g>6.0</g>
    <t>1.0</t>
   </pm-column>
   <pm-column position='10' dic='-0.7121412201324754' kdic='0.6741531409874151'>
    <a>3.5</a>
    <c>0.0</c>
    <g>3.5</g>
    <t>1.0</t>
   </pm-column>
  </WPCM>
  <PPM words-count='8.0' length='10' kdic='9.706918837992436' dic='-4.156024773206471'>
   <pm-column position='1' dic='-0.5561496230781341' kdic='0.8301447380417564'>
    <a>0.03125</a>
    <c>0.28125</c>
    <g>0.03125</g>
    <t>0.65625</t>
   </pm-column>
   <pm-column position='2' dic='-0.6404954974180728' kdic='0.745798863701818'>
    <a>0.125</a>
    <c>0.0</c>
    <g>0.25</g>
    <t>0.625</t>
   </pm-column>
   <pm-column position='3' dic='-0.25993019270997997' kdic='1.1263641684099106'>
    <a>0.875</a>
    <c>0.125</c>
    <g>0.0</g>
    <t>0.0</t>
   </pm-column>
   <pm-column position='4' dic='-0.25993019270997997' kdic='1.1263641684099106'>
    <a>0.125</a>
    <c>0.0</c>
    <g>0.0</g>
    <t>0.875</t>
   </pm-column>
   <pm-column position='5' dic='-0.25993019270997997' kdic='1.1263641684099106'>
    <a>0.0</a>
    <c>0.0</c>
    <g>0.125</g>
    <t>0.875</t>
   </pm-column>
   <pm-column position='6' dic='0.0' kdic='1.3862943611198906'>
    <a>0.0</a>
    <c>0.0</c>
    <g>0.0</g>
    <t>1.0</t>
   </pm-column>
   <pm-column position='7' dic='-0.25993019270997997' kdic='1.1263641684099106'>
    <a>0.0</a>
    <c>0.125</c>
    <g>0.0</g>
    <t>0.875</t>
   </pm-column>
   <pm-column position='8' dic='-0.7043487003959741' kdic='0.6819456607239164'>
    <a>0.5</a>
    <c>0.0</c>
    <g>0.125</g>
    <t>0.375</t>
   </pm-column>
   <pm-column position='9' dic='-0.5031689613418941' kdic='0.8831253997779964'>
    <a>0.125</a>
    <c>0.0</c>
    <g>0.75</g>
    <t>0.125</t>
   </pm-column>
   <pm-column position='10' dic='-0.7121412201324754' kdic='0.6741531409874151'>
    <a>0.4375</a>
    <c>0.0</c>
    <g>0.4375</g>
    <t>0.125</t>
   </pm-column>
  </PPM>
  <PWM length='10' words-count='8.0'>
   <pm-column position='1'>
    <a>-1.1857495955882777</a>
    <c>0.09459341917611538</c>
    <g>-1.1857495955882777</g>
    <t>0.8284443862155191</t>
   </pm-column>
   <pm-column position='2'>
    <a>-0.5055850184352592</a>
    <c>-1.5783984904108685</c>
    <g>0.0</g>
    <t>0.7841490700953357</t>
   </pm-column>
   <pm-column position='3'>
    <a>1.0933440746433567</a>
    <c>-0.5055850184352592</c>
    <g>-1.5783984904108685</g>
    <t>-1.5783984904108685</t>
   </pm-column>
   <pm-column position='4'>
    <a>-0.5055850184352592</a>
    <c>-1.5783984904108685</c>
    <g>-1.5783984904108685</g>
    <t>1.0933440746433567</t>
   </pm-column>
   <pm-column position='5'>
    <a>-1.5783984904108685</a>
    <c>-1.5783984904108685</c>
    <g>-0.5055850184352592</g>
    <t>1.0933440746433567</t>
   </pm-column>
   <pm-column position='6'>
    <a>-1.5783984904108685</a>
    <c>-1.5783984904108685</c>
    <g>-1.5783984904108685</g>
    <t>1.2181964566417396</t>
   </pm-column>
   <pm-column position='7'>
    <a>-1.5783984904108685</a>
    <c>-0.5055850184352592</c>
    <g>-1.5783984904108685</g>
    <t>1.0933440746433567</t>
   </pm-column>
   <pm-column position='8'>
    <a>0.5842776078082418</a>
    <c>-1.5783984904108685</c>
    <g>-0.5055850184352592</g>
    <t>0.33421782821300944</t>
   </pm-column>
   <pm-column position='9'>
    <a>-0.5055850184352592</a>
    <c>-1.5783984904108685</c>
    <g>0.9506494650527233</g>
    <t>-0.5055850184352592</t>
   </pm-column>
   <pm-column position='10'>
    <a>0.46704367465537105</a>
    <c>-1.5783984904108685</c>
    <g>0.46704367465537105</g>
    <t>-0.5055850184352592</t>
   </pm-column>
  </PWM>
 </motif>
</smallbismark>