<?xml version='1.0' encoding='UTF-8'?>
<smallbismark>
 <motif name='GDNF_HUMAN' id='GDNF_f1' sample-size='31' sequence-count='21' coverage='0.6774193548387096' length='8'>
  <comment>HOCOMOCO v9; MAR2012; ChIPMunk v3.1</comment>
  <background>
   <a>0.25</a>
   <c>0.25</c>
   <g>0.25</g>
   <t>0.25</t>
  </background>
  <consensus>vTGACGTh</consensus>
  <WPCM words-count='21.7264957264957' length='8' dic='-2.246810129598675' kdic='8.843544759360451'>
   <pm-column position='1' dic='-1.1170098216444668' kdic='0.26928453947542363'>
    <a>6.226495726495729</a>
    <c>4.23931623931623</c>
    <g>8.081196581196568</g>
    <t>3.179487179487172</t>
   </pm-column>
   <pm-column position='2' dic='0.0' kdic='1.3862943611198906'>
    <a>0.0</a>
    <c>0.0</c>
    <g>0.0</g>
    <t>21.7264957264957</t>
   </pm-column>
   <pm-column position='3' dic='0.0' kdic='1.3862943611198906'>
    <a>0.0</a>
    <c>0.0</c>
    <g>21.7264957264957</g>
    <t>0.0</t>
   </pm-column>
   <pm-column position='4' dic='0.0' kdic='1.3862943611198906'>
    <a>21.7264957264957</a>
    <c>0.0</c>
    <g>0.0</g>
    <t>0.0</t>
   </pm-column>
   <pm-column position='5' dic='0.0' kdic='1.3862943611198906'>
    <a>0.0</a>
    <c>21.7264957264957</c>
    <g>0.0</g>
    <t>0.0</t>
   </pm-column>
   <pm-column position='6' dic='0.0' kdic='1.3862943611198906'>
    <a>0.0</a>
    <c>0.0</c>
    <g>21.7264957264957</g>
    <t>0.0</t>
   </pm-column>
   <pm-column position='7' dic='-0.09409514412608125' kdic='1.2921992169938106'>
    <a>0.0</a>
    <c>0.662393162393162</c>
    <g>0.0</g>
    <t>21.064102564102555</t>
   </pm-column>
   <pm-column position='8' dic='-1.0357051638281267' kdic='0.35058919729176236'>
    <a>7.783119658119644</a>
    <c>8.842948717948703</c>
    <g>2.35149572649572</g>
    <t>2.748931623931611</t>
   </pm-column>
  </WPCM>
  <PPM words-count='21.7264957264957' length='8' kdic='8.843544759360451' dic='-2.246810129598675'>
   <pm-column position='1' dic='-1.1170098216444668' kdic='0.26928453947542363'>
    <a>0.286585365853659</a>
    <c>0.195121951219512</c>
    <g>0.371951219512195</g>
    <t>0.146341463414634</t>
   </pm-column>
   <pm-column position='2' dic='0.0' kdic='1.3862943611198906'>
    <a>0.0</a>
    <c>0.0</c>
    <g>0.0</g>
    <t>1.0</t>
   </pm-column>
   <pm-column position='3' dic='0.0' kdic='1.3862943611198906'>
    <a>0.0</a>
    <c>0.0</c>
    <g>1.0</g>
    <t>0.0</t>
   </pm-column>
   <pm-column position='4' dic='0.0' kdic='1.3862943611198906'>
    <a>1.0</a>
    <c>0.0</c>
    <g>0.0</g>
    <t>0.0</t>
   </pm-column>
   <pm-column position='5' dic='0.0' kdic='1.3862943611198906'>
    <a>0.0</a>
    <c>1.0</c>
    <g>0.0</g>
    <t>0.0</t>
   </pm-column>
   <pm-column position='6' dic='0.0' kdic='1.3862943611198906'>
    <a>0.0</a>
    <c>0.0</c>
    <g>1.0</g>
    <t>0.0</t>
   </pm-column>
   <pm-column position='7' dic='-0.09409514412608125' kdic='1.2921992169938106'>
    <a>0.0</a>
    <c>0.0304878048780488</c>
    <g>0.0</g>
    <t>0.969512195121952</t>
   </pm-column>
   <pm-column position='8' dic='-1.0357051638281267' kdic='0.35058919729176236'>
    <a>0.358231707317073</a>
    <c>0.407012195121951</c>
    <g>0.108231707317073</g>
    <t>0.126524390243902</t>
   </pm-column>
  </PPM>
  <PWM length='8' words-count='21.7264957264957'>
   <pm-column position='1'>
    <a>0.12060495222193944</a>
    <c>-0.21352583702180525</c>
    <g>0.3557591839652089</g>
    <t>-0.4512591757932526</t>
   </pm-column>
   <pm-column position='2'>
    <a>-2.0865933564621897</a>
    <c>-2.0865933564621897</c>
    <g>-2.0865933564621897</g>
    <t>1.2885912203000478</t>
   </pm-column>
   <pm-column position='3'>
    <a>-2.0865933564621897</a>
    <c>-2.0865933564621897</c>
    <g>1.2885912203000478</g>
    <t>-2.0865933564621897</t>
   </pm-column>
   <pm-column position='4'>
    <a>1.2885912203000478</a>
    <c>-2.0865933564621897</c>
    <g>-2.0865933564621897</g>
    <t>-2.0865933564621897</t>
   </pm-column>
   <pm-column position='5'>
    <a>-2.0865933564621897</a>
    <c>1.2885912203000478</c>
    <g>-2.0865933564621897</g>
    <t>-2.0865933564621897</t>
   </pm-column>
   <pm-column position='6'>
    <a>-2.0865933564621897</a>
    <c>-2.0865933564621897</c>
    <g>1.2885912203000478</g>
    <t>-2.0865933564621897</t>
   </pm-column>
   <pm-column position='7'>
    <a>-2.0865933564621897</a>
    <c>-1.4656615948041218</c>
    <g>-2.0865933564621897</g>
    <t>1.2587042592543107</t>
   </pm-column>
   <pm-column position='8'>
    <a>0.32150117131160083</a>
    <c>0.4383208262057229</c>
    <g>-0.6865572741335112</g>
    <t>-0.5666988573672228</t>
   </pm-column>
  </PWM>
 </motif>
</smallbismark>