<?xml version='1.0' encoding='UTF-8'?>
<smallbismark>
 <motif name='HME1_HUMAN' id='HME1_f1' sample-size='10' sequence-count='10' coverage='1.0' length='14'>
  <comment>HOCOMOCO v9; MAR2012; ChIPMunk v3.1</comment>
  <background>
   <a>0.25</a>
   <c>0.25</c>
   <g>0.25</g>
   <t>0.25</t>
  </background>
  <consensus>vnRbdSnATKnnKn</consensus>
  <WPCM words-count='10.0' length='14' dic='-10.87960448194047' kdic='8.528516573737996'>
   <pm-column position='1' dic='-0.8038067347467646' kdic='0.5824876263731259'>
    <a>1.75</a>
    <c>1.75</c>
    <g>5.75</g>
    <t>0.75</t>
   </pm-column>
   <pm-column position='2' dic='-0.8930626469056223' kdic='0.49323171421426837'>
    <a>2.0</a>
    <c>1.0</c>
    <g>5.0</g>
    <t>2.0</t>
   </pm-column>
   <pm-column position='3' dic='-0.5886104031391481' kdic='0.7976839579807425'>
    <a>2.0</a>
    <c>1.0</c>
    <g>7.0</g>
    <t>0.0</t>
   </pm-column>
   <pm-column position='4' dic='-0.9441452092879434' kdic='0.44214915183194714'>
    <a>1.0</a>
    <c>2.0</c>
    <g>3.0</g>
    <t>4.0</t>
   </pm-column>
   <pm-column position='5' dic='-0.9441452092879434' kdic='0.44214915183194725'>
    <a>2.0</a>
    <c>1.0</c>
    <g>4.0</g>
    <t>3.0</t>
   </pm-column>
   <pm-column position='6' dic='-0.7138866999945458' kdic='0.6724076611253447'>
    <a>0.0</a>
    <c>4.0</c>
    <g>5.0</g>
    <t>1.0</t>
   </pm-column>
   <pm-column position='7' dic='-0.9846917200871637' kdic='0.40160264103272675'>
    <a>4.0</a>
    <c>2.0</c>
    <g>2.0</g>
    <t>2.0</t>
   </pm-column>
   <pm-column position='8' dic='-0.47874917427806557' kdic='0.9075451868418248'>
    <a>7.0</a>
    <c>0.0</c>
    <g>3.0</g>
    <t>0.0</t>
   </pm-column>
   <pm-column position='9' dic='-0.47874917427806557' kdic='0.9075451868418251'>
    <a>0.0</a>
    <c>3.0</c>
    <g>0.0</g>
    <t>7.0</t>
   </pm-column>
   <pm-column position='10' dic='-0.5886104031391481' kdic='0.7976839579807425'>
    <a>1.0</a>
    <c>0.0</c>
    <g>2.0</g>
    <t>7.0</t>
   </pm-column>
   <pm-column position='11' dic='-0.852516136106402' kdic='0.5337782250134886'>
    <a>5.0</a>
    <c>1.0</c>
    <g>1.0</g>
    <t>3.0</t>
   </pm-column>
   <pm-column position='12' dic='-0.852516136106402' kdic='0.5337782250134885'>
    <a>1.0</a>
    <c>3.0</c>
    <g>1.0</g>
    <t>5.0</t>
   </pm-column>
   <pm-column position='13' dic='-0.7832014180445397' kdic='0.6030929430753509'>
    <a>0.0</a>
    <c>2.0</c>
    <g>3.0</g>
    <t>5.0</t>
   </pm-column>
   <pm-column position='14' dic='-0.9729134165387171' kdic='0.41338094458117336'>
    <a>3.0</a>
    <c>1.0</c>
    <g>3.0</g>
    <t>3.0</t>
   </pm-column>
  </WPCM>
  <PPM words-count='10.0' length='14' kdic='8.528516573737996' dic='-10.87960448194047'>
   <pm-column position='1' dic='-0.8038067347467646' kdic='0.5824876263731259'>
    <a>0.175</a>
    <c>0.175</c>
    <g>0.575</g>
    <t>0.075</t>
   </pm-column>
   <pm-column position='2' dic='-0.8930626469056223' kdic='0.49323171421426837'>
    <a>0.2</a>
    <c>0.1</c>
    <g>0.5</g>
    <t>0.2</t>
   </pm-column>
   <pm-column position='3' dic='-0.5886104031391481' kdic='0.7976839579807425'>
    <a>0.2</a>
    <c>0.1</c>
    <g>0.7</g>
    <t>0.0</t>
   </pm-column>
   <pm-column position='4' dic='-0.9441452092879434' kdic='0.44214915183194714'>
    <a>0.1</a>
    <c>0.2</c>
    <g>0.3</g>
    <t>0.4</t>
   </pm-column>
   <pm-column position='5' dic='-0.9441452092879434' kdic='0.44214915183194725'>
    <a>0.2</a>
    <c>0.1</c>
    <g>0.4</g>
    <t>0.3</t>
   </pm-column>
   <pm-column position='6' dic='-0.7138866999945458' kdic='0.6724076611253447'>
    <a>0.0</a>
    <c>0.4</c>
    <g>0.5</g>
    <t>0.1</t>
   </pm-column>
   <pm-column position='7' dic='-0.9846917200871637' kdic='0.40160264103272675'>
    <a>0.4</a>
    <c>0.2</c>
    <g>0.2</g>
    <t>0.2</t>
   </pm-column>
   <pm-column position='8' dic='-0.47874917427806557' kdic='0.9075451868418248'>
    <a>0.7</a>
    <c>0.0</c>
    <g>0.3</g>
    <t>0.0</t>
   </pm-column>
   <pm-column position='9' dic='-0.47874917427806557' kdic='0.9075451868418251'>
    <a>0.0</a>
    <c>0.3</c>
    <g>0.0</g>
    <t>0.7</t>
   </pm-column>
   <pm-column position='10' dic='-0.5886104031391481' kdic='0.7976839579807425'>
    <a>0.1</a>
    <c>0.0</c>
    <g>0.2</g>
    <t>0.7</t>
   </pm-column>
   <pm-column position='11' dic='-0.852516136106402' kdic='0.5337782250134886'>
    <a>0.5</a>
    <c>0.1</c>
    <g>0.1</g>
    <t>0.3</t>
   </pm-column>
   <pm-column position='12' dic='-0.852516136106402' kdic='0.5337782250134885'>
    <a>0.1</a>
    <c>0.3</c>
    <g>0.1</g>
    <t>0.5</t>
   </pm-column>
   <pm-column position='13' dic='-0.7832014180445397' kdic='0.6030929430753509'>
    <a>0.0</a>
    <c>0.2</c>
    <g>0.3</g>
    <t>0.5</t>
   </pm-column>
   <pm-column position='14' dic='-0.9729134165387171' kdic='0.41338094458117336'>
    <a>0.3</a>
    <c>0.1</c>
    <g>0.3</g>
    <t>0.3</t>
   </pm-column>
  </PPM>
  <PWM length='14' words-count='10.0'>
   <pm-column position='1'>
    <a>-0.2795170819356833</a>
    <c>-0.2795170819356833</c>
    <g>0.721097157644563</g>
    <t>-0.8416149554176777</t>
   </pm-column>
   <pm-column position='2'>
    <a>-0.17741456681009707</a>
    <c>-0.6688495290023142</c>
    <g>0.5948931847422818</g>
    <t>-0.17741456681009707</t>
   </pm-column>
   <pm-column position='3'>
    <a>-0.17741456681009707</a>
    <c>-0.6688495290023142</c>
    <g>0.9014236150186978</g>
    <t>-1.675776965209879</t>
   </pm-column>
   <pm-column position='4'>
    <a>-0.6688495290023142</a>
    <c>-0.17741456681009707</c>
    <g>0.15063088620391218</g>
    <t>0.39723290132525896</t>
   </pm-column>
   <pm-column position='5'>
    <a>-0.17741456681009707</a>
    <c>-0.6688495290023142</c>
    <g>0.39723290132525896</g>
    <t>0.15063088620391218</t>
   </pm-column>
   <pm-column position='6'>
    <a>-1.675776965209879</a>
    <c>0.39723290132525896</c>
    <g>0.5948931847422818</g>
    <t>-0.6688495290023142</t>
   </pm-column>
   <pm-column position='7'>
    <a>0.39723290132525896</a>
    <c>-0.17741456681009707</c>
    <g>-0.17741456681009707</g>
    <t>-0.17741456681009707</t>
   </pm-column>
   <pm-column position='8'>
    <a>0.9014236150186978</a>
    <c>-1.675776965209879</c>
    <g>0.15063088620391218</g>
    <t>-1.675776965209879</t>
   </pm-column>
   <pm-column position='9'>
    <a>-1.675776965209879</a>
    <c>0.15063088620391218</c>
    <g>-1.675776965209879</g>
    <t>0.9014236150186978</t>
   </pm-column>
   <pm-column position='10'>
    <a>-0.6688495290023142</a>
    <c>-1.675776965209879</c>
    <g>-0.17741456681009707</g>
    <t>0.9014236150186978</t>
   </pm-column>
   <pm-column position='11'>
    <a>0.5948931847422818</a>
    <c>-0.6688495290023142</c>
    <g>-0.6688495290023142</g>
    <t>0.15063088620391218</t>
   </pm-column>
   <pm-column position='12'>
    <a>-0.6688495290023142</a>
    <c>0.15063088620391218</c>
    <g>-0.6688495290023142</g>
    <t>0.5948931847422818</t>
   </pm-column>
   <pm-column position='13'>
    <a>-1.675776965209879</a>
    <c>-0.17741456681009707</c>
    <g>0.15063088620391218</g>
    <t>0.5948931847422818</t>
   </pm-column>
   <pm-column position='14'>
    <a>0.15063088620391218</a>
    <c>-0.6688495290023142</c>
    <g>0.15063088620391218</g>
    <t>0.15063088620391218</t>
   </pm-column>
  </PWM>
 </motif>
</smallbismark>