<?xml version='1.0' encoding='UTF-8'?>
<smallbismark>
 <motif name='LMX1B_HUMAN' id='LMX1B_f1' sample-size='5' sequence-count='5' coverage='1.0' length='21'>
  <comment>HOCOMOCO v9; MAR2012; ChIPMunk v3.1</comment>
  <background>
   <a>0.25</a>
   <c>0.25</c>
   <g>0.25</g>
   <t>0.25</t>
  </background>
  <consensus>nbGvTnTTAATTAnTdnbdTY</consensus>
  <WPCM words-count='5.0' length='21' dic='-10.056850164940647' kdic='19.055331418577055'>
   <pm-column position='1' dic='-0.7674124817211443' kdic='0.6188818793987462'>
    <a>1.75</a>
    <c>0.75</c>
    <g>0.75</g>
    <t>1.75</t>
   </pm-column>
   <pm-column position='2' dic='-0.6802394763089605' kdic='0.70605488481093'>
    <a>0.0</a>
    <c>1.0</c>
    <g>2.0</g>
    <t>2.0</t>
   </pm-column>
   <pm-column position='3' dic='-0.46051701858679533' kdic='0.9257773425330953'>
    <a>0.0</a>
    <c>0.0</c>
    <g>3.0</g>
    <t>2.0</t>
   </pm-column>
   <pm-column position='4' dic='-0.6802394763089605' kdic='0.7060548848109299'>
    <a>2.0</a>
    <c>2.0</c>
    <g>1.0</g>
    <t>0.0</t>
   </pm-column>
   <pm-column position='5' dic='-0.3218875824868075' kdic='1.064406778633083'>
    <a>1.0</a>
    <c>0.0</c>
    <g>0.0</g>
    <t>4.0</t>
   </pm-column>
   <pm-column position='6' dic='-0.8188689124326853' kdic='0.5674254486872055'>
    <a>1.0</a>
    <c>1.0</c>
    <g>2.0</g>
    <t>1.0</t>
   </pm-column>
   <pm-column position='7' dic='-0.3218875824868075' kdic='1.064406778633083'>
    <a>1.0</a>
    <c>0.0</c>
    <g>0.0</g>
    <t>4.0</t>
   </pm-column>
   <pm-column position='8' dic='0.0' kdic='1.3862943611198906'>
    <a>0.0</a>
    <c>0.0</c>
    <g>0.0</g>
    <t>5.0</t>
   </pm-column>
   <pm-column position='9' dic='-0.3218875824868075' kdic='1.064406778633083'>
    <a>4.0</a>
    <c>0.0</c>
    <g>0.0</g>
    <t>1.0</t>
   </pm-column>
   <pm-column position='10' dic='-0.3218875824868075' kdic='1.064406778633083'>
    <a>4.0</a>
    <c>0.0</c>
    <g>0.0</g>
    <t>1.0</t>
   </pm-column>
   <pm-column position='11' dic='0.0' kdic='1.3862943611198906'>
    <a>0.0</a>
    <c>0.0</c>
    <g>0.0</g>
    <t>5.0</t>
   </pm-column>
   <pm-column position='12' dic='-0.46051701858679533' kdic='0.9257773425330951'>
    <a>2.0</a>
    <c>0.0</c>
    <g>0.0</g>
    <t>3.0</t>
   </pm-column>
   <pm-column position='13' dic='-0.3218875824868075' kdic='1.064406778633083'>
    <a>4.0</a>
    <c>0.0</c>
    <g>0.0</g>
    <t>1.0</t>
   </pm-column>
   <pm-column position='14' dic='-0.8188689124326853' kdic='0.5674254486872055'>
    <a>1.0</a>
    <c>1.0</c>
    <g>1.0</g>
    <t>2.0</t>
   </pm-column>
   <pm-column position='15' dic='0.0' kdic='1.3862943611198906'>
    <a>0.0</a>
    <c>0.0</c>
    <g>0.0</g>
    <t>5.0</t>
   </pm-column>
   <pm-column position='16' dic='-0.6802394763089605' kdic='0.70605488481093'>
    <a>1.0</a>
    <c>0.0</c>
    <g>2.0</g>
    <t>2.0</t>
   </pm-column>
   <pm-column position='17' dic='-0.8188689124326853' kdic='0.5674254486872055'>
    <a>1.0</a>
    <c>1.0</c>
    <g>2.0</g>
    <t>1.0</t>
   </pm-column>
   <pm-column position='18' dic='-0.6802394763089605' kdic='0.7060548848109299'>
    <a>0.0</a>
    <c>2.0</c>
    <g>1.0</g>
    <t>2.0</t>
   </pm-column>
   <pm-column position='19' dic='-0.59914645471052' kdic='0.7871479064093706'>
    <a>1.0</a>
    <c>0.0</c>
    <g>1.0</g>
    <t>3.0</t>
   </pm-column>
   <pm-column position='20' dic='-0.3218875824868075' kdic='1.064406778633083'>
    <a>1.0</a>
    <c>0.0</c>
    <g>0.0</g>
    <t>4.0</t>
   </pm-column>
   <pm-column position='21' dic='-0.6603670538806496' kdic='0.7259273072392409'>
    <a>0.5</a>
    <c>2.5</c>
    <g>0.5</g>
    <t>1.5</t>
   </pm-column>
  </WPCM>
  <PPM words-count='5.0' length='21' kdic='19.055331418577055' dic='-10.056850164940647'>
   <pm-column position='1' dic='-0.7674124817211443' kdic='0.6188818793987462'>
    <a>0.35</a>
    <c>0.15</c>
    <g>0.15</g>
    <t>0.35</t>
   </pm-column>
   <pm-column position='2' dic='-0.6802394763089605' kdic='0.70605488481093'>
    <a>0.0</a>
    <c>0.2</c>
    <g>0.4</g>
    <t>0.4</t>
   </pm-column>
   <pm-column position='3' dic='-0.46051701858679533' kdic='0.9257773425330953'>
    <a>0.0</a>
    <c>0.0</c>
    <g>0.6</g>
    <t>0.4</t>
   </pm-column>
   <pm-column position='4' dic='-0.6802394763089605' kdic='0.7060548848109299'>
    <a>0.4</a>
    <c>0.4</c>
    <g>0.2</g>
    <t>0.0</t>
   </pm-column>
   <pm-column position='5' dic='-0.3218875824868075' kdic='1.064406778633083'>
    <a>0.2</a>
    <c>0.0</c>
    <g>0.0</g>
    <t>0.8</t>
   </pm-column>
   <pm-column position='6' dic='-0.8188689124326853' kdic='0.5674254486872055'>
    <a>0.2</a>
    <c>0.2</c>
    <g>0.4</g>
    <t>0.2</t>
   </pm-column>
   <pm-column position='7' dic='-0.3218875824868075' kdic='1.064406778633083'>
    <a>0.2</a>
    <c>0.0</c>
    <g>0.0</g>
    <t>0.8</t>
   </pm-column>
   <pm-column position='8' dic='0.0' kdic='1.3862943611198906'>
    <a>0.0</a>
    <c>0.0</c>
    <g>0.0</g>
    <t>1.0</t>
   </pm-column>
   <pm-column position='9' dic='-0.3218875824868075' kdic='1.064406778633083'>
    <a>0.8</a>
    <c>0.0</c>
    <g>0.0</g>
    <t>0.2</t>
   </pm-column>
   <pm-column position='10' dic='-0.3218875824868075' kdic='1.064406778633083'>
    <a>0.8</a>
    <c>0.0</c>
    <g>0.0</g>
    <t>0.2</t>
   </pm-column>
   <pm-column position='11' dic='0.0' kdic='1.3862943611198906'>
    <a>0.0</a>
    <c>0.0</c>
    <g>0.0</g>
    <t>1.0</t>
   </pm-column>
   <pm-column position='12' dic='-0.46051701858679533' kdic='0.9257773425330951'>
    <a>0.4</a>
    <c>0.0</c>
    <g>0.0</g>
    <t>0.6</t>
   </pm-column>
   <pm-column position='13' dic='-0.3218875824868075' kdic='1.064406778633083'>
    <a>0.8</a>
    <c>0.0</c>
    <g>0.0</g>
    <t>0.2</t>
   </pm-column>
   <pm-column position='14' dic='-0.8188689124326853' kdic='0.5674254486872055'>
    <a>0.2</a>
    <c>0.2</c>
    <g>0.2</g>
    <t>0.4</t>
   </pm-column>
   <pm-column position='15' dic='0.0' kdic='1.3862943611198906'>
    <a>0.0</a>
    <c>0.0</c>
    <g>0.0</g>
    <t>1.0</t>
   </pm-column>
   <pm-column position='16' dic='-0.6802394763089605' kdic='0.70605488481093'>
    <a>0.2</a>
    <c>0.0</c>
    <g>0.4</g>
    <t>0.4</t>
   </pm-column>
   <pm-column position='17' dic='-0.8188689124326853' kdic='0.5674254486872055'>
    <a>0.2</a>
    <c>0.2</c>
    <g>0.4</g>
    <t>0.2</t>
   </pm-column>
   <pm-column position='18' dic='-0.6802394763089605' kdic='0.7060548848109299'>
    <a>0.0</a>
    <c>0.4</c>
    <g>0.2</g>
    <t>0.4</t>
   </pm-column>
   <pm-column position='19' dic='-0.59914645471052' kdic='0.7871479064093706'>
    <a>0.2</a>
    <c>0.0</c>
    <g>0.2</g>
    <t>0.6</t>
   </pm-column>
   <pm-column position='20' dic='-0.3218875824868075' kdic='1.064406778633083'>
    <a>0.2</a>
    <c>0.0</c>
    <g>0.0</g>
    <t>0.8</t>
   </pm-column>
   <pm-column position='21' dic='-0.6603670538806496' kdic='0.7259273072392409'>
    <a>0.1</a>
    <c>0.5</c>
    <g>0.1</g>
    <t>0.3</t>
   </pm-column>
  </PPM>
  <PWM length='21' words-count='5.0'>
   <pm-column position='1'>
    <a>0.2643604188924491</a>
    <c>-0.3603926926211898</c>
    <g>-0.3603926926211898</g>
    <t>0.2643604188924491</t>
   </pm-column>
   <pm-column position='2'>
    <a>-1.4126136189803458</a>
    <c>-0.16404809365460568</c>
    <g>0.37424711710297043</g>
    <t>0.37424711710297043</t>
   </pm-column>
   <pm-column position='3'>
    <a>-1.4126136189803458</a>
    <c>-1.4126136189803458</c>
    <g>0.7222649019023392</g>
    <t>0.37424711710297043</t>
   </pm-column>
   <pm-column position='4'>
    <a>0.37424711710297043</a>
    <c>0.37424711710297043</c>
    <g>-0.16404809365460568</g>
    <t>-1.4126136189803458</t>
   </pm-column>
   <pm-column position='5'>
    <a>-0.16404809365460568</a>
    <c>-1.4126136189803458</c>
    <g>-1.4126136189803458</g>
    <t>0.9799363890333314</t>
   </pm-column>
   <pm-column position='6'>
    <a>-0.16404809365460568</a>
    <c>-0.16404809365460568</c>
    <g>0.37424711710297043</g>
    <t>-0.16404809365460568</t>
   </pm-column>
   <pm-column position='7'>
    <a>-0.16404809365460568</a>
    <c>-1.4126136189803458</c>
    <g>-1.4126136189803458</g>
    <t>0.9799363890333314</t>
   </pm-column>
   <pm-column position='8'>
    <a>-1.4126136189803458</a>
    <c>-1.4126136189803458</c>
    <g>-1.4126136189803458</g>
    <t>1.1846315453424756</t>
   </pm-column>
   <pm-column position='9'>
    <a>0.9799363890333314</a>
    <c>-1.4126136189803458</c>
    <g>-1.4126136189803458</g>
    <t>-0.16404809365460568</t>
   </pm-column>
   <pm-column position='10'>
    <a>0.9799363890333314</a>
    <c>-1.4126136189803458</c>
    <g>-1.4126136189803458</g>
    <t>-0.16404809365460568</t>
   </pm-column>
   <pm-column position='11'>
    <a>-1.4126136189803458</a>
    <c>-1.4126136189803458</c>
    <g>-1.4126136189803458</g>
    <t>1.1846315453424756</t>
   </pm-column>
   <pm-column position='12'>
    <a>0.37424711710297043</a>
    <c>-1.4126136189803458</c>
    <g>-1.4126136189803458</g>
    <t>0.7222649019023392</t>
   </pm-column>
   <pm-column position='13'>
    <a>0.9799363890333314</a>
    <c>-1.4126136189803458</c>
    <g>-1.4126136189803458</g>
    <t>-0.16404809365460568</t>
   </pm-column>
   <pm-column position='14'>
    <a>-0.16404809365460568</a>
    <c>-0.16404809365460568</c>
    <g>-0.16404809365460568</g>
    <t>0.37424711710297043</t>
   </pm-column>
   <pm-column position='15'>
    <a>-1.4126136189803458</a>
    <c>-1.4126136189803458</c>
    <g>-1.4126136189803458</g>
    <t>1.1846315453424756</t>
   </pm-column>
   <pm-column position='16'>
    <a>-0.16404809365460568</a>
    <c>-1.4126136189803458</c>
    <g>0.37424711710297043</g>
    <t>0.37424711710297043</t>
   </pm-column>
   <pm-column position='17'>
    <a>-0.16404809365460568</a>
    <c>-0.16404809365460568</c>
    <g>0.37424711710297043</g>
    <t>-0.16404809365460568</t>
   </pm-column>
   <pm-column position='18'>
    <a>-1.4126136189803458</a>
    <c>0.37424711710297043</c>
    <g>-0.16404809365460568</g>
    <t>0.37424711710297043</t>
   </pm-column>
   <pm-column position='19'>
    <a>-0.16404809365460568</a>
    <c>-1.4126136189803458</c>
    <g>-0.16404809365460568</g>
    <t>0.7222649019023392</t>
   </pm-column>
   <pm-column position='20'>
    <a>-0.16404809365460568</a>
    <c>-1.4126136189803458</c>
    <g>-1.4126136189803458</g>
    <t>0.9799363890333314</t>
   </pm-column>
   <pm-column position='21'>
    <a>-0.6049465570124677</a>
    <c>0.5633197661419806</c>
    <g>-0.6049465570124677</g>
    <t>0.14089069313443076</t>
   </pm-column>
  </PWM>
 </motif>
</smallbismark>