<?xml version='1.0' encoding='UTF-8'?>
<smallbismark>
 <motif name='NRL_HUMAN' id='NRL_f1' sample-size='5' sequence-count='5' coverage='1.0' length='25'>
  <comment>HOCOMOCO v9; MAR2012; ChIPMunk v3.1</comment>
  <background>
   <a>0.25</a>
   <c>0.25</c>
   <g>0.25</g>
   <t>0.25</t>
  </background>
  <consensus>SGAdMTGCTGATTCAGCCvbvAGCd</consensus>
  <WPCM words-count='5.0' length='25' dic='-7.775214783455364' kdic='26.882144244541912'>
   <pm-column position='1' dic='-0.6913045121632097' kdic='0.6949898489566821'>
    <a>0.575993210104555</a>
    <c>1.47466892996515</c>
    <g>2.3733446498257447</g>
    <t>0.575993210104555</t>
   </pm-column>
   <pm-column position='2' dic='-0.47456826643334643' kdic='0.9117260946865426'>
    <a>0.0</a>
    <c>2.30397284041821</c>
    <g>2.6960271595817846</g>
    <t>0.0</t>
   </pm-column>
   <pm-column position='3' dic='-0.29114077435398544' kdic='1.0951535867659052'>
    <a>4.101324280139405</a>
    <c>0.0</c>
    <g>0.898675719860595</g>
    <t>0.0</t>
   </pm-column>
   <pm-column position='4' dic='-0.5470924007236685' kdic='0.8392019603962222'>
    <a>0.898675719860595</a>
    <c>0.0</c>
    <g>3.20264856027881</g>
    <t>0.898675719860595</t>
   </pm-column>
   <pm-column position='5' dic='-0.6563602272288741' kdic='0.729934133891015'>
    <a>2.30397284041821</a>
    <c>1.79735143972119</c>
    <g>0.898675719860595</g>
    <t>0.0</t>
   </pm-column>
   <pm-column position='6' dic='-0.29114077435398544' kdic='1.0951535867659052'>
    <a>0.898675719860595</a>
    <c>0.0</c>
    <g>0.0</g>
    <t>4.101324280139405</t>
   </pm-column>
   <pm-column position='7' dic='0.0' kdic='1.3862943611198906'>
    <a>0.0</a>
    <c>0.0</c>
    <g>5.0</g>
    <t>0.0</t>
   </pm-column>
   <pm-column position='8' dic='0.0' kdic='1.3862943611198906'>
    <a>0.0</a>
    <c>5.0</c>
    <g>0.0</g>
    <t>0.0</t>
   </pm-column>
   <pm-column position='9' dic='0.0' kdic='1.3862943611198906'>
    <a>0.0</a>
    <c>0.0</c>
    <g>0.0</g>
    <t>5.0</t>
   </pm-column>
   <pm-column position='10' dic='0.0' kdic='1.3862943611198906'>
    <a>0.0</a>
    <c>0.0</c>
    <g>5.0</g>
    <t>0.0</t>
   </pm-column>
   <pm-column position='11' dic='0.0' kdic='1.3862943611198906'>
    <a>5.0</a>
    <c>0.0</c>
    <g>0.0</g>
    <t>0.0</t>
   </pm-column>
   <pm-column position='12' dic='-0.44419678958985276' kdic='0.9420975715300379'>
    <a>0.0</a>
    <c>1.79735143972119</c>
    <g>0.0</g>
    <t>3.20264856027881</t>
   </pm-column>
   <pm-column position='13' dic='-0.29114077435398544' kdic='1.0951535867659052'>
    <a>0.898675719860595</a>
    <c>0.0</c>
    <g>0.0</g>
    <t>4.101324280139405</t>
   </pm-column>
   <pm-column position='14' dic='-0.29114077435398544' kdic='1.0951535867659052'>
    <a>0.898675719860595</a>
    <c>4.101324280139405</c>
    <g>0.0</g>
    <t>0.0</t>
   </pm-column>
   <pm-column position='15' dic='0.0' kdic='1.3862943611198906'>
    <a>5.0</a>
    <c>0.0</c>
    <g>0.0</g>
    <t>0.0</t>
   </pm-column>
   <pm-column position='16' dic='-0.29114077435398544' kdic='1.0951535867659052'>
    <a>0.0</a>
    <c>0.898675719860595</c>
    <g>4.101324280139405</g>
    <t>0.0</t>
   </pm-column>
   <pm-column position='17' dic='-0.29114077435398544' kdic='1.0951535867659052'>
    <a>0.0</a>
    <c>4.101324280139405</c>
    <g>0.0</g>
    <t>0.898675719860595</t>
   </pm-column>
   <pm-column position='18' dic='0.0' kdic='1.3862943611198906'>
    <a>0.0</a>
    <c>5.0</c>
    <g>0.0</g>
    <t>0.0</t>
   </pm-column>
   <pm-column position='19' dic='-0.5470924007236685' kdic='0.8392019603962222'>
    <a>3.20264856027881</a>
    <c>0.898675719860595</c>
    <g>0.898675719860595</g>
    <t>0.0</t>
   </pm-column>
   <pm-column position='20' dic='-0.5470924007236685' kdic='0.8392019603962222'>
    <a>0.0</a>
    <c>0.898675719860595</c>
    <g>3.20264856027881</g>
    <t>0.898675719860595</t>
   </pm-column>
   <pm-column position='21' dic='-0.5470924007236685' kdic='0.8392019603962222'>
    <a>0.898675719860595</a>
    <c>0.898675719860595</c>
    <g>3.20264856027881</g>
    <t>0.0</t>
   </pm-column>
   <pm-column position='22' dic='-0.29114077435398544' kdic='1.0951535867659052'>
    <a>4.101324280139405</a>
    <c>0.898675719860595</c>
    <g>0.0</g>
    <t>0.0</t>
   </pm-column>
   <pm-column position='23' dic='-0.29114077435398544' kdic='1.0951535867659052'>
    <a>0.898675719860595</a>
    <c>0.0</c>
    <g>4.101324280139405</g>
    <t>0.0</t>
   </pm-column>
   <pm-column position='24' dic='-0.44419678958985276' kdic='0.9420975715300379'>
    <a>1.79735143972119</a>
    <c>3.20264856027881</c>
    <g>0.0</g>
    <t>0.0</t>
   </pm-column>
   <pm-column position='25' dic='-0.5470924007236685' kdic='0.8392019603962222'>
    <a>0.898675719860595</a>
    <c>0.0</c>
    <g>0.898675719860595</g>
    <t>3.20264856027881</t>
   </pm-column>
  </WPCM>
  <PPM words-count='5.0' length='25' kdic='26.882144244541912' dic='-7.775214783455364'>
   <pm-column position='1' dic='-0.6913045121632097' kdic='0.6949898489566821'>
    <a>0.115198642020911</a>
    <c>0.29493378599303</c>
    <g>0.474668929965149</g>
    <t>0.115198642020911</t>
   </pm-column>
   <pm-column position='2' dic='-0.47456826643334643' kdic='0.9117260946865426'>
    <a>0.0</a>
    <c>0.460794568083642</c>
    <g>0.539205431916357</g>
    <t>0.0</t>
   </pm-column>
   <pm-column position='3' dic='-0.29114077435398544' kdic='1.0951535867659052'>
    <a>0.820264856027881</a>
    <c>0.0</c>
    <g>0.179735143972119</g>
    <t>0.0</t>
   </pm-column>
   <pm-column position='4' dic='-0.5470924007236685' kdic='0.8392019603962222'>
    <a>0.179735143972119</a>
    <c>0.0</c>
    <g>0.640529712055762</g>
    <t>0.179735143972119</t>
   </pm-column>
   <pm-column position='5' dic='-0.6563602272288741' kdic='0.729934133891015'>
    <a>0.460794568083642</a>
    <c>0.359470287944238</c>
    <g>0.179735143972119</g>
    <t>0.0</t>
   </pm-column>
   <pm-column position='6' dic='-0.29114077435398544' kdic='1.0951535867659052'>
    <a>0.179735143972119</a>
    <c>0.0</c>
    <g>0.0</g>
    <t>0.820264856027881</t>
   </pm-column>
   <pm-column position='7' dic='0.0' kdic='1.3862943611198906'>
    <a>0.0</a>
    <c>0.0</c>
    <g>1.0</g>
    <t>0.0</t>
   </pm-column>
   <pm-column position='8' dic='0.0' kdic='1.3862943611198906'>
    <a>0.0</a>
    <c>1.0</c>
    <g>0.0</g>
    <t>0.0</t>
   </pm-column>
   <pm-column position='9' dic='0.0' kdic='1.3862943611198906'>
    <a>0.0</a>
    <c>0.0</c>
    <g>0.0</g>
    <t>1.0</t>
   </pm-column>
   <pm-column position='10' dic='0.0' kdic='1.3862943611198906'>
    <a>0.0</a>
    <c>0.0</c>
    <g>1.0</g>
    <t>0.0</t>
   </pm-column>
   <pm-column position='11' dic='0.0' kdic='1.3862943611198906'>
    <a>1.0</a>
    <c>0.0</c>
    <g>0.0</g>
    <t>0.0</t>
   </pm-column>
   <pm-column position='12' dic='-0.44419678958985276' kdic='0.9420975715300379'>
    <a>0.0</a>
    <c>0.359470287944238</c>
    <g>0.0</g>
    <t>0.640529712055762</t>
   </pm-column>
   <pm-column position='13' dic='-0.29114077435398544' kdic='1.0951535867659052'>
    <a>0.179735143972119</a>
    <c>0.0</c>
    <g>0.0</g>
    <t>0.820264856027881</t>
   </pm-column>
   <pm-column position='14' dic='-0.29114077435398544' kdic='1.0951535867659052'>
    <a>0.179735143972119</a>
    <c>0.820264856027881</c>
    <g>0.0</g>
    <t>0.0</t>
   </pm-column>
   <pm-column position='15' dic='0.0' kdic='1.3862943611198906'>
    <a>1.0</a>
    <c>0.0</c>
    <g>0.0</g>
    <t>0.0</t>
   </pm-column>
   <pm-column position='16' dic='-0.29114077435398544' kdic='1.0951535867659052'>
    <a>0.0</a>
    <c>0.179735143972119</c>
    <g>0.820264856027881</g>
    <t>0.0</t>
   </pm-column>
   <pm-column position='17' dic='-0.29114077435398544' kdic='1.0951535867659052'>
    <a>0.0</a>
    <c>0.820264856027881</c>
    <g>0.0</g>
    <t>0.179735143972119</t>
   </pm-column>
   <pm-column position='18' dic='0.0' kdic='1.3862943611198906'>
    <a>0.0</a>
    <c>1.0</c>
    <g>0.0</g>
    <t>0.0</t>
   </pm-column>
   <pm-column position='19' dic='-0.5470924007236685' kdic='0.8392019603962222'>
    <a>0.640529712055762</a>
    <c>0.179735143972119</c>
    <g>0.179735143972119</g>
    <t>0.0</t>
   </pm-column>
   <pm-column position='20' dic='-0.5470924007236685' kdic='0.8392019603962222'>
    <a>0.0</a>
    <c>0.179735143972119</c>
    <g>0.640529712055762</g>
    <t>0.179735143972119</t>
   </pm-column>
   <pm-column position='21' dic='-0.5470924007236685' kdic='0.8392019603962222'>
    <a>0.179735143972119</a>
    <c>0.179735143972119</c>
    <g>0.640529712055762</g>
    <t>0.0</t>
   </pm-column>
   <pm-column position='22' dic='-0.29114077435398544' kdic='1.0951535867659052'>
    <a>0.820264856027881</a>
    <c>0.179735143972119</c>
    <g>0.0</g>
    <t>0.0</t>
   </pm-column>
   <pm-column position='23' dic='-0.29114077435398544' kdic='1.0951535867659052'>
    <a>0.179735143972119</a>
    <c>0.0</c>
    <g>0.820264856027881</g>
    <t>0.0</t>
   </pm-column>
   <pm-column position='24' dic='-0.44419678958985276' kdic='0.9420975715300379'>
    <a>0.359470287944238</a>
    <c>0.640529712055762</c>
    <g>0.0</g>
    <t>0.0</t>
   </pm-column>
   <pm-column position='25' dic='-0.5470924007236685' kdic='0.8392019603962222'>
    <a>0.179735143972119</a>
    <c>0.0</c>
    <g>0.179735143972119</g>
    <t>0.640529712055762</t>
   </pm-column>
  </PPM>
  <PWM length='25' words-count='5.0'>
   <pm-column position='1'>
    <a>-0.5240893052485676</a>
    <c>0.12748563913108518</c>
    <g>0.5187002016204678</g>
    <t>-0.5240893052485676</t>
   </pm-column>
   <pm-column position='2'>
    <a>-1.4126136189803458</a>
    <c>0.49339007704983845</c>
    <g>0.6286772833731764</g>
    <t>-1.4126136189803458</t>
   </pm-column>
   <pm-column position='3'>
    <a>1.002691421651863</a>
    <c>-1.4126136189803458</c>
    <g>-0.23904399947349556</g>
    <t>-1.4126136189803458</t>
   </pm-column>
   <pm-column position='4'>
    <a>-0.23904399947349556</a>
    <c>-1.4126136189803458</c>
    <g>0.7801197473353032</g>
    <t>-0.23904399947349556</t>
   </pm-column>
   <pm-column position='5'>
    <a>0.49339007704983845</a>
    <c>0.2861216975563453</c>
    <g>-0.23904399947349556</g>
    <t>-1.4126136189803458</t>
   </pm-column>
   <pm-column position='6'>
    <a>-0.23904399947349556</a>
    <c>-1.4126136189803458</c>
    <g>-1.4126136189803458</g>
    <t>1.002691421651863</t>
   </pm-column>
   <pm-column position='7'>
    <a>-1.4126136189803458</a>
    <c>-1.4126136189803458</c>
    <g>1.1846315453424756</g>
    <t>-1.4126136189803458</t>
   </pm-column>
   <pm-column position='8'>
    <a>-1.4126136189803458</a>
    <c>1.1846315453424756</c>
    <g>-1.4126136189803458</g>
    <t>-1.4126136189803458</t>
   </pm-column>
   <pm-column position='9'>
    <a>-1.4126136189803458</a>
    <c>-1.4126136189803458</c>
    <g>-1.4126136189803458</g>
    <t>1.1846315453424756</t>
   </pm-column>
   <pm-column position='10'>
    <a>-1.4126136189803458</a>
    <c>-1.4126136189803458</c>
    <g>1.1846315453424756</g>
    <t>-1.4126136189803458</t>
   </pm-column>
   <pm-column position='11'>
    <a>1.1846315453424756</a>
    <c>-1.4126136189803458</c>
    <g>-1.4126136189803458</g>
    <t>-1.4126136189803458</t>
   </pm-column>
   <pm-column position='12'>
    <a>-1.4126136189803458</a>
    <c>0.2861216975563453</c>
    <g>-1.4126136189803458</g>
    <t>0.7801197473353032</t>
   </pm-column>
   <pm-column position='13'>
    <a>-0.23904399947349556</a>
    <c>-1.4126136189803458</c>
    <g>-1.4126136189803458</g>
    <t>1.002691421651863</t>
   </pm-column>
   <pm-column position='14'>
    <a>-0.23904399947349556</a>
    <c>1.002691421651863</c>
    <g>-1.4126136189803458</g>
    <t>-1.4126136189803458</t>
   </pm-column>
   <pm-column position='15'>
    <a>1.1846315453424756</a>
    <c>-1.4126136189803458</c>
    <g>-1.4126136189803458</g>
    <t>-1.4126136189803458</t>
   </pm-column>
   <pm-column position='16'>
    <a>-1.4126136189803458</a>
    <c>-0.23904399947349556</c>
    <g>1.002691421651863</g>
    <t>-1.4126136189803458</t>
   </pm-column>
   <pm-column position='17'>
    <a>-1.4126136189803458</a>
    <c>1.002691421651863</c>
    <g>-1.4126136189803458</g>
    <t>-0.23904399947349556</t>
   </pm-column>
   <pm-column position='18'>
    <a>-1.4126136189803458</a>
    <c>1.1846315453424756</c>
    <g>-1.4126136189803458</g>
    <t>-1.4126136189803458</t>
   </pm-column>
   <pm-column position='19'>
    <a>0.7801197473353032</a>
    <c>-0.23904399947349556</c>
    <g>-0.23904399947349556</g>
    <t>-1.4126136189803458</t>
   </pm-column>
   <pm-column position='20'>
    <a>-1.4126136189803458</a>
    <c>-0.23904399947349556</c>
    <g>0.7801197473353032</g>
    <t>-0.23904399947349556</t>
   </pm-column>
   <pm-column position='21'>
    <a>-0.23904399947349556</a>
    <c>-0.23904399947349556</c>
    <g>0.7801197473353032</g>
    <t>-1.4126136189803458</t>
   </pm-column>
   <pm-column position='22'>
    <a>1.002691421651863</a>
    <c>-0.23904399947349556</c>
    <g>-1.4126136189803458</g>
    <t>-1.4126136189803458</t>
   </pm-column>
   <pm-column position='23'>
    <a>-0.23904399947349556</a>
    <c>-1.4126136189803458</c>
    <g>1.002691421651863</g>
    <t>-1.4126136189803458</t>
   </pm-column>
   <pm-column position='24'>
    <a>0.2861216975563453</a>
    <c>0.7801197473353032</c>
    <g>-1.4126136189803458</g>
    <t>-1.4126136189803458</t>
   </pm-column>
   <pm-column position='25'>
    <a>-0.23904399947349556</a>
    <c>-1.4126136189803458</c>
    <g>-0.23904399947349556</g>
    <t>0.7801197473353032</t>
   </pm-column>
  </PWM>
 </motif>
</smallbismark>