<?xml version='1.0' encoding='UTF-8'?>
<smallbismark>
 <motif name='PARP1_HUMAN' id='PARP1_si' sample-size='15' sequence-count='15' coverage='1.0' length='12'>
  <comment>HOCOMOCO v9; MAR2012; ChIPMunk v3.1</comment>
  <background>
   <a>0.25</a>
   <c>0.25</c>
   <g>0.25</g>
   <t>0.25</t>
  </background>
  <consensus>hSTGGGAMhMnv</consensus>
  <WPCM words-count='15.0' length='12' dic='-8.34420099239588' kdic='8.291331341042806'>
   <pm-column position='1' dic='-0.9228055292016718' kdic='0.4634888319182185'>
    <a>3.1199999999999997</a>
    <c>2.88</c>
    <g>1.0799999999999998</g>
    <t>7.92</t>
   </pm-column>
   <pm-column position='2' dic='-0.8225873396481549' kdic='0.5637070214717356'>
    <a>2.88</a>
    <c>7.92</c>
    <g>4.2</g>
    <t>0.0</t>
   </pm-column>
   <pm-column position='3' dic='-0.4585327169754694' kdic='0.9277616441444212'>
    <a>2.04</a>
    <c>0.0</c>
    <g>0.84</g>
    <t>12.120000000000001</t>
   </pm-column>
   <pm-column position='4' dic='-0.1734014156437934' kdic='1.212892945476097'>
    <a>0.96</a>
    <c>0.0</c>
    <g>14.040000000000001</g>
    <t>0.0</t>
   </pm-column>
   <pm-column position='5' dic='-0.567879512783288' kdic='0.8184148483366027'>
    <a>6.0</a>
    <c>0.0</c>
    <g>9.0</g>
    <t>0.0</t>
   </pm-column>
   <pm-column position='6' dic='-0.583086395231374' kdic='0.8032079658885167'>
    <a>6.84</a>
    <c>0.0</c>
    <g>8.16</g>
    <t>0.0</t>
   </pm-column>
   <pm-column position='7' dic='-0.19239493663741433' kdic='1.1938994244824763'>
    <a>13.92</a>
    <c>1.0799999999999998</c>
    <g>0.0</g>
    <t>0.0</t>
   </pm-column>
   <pm-column position='8' dic='-0.8578307528464503' kdic='0.5284636082734402'>
    <a>5.88</a>
    <c>6.239999999999999</c>
    <g>0.0</g>
    <t>2.88</t>
   </pm-column>
   <pm-column position='9' dic='-1.0061704995461185' kdic='0.38012386157377215'>
    <a>4.92</a>
    <c>4.08</c>
    <g>0.96</g>
    <t>5.04</t>
   </pm-column>
   <pm-column position='10' dic='-0.7884660472004685' kdic='0.5978283139194223'>
    <a>4.92</a>
    <c>8.040000000000001</c>
    <g>2.04</g>
    <t>0.0</t>
   </pm-column>
   <pm-column position='11' dic='-0.9925507809995975' kdic='0.3937435801202931'>
    <a>4.08</a>
    <c>5.04</c>
    <g>0.84</g>
    <t>5.04</t>
   </pm-column>
   <pm-column position='12' dic='-0.9784950656820802' kdic='0.4077992954378101'>
    <a>3.84</a>
    <c>2.04</c>
    <g>7.199999999999999</g>
    <t>1.92</t>
   </pm-column>
  </WPCM>
  <PPM words-count='15.0' length='12' kdic='8.291331341042806' dic='-8.34420099239588'>
   <pm-column position='1' dic='-0.9228055292016718' kdic='0.4634888319182185'>
    <a>0.208</a>
    <c>0.192</c>
    <g>0.072</g>
    <t>0.528</t>
   </pm-column>
   <pm-column position='2' dic='-0.8225873396481549' kdic='0.5637070214717356'>
    <a>0.192</a>
    <c>0.528</c>
    <g>0.28</g>
    <t>0.0</t>
   </pm-column>
   <pm-column position='3' dic='-0.4585327169754694' kdic='0.9277616441444212'>
    <a>0.136</a>
    <c>0.0</c>
    <g>0.056</g>
    <t>0.808</t>
   </pm-column>
   <pm-column position='4' dic='-0.1734014156437934' kdic='1.212892945476097'>
    <a>0.064</a>
    <c>0.0</c>
    <g>0.936</g>
    <t>0.0</t>
   </pm-column>
   <pm-column position='5' dic='-0.567879512783288' kdic='0.8184148483366027'>
    <a>0.4</a>
    <c>0.0</c>
    <g>0.6</g>
    <t>0.0</t>
   </pm-column>
   <pm-column position='6' dic='-0.583086395231374' kdic='0.8032079658885167'>
    <a>0.456</a>
    <c>0.0</c>
    <g>0.544</g>
    <t>0.0</t>
   </pm-column>
   <pm-column position='7' dic='-0.19239493663741433' kdic='1.1938994244824763'>
    <a>0.928</a>
    <c>0.072</c>
    <g>0.0</g>
    <t>0.0</t>
   </pm-column>
   <pm-column position='8' dic='-0.8578307528464503' kdic='0.5284636082734402'>
    <a>0.392</a>
    <c>0.416</c>
    <g>0.0</g>
    <t>0.192</t>
   </pm-column>
   <pm-column position='9' dic='-1.0061704995461185' kdic='0.38012386157377215'>
    <a>0.328</a>
    <c>0.272</c>
    <g>0.064</g>
    <t>0.336</t>
   </pm-column>
   <pm-column position='10' dic='-0.7884660472004685' kdic='0.5978283139194223'>
    <a>0.328</a>
    <c>0.536</c>
    <g>0.136</g>
    <t>0.0</t>
   </pm-column>
   <pm-column position='11' dic='-0.9925507809995975' kdic='0.3937435801202931'>
    <a>0.272</a>
    <c>0.336</c>
    <g>0.056</g>
    <t>0.336</t>
   </pm-column>
   <pm-column position='12' dic='-0.9784950656820802' kdic='0.4077992954378101'>
    <a>0.256</a>
    <c>0.136</c>
    <g>0.48</g>
    <t>0.128</t>
   </pm-column>
  </PPM>
  <PWM length='12' words-count='15.0'>
   <pm-column position='1'>
    <a>-0.1535104021273675</a>
    <c>-0.218803967393413</c>
    <g>-0.9241100364916981</g>
    <t>0.6636897763497348</t>
   </pm-column>
   <pm-column position='2'>
    <a>-0.218803967393413</a>
    <c>0.6636897763497348</c>
    <g>0.0968078613992442</g>
    <t>-1.8777904568536166</t>
   </pm-column>
   <pm-column position='3'>
    <a>-0.48819203908501524</a>
    <c>-1.8777904568536166</c>
    <g>-1.0709820152642513</g>
    <t>1.061486760489991</t>
   </pm-column>
   <pm-column position='4'>
    <a>-0.9948520236941417</a>
    <c>-1.8777904568536166</c>
    <g>1.2012791522705317</g>
    <t>-1.8777904568536166</t>
   </pm-column>
   <pm-column position='5'>
    <a>0.41094567581675395</a>
    <c>-1.8777904568536166</c>
    <g>0.7820282441308504</g>
    <t>-1.8777904568536166</t>
   </pm-column>
   <pm-column position='6'>
    <a>0.5294438030944966</a>
    <c>-1.8777904568536166</c>
    <g>0.6912238840461341</g>
    <t>-1.8777904568536166</t>
   </pm-column>
   <pm-column position='7'>
    <a>1.193091899247533</a>
    <c>-0.9241100364916981</c>
    <g>-1.8777904568536166</g>
    <t>-1.8777904568536166</t>
   </pm-column>
   <pm-column position='8'>
    <a>0.3928101066216079</a>
    <c>0.4462589753419094</c>
    <g>-1.8777904568536166</g>
    <t>-0.218803967393413</t>
   </pm-column>
   <pm-column position='9'>
    <a>0.23450799354346588</a>
    <c>0.07189486703683276</c>
    <g>-0.9948520236941417</g>
    <t>0.25572139884977907</t>
   </pm-column>
   <pm-column position='10'>
    <a>0.23450799354346588</a>
    <c>0.677551593090391</c>
    <g>-0.48819203908501524</g>
    <t>-1.8777904568536166</t>
   </pm-column>
   <pm-column position='11'>
    <a>0.07189486703683276</a>
    <c>0.25572139884977907</c>
    <g>-1.0709820152642513</g>
    <t>0.25572139884977907</t>
   </pm-column>
   <pm-column position='12'>
    <a>0.020125846437228118</a>
    <c>-0.48819203908501524</c>
    <g>0.5762237253159385</g>
    <t>-0.533363223411045</t>
   </pm-column>
  </PWM>
 </motif>
</smallbismark>