<?xml version='1.0' encoding='UTF-8'?>
<smallbismark>
 <motif name='Z354C_HUMAN' id='Z354C_f1' sample-size='31' sequence-count='19' coverage='0.6129032258064516' length='19'>
  <comment>HOCOMOCO v9; MAR2012; ChIPMunk v3.1</comment>
  <background>
   <a>0.25</a>
   <c>0.25</c>
   <g>0.25</g>
   <t>0.25</t>
  </background>
  <consensus>SSGMMGTGRGGnTCYASbM</consensus>
  <WPCM words-count='19.375' length='19' dic='-9.479822590496253' kdic='16.859770270781667'>
   <pm-column position='1' dic='-0.6736279050080364' kdic='0.7126664561118545'>
    <a>0.484375</a>
    <c>12.109375</c>
    <g>6.296875</g>
    <t>0.484375</t>
   </pm-column>
   <pm-column position='2' dic='-0.8702382271584149' kdic='0.5160561339614756'>
    <a>3.875</a>
    <c>9.6875</c>
    <g>5.8125</g>
    <t>0.0</t>
   </pm-column>
   <pm-column position='3' dic='0.0' kdic='1.3862943611198906'>
    <a>0.0</a>
    <c>0.0</c>
    <g>19.375</g>
    <t>0.0</t>
   </pm-column>
   <pm-column position='4' dic='-0.6607364215930497' kdic='0.725557939526841'>
    <a>13.5625</a>
    <c>3.875</c>
    <g>1.9375</g>
    <t>0.0</t>
   </pm-column>
   <pm-column position='5' dic='-0.6607364215930497' kdic='0.725557939526841'>
    <a>13.5625</a>
    <c>3.875</c>
    <g>1.9375</g>
    <t>0.0</t>
   </pm-column>
   <pm-column position='6' dic='-0.42261284947655237' kdic='0.9636815116433385'>
    <a>3.875</a>
    <c>0.0</c>
    <g>15.5</g>
    <t>0.0</t>
   </pm-column>
   <pm-column position='7' dic='0.0' kdic='1.3862943611198906'>
    <a>0.0</a>
    <c>0.0</c>
    <g>0.0</g>
    <t>19.375</t>
   </pm-column>
   <pm-column position='8' dic='0.0' kdic='1.3862943611198906'>
    <a>0.0</a>
    <c>0.0</c>
    <g>19.375</g>
    <t>0.0</t>
   </pm-column>
   <pm-column position='9' dic='-0.8702382271584149' kdic='0.5160561339614756'>
    <a>9.6875</a>
    <c>0.0</c>
    <g>5.8125</g>
    <t>3.875</t>
   </pm-column>
   <pm-column position='10' dic='-0.42261284947655237' kdic='0.9636815116433385'>
    <a>3.875</a>
    <c>0.0</c>
    <g>15.5</g>
    <t>0.0</t>
   </pm-column>
   <pm-column position='11' dic='-0.2610783901028394' kdic='1.1252159710170513'>
    <a>0.0</a>
    <c>0.0</c>
    <g>17.4375</g>
    <t>1.9375</t>
   </pm-column>
   <pm-column position='12' dic='-1.0045888976125963' kdic='0.38170546350729406'>
    <a>9.6875</a>
    <c>3.875</c>
    <g>1.9375</g>
    <t>3.875</t>
   </pm-column>
   <pm-column position='13' dic='-0.42261284947655237' kdic='0.9636815116433385'>
    <a>0.0</a>
    <c>0.0</c>
    <g>3.875</g>
    <t>15.5</t>
   </pm-column>
   <pm-column position='14' dic='0.0' kdic='1.3862943611198906'>
    <a>0.0</a>
    <c>19.375</c>
    <g>0.0</g>
    <t>0.0</t>
   </pm-column>
   <pm-column position='15' dic='-0.7934878592887032' kdic='0.5928065018311872'>
    <a>0.0</a>
    <c>9.6875</c>
    <g>1.9375</g>
    <t>7.75</t>
   </pm-column>
   <pm-column position='16' dic='0.0' kdic='1.3862943611198906'>
    <a>19.375</a>
    <c>0.0</c>
    <g>0.0</g>
    <t>0.0</t>
   </pm-column>
   <pm-column position='17' dic='-0.8702382271584149' kdic='0.5160561339614756'>
    <a>0.0</a>
    <c>9.6875</c>
    <g>5.8125</g>
    <t>3.875</t>
   </pm-column>
   <pm-column position='18' dic='-0.7963199366916216' kdic='0.5899744244282691'>
    <a>0.0</a>
    <c>11.625</c>
    <g>3.875</g>
    <t>3.875</t>
   </pm-column>
   <pm-column position='19' dic='-0.7506935287014564' kdic='0.6356008324184343'>
    <a>5.8125</a>
    <c>11.625</c>
    <g>1.9375</g>
    <t>0.0</t>
   </pm-column>
  </WPCM>
  <PPM words-count='19.375' length='19' kdic='16.859770270781667' dic='-9.479822590496253'>
   <pm-column position='1' dic='-0.6736279050080364' kdic='0.7126664561118545'>
    <a>0.025</a>
    <c>0.625</c>
    <g>0.325</g>
    <t>0.025</t>
   </pm-column>
   <pm-column position='2' dic='-0.8702382271584149' kdic='0.5160561339614756'>
    <a>0.2</a>
    <c>0.5</c>
    <g>0.3</g>
    <t>0.0</t>
   </pm-column>
   <pm-column position='3' dic='0.0' kdic='1.3862943611198906'>
    <a>0.0</a>
    <c>0.0</c>
    <g>1.0</g>
    <t>0.0</t>
   </pm-column>
   <pm-column position='4' dic='-0.6607364215930497' kdic='0.725557939526841'>
    <a>0.7</a>
    <c>0.2</c>
    <g>0.1</g>
    <t>0.0</t>
   </pm-column>
   <pm-column position='5' dic='-0.6607364215930497' kdic='0.725557939526841'>
    <a>0.7</a>
    <c>0.2</c>
    <g>0.1</g>
    <t>0.0</t>
   </pm-column>
   <pm-column position='6' dic='-0.42261284947655237' kdic='0.9636815116433385'>
    <a>0.2</a>
    <c>0.0</c>
    <g>0.8</g>
    <t>0.0</t>
   </pm-column>
   <pm-column position='7' dic='0.0' kdic='1.3862943611198906'>
    <a>0.0</a>
    <c>0.0</c>
    <g>0.0</g>
    <t>1.0</t>
   </pm-column>
   <pm-column position='8' dic='0.0' kdic='1.3862943611198906'>
    <a>0.0</a>
    <c>0.0</c>
    <g>1.0</g>
    <t>0.0</t>
   </pm-column>
   <pm-column position='9' dic='-0.8702382271584149' kdic='0.5160561339614756'>
    <a>0.5</a>
    <c>0.0</c>
    <g>0.3</g>
    <t>0.2</t>
   </pm-column>
   <pm-column position='10' dic='-0.42261284947655237' kdic='0.9636815116433385'>
    <a>0.2</a>
    <c>0.0</c>
    <g>0.8</g>
    <t>0.0</t>
   </pm-column>
   <pm-column position='11' dic='-0.2610783901028394' kdic='1.1252159710170513'>
    <a>0.0</a>
    <c>0.0</c>
    <g>0.9</g>
    <t>0.1</t>
   </pm-column>
   <pm-column position='12' dic='-1.0045888976125963' kdic='0.38170546350729406'>
    <a>0.5</a>
    <c>0.2</c>
    <g>0.1</g>
    <t>0.2</t>
   </pm-column>
   <pm-column position='13' dic='-0.42261284947655237' kdic='0.9636815116433385'>
    <a>0.0</a>
    <c>0.0</c>
    <g>0.2</g>
    <t>0.8</t>
   </pm-column>
   <pm-column position='14' dic='0.0' kdic='1.3862943611198906'>
    <a>0.0</a>
    <c>1.0</c>
    <g>0.0</g>
    <t>0.0</t>
   </pm-column>
   <pm-column position='15' dic='-0.7934878592887032' kdic='0.5928065018311872'>
    <a>0.0</a>
    <c>0.5</c>
    <g>0.1</g>
    <t>0.4</t>
   </pm-column>
   <pm-column position='16' dic='0.0' kdic='1.3862943611198906'>
    <a>1.0</a>
    <c>0.0</c>
    <g>0.0</g>
    <t>0.0</t>
   </pm-column>
   <pm-column position='17' dic='-0.8702382271584149' kdic='0.5160561339614756'>
    <a>0.0</a>
    <c>0.5</c>
    <g>0.3</g>
    <t>0.2</t>
   </pm-column>
   <pm-column position='18' dic='-0.7963199366916216' kdic='0.5899744244282691'>
    <a>0.0</a>
    <c>0.6</c>
    <g>0.2</g>
    <t>0.2</t>
   </pm-column>
   <pm-column position='19' dic='-0.7506935287014564' kdic='0.6356008324184343'>
    <a>0.3</a>
    <c>0.6</c>
    <g>0.1</g>
    <t>0.0</t>
   </pm-column>
  </PPM>
  <PWM length='19' words-count='19.375'>
   <pm-column position='1'>
    <a>-1.516795364883153</a>
    <c>0.8333337407450564</c>
    <g>0.2312667610611238</g>
    <t>-1.516795364883153</t>
   </pm-column>
   <pm-column position='2'>
    <a>-0.19051129386166227</a>
    <c>0.624503115496377</c>
    <g>0.15995969800167262</g>
    <t>-2.019799128629747</t>
   </pm-column>
   <pm-column position='3'>
    <a>-2.019799128629747</a>
    <c>-2.019799128629747</c>
    <g>1.2814763806729779</g>
    <t>-2.019799128629747</t>
   </pm-column>
   <pm-column position='4'>
    <a>0.9404650419758558</a>
    <c>-0.19051129386166227</c>
    <g>-0.7347835301919732</g>
    <t>-2.019799128629747</t>
   </pm-column>
   <pm-column position='5'>
    <a>0.9404650419758558</a>
    <c>-0.19051129386166227</c>
    <g>-0.7347835301919732</g>
    <t>-2.019799128629747</t>
   </pm-column>
   <pm-column position='6'>
    <a>-0.19051129386166227</a>
    <c>-2.019799128629747</c>
    <g>1.0674997228526406</g>
    <t>-2.019799128629747</t>
   </pm-column>
   <pm-column position='7'>
    <a>-2.019799128629747</a>
    <c>-2.019799128629747</c>
    <g>-2.019799128629747</g>
    <t>1.2814763806729779</t>
   </pm-column>
   <pm-column position='8'>
    <a>-2.019799128629747</a>
    <c>-2.019799128629747</c>
    <g>1.2814763806729779</g>
    <t>-2.019799128629747</t>
   </pm-column>
   <pm-column position='9'>
    <a>0.624503115496377</a>
    <c>-2.019799128629747</c>
    <g>0.15995969800167262</g>
    <t>-0.19051129386166227</t>
   </pm-column>
   <pm-column position='10'>
    <a>-0.19051129386166227</a>
    <c>-2.019799128629747</c>
    <g>1.0674997228526406</g>
    <t>-2.019799128629747</t>
   </pm-column>
   <pm-column position='11'>
    <a>-2.019799128629747</a>
    <c>-2.019799128629747</c>
    <g>1.1802004177016672</g>
    <t>-0.7347835301919732</t>
   </pm-column>
   <pm-column position='12'>
    <a>0.624503115496377</a>
    <c>-0.19051129386166227</c>
    <g>-0.7347835301919732</g>
    <t>-0.19051129386166227</t>
   </pm-column>
   <pm-column position='13'>
    <a>-2.019799128629747</a>
    <c>-2.019799128629747</c>
    <g>-0.19051129386166227</g>
    <t>1.0674997228526406</t>
   </pm-column>
   <pm-column position='14'>
    <a>-2.019799128629747</a>
    <c>1.2814763806729779</c>
    <g>-2.019799128629747</g>
    <t>-2.019799128629747</t>
   </pm-column>
   <pm-column position='15'>
    <a>-2.019799128629747</a>
    <c>0.624503115496377</c>
    <g>-0.7347835301919732</g>
    <t>0.41896736191273526</t>
   </pm-column>
   <pm-column position='16'>
    <a>1.2814763806729779</a>
    <c>-2.019799128629747</c>
    <g>-2.019799128629747</g>
    <t>-2.019799128629747</t>
   </pm-column>
   <pm-column position='17'>
    <a>-2.019799128629747</a>
    <c>0.624503115496377</c>
    <g>0.15995969800167262</g>
    <t>-0.19051129386166227</t>
   </pm-column>
   <pm-column position='18'>
    <a>-2.019799128629747</a>
    <c>0.7949115055703416</c>
    <g>-0.19051129386166227</g>
    <t>-0.19051129386166227</t>
   </pm-column>
   <pm-column position='19'>
    <a>0.15995969800167262</a>
    <c>0.7949115055703416</c>
    <g>-0.7347835301919732</g>
    <t>-2.019799128629747</t>
   </pm-column>
  </PWM>
 </motif>
</smallbismark>