<?xml version='1.0' encoding='UTF-8'?>
<smallbismark>
 <motif name='CSEN_HUMAN' id='CSEN_si' sample-size='5' sequence-count='5' coverage='1.0' length='10'>
  <comment>HOCOMOCO v9; MAR2012; ChIPMunk v3.1</comment>
  <background>
   <a>0.29182</a>
   <c>0.20818</c>
   <g>0.20818</g>
   <t>0.29182</t>
  </background>
  <consensus>MTGTCAGGTG</consensus>
  <WPCM words-count='5.0' length='10' dic='-3.069242218148447' kdic='10.79370139305046'>
   <pm-column position='1' dic='-0.6684161504488454' kdic='0.7178782106710452'>
    <a>2.0833333333333353</a>
    <c>1.979166666666665</c>
    <g>0.0</g>
    <t>0.9375</t>
   </pm-column>
   <pm-column position='2' dic='-0.45909864717230475' kdic='0.9271957139475857'>
    <a>1.979166666666665</a>
    <c>0.0</c>
    <g>0.0</g>
    <t>3.020833333333335</t>
   </pm-column>
   <pm-column position='3' dic='-0.3029750517011471' kdic='1.0833193094187437'>
    <a>0.0</a>
    <c>0.9375</c>
    <g>4.0625</g>
    <t>0.0</t>
   </pm-column>
   <pm-column position='4' dic='0.0' kdic='1.3862943611198906'>
    <a>0.0</a>
    <c>0.0</c>
    <g>0.0</g>
    <t>5.0</t>
   </pm-column>
   <pm-column position='5' dic='0.0' kdic='1.3862943611198906'>
    <a>0.0</a>
    <c>5.0</c>
    <g>0.0</g>
    <t>0.0</t>
   </pm-column>
   <pm-column position='6' dic='0.0' kdic='1.3862943611198906'>
    <a>5.0</a>
    <c>0.0</c>
    <g>0.0</g>
    <t>0.0</t>
   </pm-column>
   <pm-column position='7' dic='-0.45909864717230475' kdic='0.9271957139475857'>
    <a>1.979166666666665</a>
    <c>0.0</c>
    <g>3.020833333333335</g>
    <t>0.0</t>
   </pm-column>
   <pm-column position='8' dic='-0.45909864717230475' kdic='0.9271957139475857'>
    <a>0.0</a>
    <c>0.0</c>
    <g>3.020833333333335</g>
    <t>1.979166666666665</t>
   </pm-column>
   <pm-column position='9' dic='-0.465602578809652' kdic='0.9206917823102387'>
    <a>0.0</a>
    <c>0.0</c>
    <g>2.0833333333333353</g>
    <t>2.916666666666665</t>
   </pm-column>
   <pm-column position='10' dic='-0.2549524956718886' kdic='1.1313418654480019'>
    <a>0.2604166666666665</a>
    <c>0.2604166666666665</c>
    <g>4.21875</g>
    <t>0.2604166666666665</t>
   </pm-column>
  </WPCM>
  <PPM words-count='5.0' length='10' kdic='10.79370139305046' dic='-3.069242218148447'>
   <pm-column position='1' dic='-0.6684161504488454' kdic='0.7178782106710452'>
    <a>0.416666666666667</a>
    <c>0.395833333333333</c>
    <g>0.0</g>
    <t>0.1875</t>
   </pm-column>
   <pm-column position='2' dic='-0.45909864717230475' kdic='0.9271957139475857'>
    <a>0.395833333333333</a>
    <c>0.0</c>
    <g>0.0</g>
    <t>0.604166666666667</t>
   </pm-column>
   <pm-column position='3' dic='-0.3029750517011471' kdic='1.0833193094187437'>
    <a>0.0</a>
    <c>0.1875</c>
    <g>0.8125</g>
    <t>0.0</t>
   </pm-column>
   <pm-column position='4' dic='0.0' kdic='1.3862943611198906'>
    <a>0.0</a>
    <c>0.0</c>
    <g>0.0</g>
    <t>1.0</t>
   </pm-column>
   <pm-column position='5' dic='0.0' kdic='1.3862943611198906'>
    <a>0.0</a>
    <c>1.0</c>
    <g>0.0</g>
    <t>0.0</t>
   </pm-column>
   <pm-column position='6' dic='0.0' kdic='1.3862943611198906'>
    <a>1.0</a>
    <c>0.0</c>
    <g>0.0</g>
    <t>0.0</t>
   </pm-column>
   <pm-column position='7' dic='-0.45909864717230475' kdic='0.9271957139475857'>
    <a>0.395833333333333</a>
    <c>0.0</c>
    <g>0.604166666666667</g>
    <t>0.0</t>
   </pm-column>
   <pm-column position='8' dic='-0.45909864717230475' kdic='0.9271957139475857'>
    <a>0.0</a>
    <c>0.0</c>
    <g>0.604166666666667</g>
    <t>0.395833333333333</t>
   </pm-column>
   <pm-column position='9' dic='-0.465602578809652' kdic='0.9206917823102387'>
    <a>0.0</a>
    <c>0.0</c>
    <g>0.416666666666667</g>
    <t>0.583333333333333</t>
   </pm-column>
   <pm-column position='10' dic='-0.2549524956718886' kdic='1.1313418654480019'>
    <a>0.0520833333333333</a>
    <c>0.0520833333333333</c>
    <g>0.84375</g>
    <t>0.0520833333333333</t>
   </pm-column>
  </PPM>
  <PWM length='10' words-count='5.0'>
   <pm-column position='1'>
    <a>0.28040131069748075</a>
    <c>0.5199071204372244</c>
    <g>-1.4126136189803458</g>
    <t>-0.31529212257487665</t>
   </pm-column>
   <pm-column position='2'>
    <a>0.2387437613852247</a>
    <c>-1.4126136189803458</c>
    <g>-1.4126136189803458</g>
    <t>0.593177996555912</t>
   </pm-column>
   <pm-column position='3'>
    <a>-1.4126136189803455</a>
    <c>-0.07813776943192187</c>
    <g>1.1618813437144468</g>
    <t>-1.4126136189803455</t>
   </pm-column>
   <pm-column position='4'>
    <a>-1.4126136189803455</a>
    <c>-1.4126136189803458</c>
    <g>-1.4126136189803458</g>
    <t>1.042351499776889</t>
   </pm-column>
   <pm-column position='5'>
    <a>-1.4126136189803455</a>
    <c>1.3551316254453551</c>
    <g>-1.4126136189803458</g>
    <t>-1.4126136189803455</t>
   </pm-column>
   <pm-column position='6'>
    <a>1.042351499776889</a>
    <c>-1.4126136189803458</c>
    <g>-1.4126136189803458</g>
    <t>-1.4126136189803455</t>
   </pm-column>
   <pm-column position='7'>
    <a>0.2387437613852247</a>
    <c>-1.4126136189803458</c>
    <g>0.8915495200569135</g>
    <t>-1.4126136189803455</t>
   </pm-column>
   <pm-column position='8'>
    <a>-1.4126136189803455</a>
    <c>-1.4126136189803458</c>
    <g>0.8915495200569135</g>
    <t>0.2387437613852247</t>
   </pm-column>
   <pm-column position='9'>
    <a>-1.4126136189803455</a>
    <c>-1.4126136189803458</c>
    <g>0.5639349461892116</g>
    <t>0.5628806578998815</t>
   </pm-column>
   <pm-column position='10'>
    <a>-0.9714721553444479</a>
    <c>-0.8375612885092514</c>
    <g>1.1967957457481175</g>
    <t>-0.9714721553444479</t>
   </pm-column>
  </PWM>
 </motif>
</smallbismark>