<?xml version='1.0' encoding='UTF-8'?>
<smallbismark>
 <motif name='RBL1_HUMAN' id='RBL1_f1' sample-size='6' sequence-count='5' coverage='0.8333333333333334' length='7'>
  <comment>HOCOMOCO v9; MAR2012; ChIPMunk v3.1</comment>
  <background>
   <a>0.29182</a>
   <c>0.20818</c>
   <g>0.20818</g>
   <t>0.29182</t>
  </background>
  <consensus>YTCGCGG</consensus>
  <WPCM words-count='5.0' length='7' dic='-1.2928303488683455' kdic='8.41123017897089'>
   <pm-column position='1' dic='-0.4863046939701485' kdic='0.899989667149742'>
    <a>0.232452454709275</a>
    <c>1.162262273546375</c>
    <g>0.232452454709275</g>
    <t>3.372832817035075</t>
   </pm-column>
   <pm-column position='2' dic='0.0' kdic='1.3862943611198906'>
    <a>0.0</a>
    <c>0.0</c>
    <g>0.0</g>
    <t>5.0</t>
   </pm-column>
   <pm-column position='3' dic='-0.34375245908994545' kdic='1.0425419020299451'>
    <a>0.0</a>
    <c>3.89471472825565</c>
    <g>1.10528527174435</g>
    <t>0.0</t>
   </pm-column>
   <pm-column position='4' dic='0.0' kdic='1.3862943611198906'>
    <a>0.0</a>
    <c>0.0</c>
    <g>5.0</g>
    <t>0.0</t>
   </pm-column>
   <pm-column position='5' dic='0.0' kdic='1.3862943611198906'>
    <a>0.0</a>
    <c>5.0</c>
    <g>0.0</g>
    <t>0.0</t>
   </pm-column>
   <pm-column position='6' dic='0.0' kdic='1.3862943611198906'>
    <a>0.0</a>
    <c>0.0</c>
    <g>5.0</g>
    <t>0.0</t>
   </pm-column>
   <pm-column position='7' dic='-0.46277319580825144' kdic='0.9235211653116391'>
    <a>0.0</a>
    <c>2.03509509058145</c>
    <g>2.96490490941855</g>
    <t>0.0</t>
   </pm-column>
  </WPCM>
  <PPM words-count='5.0' length='7' kdic='8.41123017897089' dic='-1.2928303488683455'>
   <pm-column position='1' dic='-0.4863046939701485' kdic='0.899989667149742'>
    <a>0.046490490941855</a>
    <c>0.232452454709275</c>
    <g>0.046490490941855</g>
    <t>0.674566563407015</t>
   </pm-column>
   <pm-column position='2' dic='0.0' kdic='1.3862943611198906'>
    <a>0.0</a>
    <c>0.0</c>
    <g>0.0</g>
    <t>1.0</t>
   </pm-column>
   <pm-column position='3' dic='-0.34375245908994545' kdic='1.0425419020299451'>
    <a>0.0</a>
    <c>0.77894294565113</c>
    <g>0.22105705434887</g>
    <t>0.0</t>
   </pm-column>
   <pm-column position='4' dic='0.0' kdic='1.3862943611198906'>
    <a>0.0</a>
    <c>0.0</c>
    <g>1.0</g>
    <t>0.0</t>
   </pm-column>
   <pm-column position='5' dic='0.0' kdic='1.3862943611198906'>
    <a>0.0</a>
    <c>1.0</c>
    <g>0.0</g>
    <t>0.0</t>
   </pm-column>
   <pm-column position='6' dic='0.0' kdic='1.3862943611198906'>
    <a>0.0</a>
    <c>0.0</c>
    <g>1.0</g>
    <t>0.0</t>
   </pm-column>
   <pm-column position='7' dic='-0.46277319580825144' kdic='0.9235211653116391'>
    <a>0.0</a>
    <c>0.40701901811629</c>
    <g>0.59298098188371</g>
    <t>0.0</t>
   </pm-column>
  </PPM>
  <PWM length='7' words-count='5.0'>
   <pm-column position='1'>
    <a>-1.0105281912948563</a>
    <c>0.08450994981506402</c>
    <g>-0.8856607819013486</g>
    <t>0.6892562736694103</t>
   </pm-column>
   <pm-column position='2'>
    <a>-1.4126136189803455</a>
    <c>-1.4126136189803458</c>
    <g>-1.4126136189803458</g>
    <t>1.042351499776889</t>
   </pm-column>
   <pm-column position='3'>
    <a>-1.4126136189803455</a>
    <c>1.1229802397295796</c>
    <g>0.04571445000070286</g>
    <t>-1.4126136189803455</t>
   </pm-column>
   <pm-column position='4'>
    <a>-1.4126136189803455</a>
    <c>-1.4126136189803458</c>
    <g>1.3551316254453551</g>
    <t>-1.4126136189803455</t>
   </pm-column>
   <pm-column position='5'>
    <a>-1.4126136189803455</a>
    <c>1.3551316254453551</c>
    <g>-1.4126136189803458</g>
    <t>-1.4126136189803455</t>
   </pm-column>
   <pm-column position='6'>
    <a>-1.4126136189803455</a>
    <c>-1.4126136189803458</c>
    <g>1.3551316254453551</g>
    <t>-1.4126136189803455</t>
   </pm-column>
   <pm-column position='7'>
    <a>-1.4126136189803455</a>
    <c>0.5437869320644606</c>
    <g>0.874743351717988</g>
    <t>-1.4126136189803455</t>
   </pm-column>
  </PWM>
 </motif>
</smallbismark>