<?xml version='1.0' encoding='UTF-8'?>
<smallbismark>
 <motif name='AP2D_HUMAN' id='AP2D_f1' sample-size='5' sequence-count='5' coverage='1.0' length='14'>
  <comment>HOCOMOCO v9; MAR2012; ChIPMunk v3.1</comment>
  <background>
   <a>0.29182</a>
   <c>0.20818</c>
   <g>0.20818</g>
   <t>0.29182</t>
  </background>
  <consensus>vGbCCGRGGCnCGY</consensus>
  <WPCM words-count='5.0' length='14' dic='-4.612182807705675' kdic='14.795938247972797'>
   <pm-column position='1' dic='-0.6991810099468235' kdic='0.6871133511730678'>
    <a>1.16279069767442</a>
    <c>2.44186046511628</c>
    <g>1.16279069767442</g>
    <t>0.23255813953488352</t>
   </pm-column>
   <pm-column position='2' dic='0.0' kdic='1.3862943611198906'>
    <a>0.0</a>
    <c>0.0</c>
    <g>5.0</g>
    <t>0.0</t>
   </pm-column>
   <pm-column position='3' dic='-0.5635465150520123' kdic='0.8227478460678785'>
    <a>0.0</a>
    <c>3.1395348837209305</c>
    <g>0.930232558139535</g>
    <t>0.930232558139535</t>
   </pm-column>
   <pm-column position='4' dic='0.0' kdic='1.3862943611198906'>
    <a>0.0</a>
    <c>5.0</c>
    <g>0.0</g>
    <t>0.0</t>
   </pm-column>
   <pm-column position='5' dic='-0.45892989012101476' kdic='0.9273644709988756'>
    <a>0.0</a>
    <c>3.0232558139534897</c>
    <g>0.0</g>
    <t>1.9767441860465098</t>
   </pm-column>
   <pm-column position='6' dic='0.0' kdic='1.3862943611198906'>
    <a>0.0</a>
    <c>0.0</c>
    <g>5.0</g>
    <t>0.0</t>
   </pm-column>
   <pm-column position='7' dic='-0.6940600939702685' kdic='0.6922342671496221'>
    <a>1.9767441860465098</a>
    <c>1.16279069767442</c>
    <g>1.86046511627907</g>
    <t>0.0</t>
   </pm-column>
   <pm-column position='8' dic='0.0' kdic='1.3862943611198906'>
    <a>0.0</a>
    <c>0.0</c>
    <g>5.0</g>
    <t>0.0</t>
   </pm-column>
   <pm-column position='9' dic='0.0' kdic='1.3862943611198906'>
    <a>0.0</a>
    <c>0.0</c>
    <g>5.0</g>
    <t>0.0</t>
   </pm-column>
   <pm-column position='10' dic='-0.30076480635006897' kdic='1.0855295547698216'>
    <a>0.0</a>
    <c>4.069767441860465</c>
    <g>0.930232558139535</g>
    <t>0.0</t>
   </pm-column>
   <pm-column position='11' dic='-0.8077206895413072' kdic='0.5785736715785834'>
    <a>0.930232558139535</a>
    <c>1.16279069767442</c>
    <g>1.9767441860465098</g>
    <t>0.930232558139535</t>
   </pm-column>
   <pm-column position='12' dic='-0.30076480635006897' kdic='1.0855295547698216'>
    <a>0.0</a>
    <c>4.069767441860465</c>
    <g>0.930232558139535</g>
    <t>0.0</t>
   </pm-column>
   <pm-column position='13' dic='-0.30076480635006897' kdic='1.0855295547698216'>
    <a>0.0</a>
    <c>0.930232558139535</c>
    <g>4.069767441860465</g>
    <t>0.0</t>
   </pm-column>
   <pm-column position='14' dic='-0.4864501900240416' kdic='0.8998441710958496'>
    <a>0.23255813953488352</a>
    <c>1.16279069767442</c>
    <g>0.23255813953488352</g>
    <t>3.372093023255815</t>
   </pm-column>
  </WPCM>
  <PPM words-count='5.0' length='14' kdic='14.795938247972797' dic='-4.612182807705675'>
   <pm-column position='1' dic='-0.6991810099468235' kdic='0.6871133511730678'>
    <a>0.232558139534884</a>
    <c>0.488372093023256</c>
    <g>0.232558139534884</g>
    <t>0.0465116279069767</t>
   </pm-column>
   <pm-column position='2' dic='0.0' kdic='1.3862943611198906'>
    <a>0.0</a>
    <c>0.0</c>
    <g>1.0</g>
    <t>0.0</t>
   </pm-column>
   <pm-column position='3' dic='-0.5635465150520123' kdic='0.8227478460678785'>
    <a>0.0</a>
    <c>0.627906976744186</c>
    <g>0.186046511627907</g>
    <t>0.186046511627907</t>
   </pm-column>
   <pm-column position='4' dic='0.0' kdic='1.3862943611198906'>
    <a>0.0</a>
    <c>1.0</c>
    <g>0.0</g>
    <t>0.0</t>
   </pm-column>
   <pm-column position='5' dic='-0.45892989012101476' kdic='0.9273644709988756'>
    <a>0.0</a>
    <c>0.604651162790698</c>
    <g>0.0</g>
    <t>0.395348837209302</t>
   </pm-column>
   <pm-column position='6' dic='0.0' kdic='1.3862943611198906'>
    <a>0.0</a>
    <c>0.0</c>
    <g>1.0</g>
    <t>0.0</t>
   </pm-column>
   <pm-column position='7' dic='-0.6940600939702685' kdic='0.6922342671496221'>
    <a>0.395348837209302</a>
    <c>0.232558139534884</c>
    <g>0.372093023255814</g>
    <t>0.0</t>
   </pm-column>
   <pm-column position='8' dic='0.0' kdic='1.3862943611198906'>
    <a>0.0</a>
    <c>0.0</c>
    <g>1.0</g>
    <t>0.0</t>
   </pm-column>
   <pm-column position='9' dic='0.0' kdic='1.3862943611198906'>
    <a>0.0</a>
    <c>0.0</c>
    <g>1.0</g>
    <t>0.0</t>
   </pm-column>
   <pm-column position='10' dic='-0.30076480635006897' kdic='1.0855295547698216'>
    <a>0.0</a>
    <c>0.813953488372093</c>
    <g>0.186046511627907</g>
    <t>0.0</t>
   </pm-column>
   <pm-column position='11' dic='-0.8077206895413072' kdic='0.5785736715785834'>
    <a>0.186046511627907</a>
    <c>0.232558139534884</c>
    <g>0.395348837209302</g>
    <t>0.186046511627907</t>
   </pm-column>
   <pm-column position='12' dic='-0.30076480635006897' kdic='1.0855295547698216'>
    <a>0.0</a>
    <c>0.813953488372093</c>
    <g>0.186046511627907</g>
    <t>0.0</t>
   </pm-column>
   <pm-column position='13' dic='-0.30076480635006897' kdic='1.0855295547698216'>
    <a>0.0</a>
    <c>0.186046511627907</c>
    <g>0.813953488372093</g>
    <t>0.0</t>
   </pm-column>
   <pm-column position='14' dic='-0.4864501900240416' kdic='0.8998441710958496'>
    <a>0.0465116279069767</a>
    <c>0.232558139534884</c>
    <g>0.0465116279069767</g>
    <t>0.674418604651163</t>
   </pm-column>
  </PPM>
  <PWM length='14' words-count='5.0'>
   <pm-column position='1'>
    <a>-0.16678310866851315</a>
    <c>0.7021740952794302</c>
    <g>0.0848628002646339</g>
    <t>-1.0103776782850338</t>
   </pm-column>
   <pm-column position='2'>
    <a>-1.4126136189803455</a>
    <c>-1.4126136189803458</c>
    <g>1.3551316254453551</g>
    <t>-1.4126136189803455</t>
   </pm-column>
   <pm-column position='3'>
    <a>-1.4126136189803455</a>
    <c>0.9263094058381163</c>
    <g>-0.08386502146274877</g>
    <t>-0.32047012645057027</t>
   </pm-column>
   <pm-column position='4'>
    <a>-1.4126136189803455</a>
    <c>1.3551316254453551</c>
    <g>-1.4126136189803458</g>
    <t>-1.4126136189803455</t>
   </pm-column>
   <pm-column position='5'>
    <a>-1.4126136189803455</a>
    <c>0.8922711182470829</c>
    <g>-1.4126136189803458</g>
    <t>0.2377540299029452</t>
   </pm-column>
   <pm-column position='6'>
    <a>-1.4126136189803455</a>
    <c>-1.4126136189803458</c>
    <g>1.3551316254453551</g>
    <t>-1.4126136189803455</t>
   </pm-column>
   <pm-column position='7'>
    <a>0.2377540299029452</a>
    <c>0.0848628002646339</c>
    <g>0.46725279738333503</g>
    <t>-1.4126136189803455</t>
   </pm-column>
   <pm-column position='8'>
    <a>-1.4126136189803455</a>
    <c>-1.4126136189803458</c>
    <g>1.3551316254453551</g>
    <t>-1.4126136189803455</t>
   </pm-column>
   <pm-column position='9'>
    <a>-1.4126136189803455</a>
    <c>-1.4126136189803458</c>
    <g>1.3551316254453551</g>
    <t>-1.4126136189803455</t>
   </pm-column>
   <pm-column position='10'>
    <a>-1.4126136189803455</a>
    <c>1.1635325873657272</c>
    <g>-0.08386502146274877</g>
    <t>-1.4126136189803455</t>
   </pm-column>
   <pm-column position='11'>
    <a>-0.32047012645057027</a>
    <c>0.0848628002646339</c>
    <g>0.5188597946780689</g>
    <t>-0.32047012645057027</t>
   </pm-column>
   <pm-column position='12'>
    <a>-1.4126136189803455</a>
    <c>1.1635325873657272</c>
    <g>-0.08386502146274877</g>
    <t>-1.4126136189803455</t>
   </pm-column>
   <pm-column position='13'>
    <a>-1.4126136189803455</a>
    <c>-0.08386502146274877</c>
    <g>1.1635325873657272</g>
    <t>-1.4126136189803455</t>
   </pm-column>
   <pm-column position='14'>
    <a>-1.0103776782850338</a>
    <c>0.0848628002646339</c>
    <g>-0.8854745746224028</g>
    <t>0.6890637254257832</t>
   </pm-column>
  </PWM>
 </motif>
</smallbismark>