<?xml version='1.0' encoding='UTF-8'?>
<smallbismark>
 <motif name='ARI3A_HUMAN' id='ARI3A_f1' sample-size='58' sequence-count='47' coverage='0.8103448275862069' length='7'>
  <comment>HOCOMOCO v9; MAR2012; ChIPMunk v3.1</comment>
  <background>
   <a>0.29182</a>
   <c>0.20818</c>
   <g>0.20818</g>
   <t>0.29182</t>
  </background>
  <consensus>RATTAAA</consensus>
  <WPCM words-count='47.111078969846' length='7' dic='-1.3404205712566877' kdic='8.363639956582547'>
   <pm-column position='1' dic='-0.9237705624756445' kdic='0.4625237986442468'>
    <a>28.498291092771634</a>
    <c>2.5085445361420007</c>
    <g>11.58886317587679</g>
    <t>4.515380165055598</t>
   </pm-column>
   <pm-column position='2' dic='0.0' kdic='1.3862943611198906'>
    <a>47.111078969846</a>
    <c>0.0</c>
    <g>0.0</g>
    <t>0.0</t>
   </pm-column>
   <pm-column position='3' dic='0.0' kdic='1.3862943611198906'>
    <a>0.0</a>
    <c>0.0</c>
    <g>0.0</g>
    <t>47.111078969846</t>
   </pm-column>
   <pm-column position='4' dic='0.0' kdic='1.3862943611198906'>
    <a>0.0</a>
    <c>0.0</c>
    <g>0.0</g>
    <t>47.111078969846</t>
   </pm-column>
   <pm-column position='5' dic='0.0' kdic='1.3862943611198906'>
    <a>47.111078969846</a>
    <c>0.0</c>
    <g>0.0</g>
    <t>0.0</t>
   </pm-column>
   <pm-column position='6' dic='0.0' kdic='1.3862943611198906'>
    <a>47.111078969846</a>
    <c>0.0</c>
    <g>0.0</g>
    <t>0.0</t>
   </pm-column>
   <pm-column position='7' dic='-0.41665000878104325' kdic='0.9696443523388475'>
    <a>39.083736454191595</a>
    <c>0.0</c>
    <g>0.0</g>
    <t>8.027342515654405</t>
   </pm-column>
  </WPCM>
  <PPM words-count='47.111078969846' length='7' kdic='8.363639956582547' dic='-1.3404205712566877'>
   <pm-column position='1' dic='-0.9237705624756445' kdic='0.4625237986442468'>
    <a>0.604916968915365</a>
    <c>0.0532474439345281</c>
    <g>0.245990188067957</g>
    <t>0.0958453990821505</t>
   </pm-column>
   <pm-column position='2' dic='0.0' kdic='1.3862943611198906'>
    <a>1.0</a>
    <c>0.0</c>
    <g>0.0</g>
    <t>0.0</t>
   </pm-column>
   <pm-column position='3' dic='0.0' kdic='1.3862943611198906'>
    <a>0.0</a>
    <c>0.0</c>
    <g>0.0</g>
    <t>1.0</t>
   </pm-column>
   <pm-column position='4' dic='0.0' kdic='1.3862943611198906'>
    <a>0.0</a>
    <c>0.0</c>
    <g>0.0</g>
    <t>1.0</t>
   </pm-column>
   <pm-column position='5' dic='0.0' kdic='1.3862943611198906'>
    <a>1.0</a>
    <c>0.0</c>
    <g>0.0</g>
    <t>0.0</t>
   </pm-column>
   <pm-column position='6' dic='0.0' kdic='1.3862943611198906'>
    <a>1.0</a>
    <c>0.0</c>
    <g>0.0</g>
    <t>0.0</t>
   </pm-column>
   <pm-column position='7' dic='-0.41665000878104325' kdic='0.9696443523388475'>
    <a>0.82960817940951</a>
    <c>0.0</c>
    <g>0.0</g>
    <t>0.17039182059049</t>
   </pm-column>
  </PPM>
  <PWM length='7' words-count='47.111078969846'>
   <pm-column position='1'>
    <a>0.6890571055182457</a>
    <c>-1.1646587040512277</c>
    <g>0.155180686534663</g>
    <t>-0.9696641336268389</t>
   </pm-column>
   <pm-column position='2'>
    <a>1.1766136044589655</a>
    <c>-2.582386985004991</c>
    <g>-2.582386985004991</g>
    <t>-2.5823869850049905</t>
   </pm-column>
   <pm-column position='3'>
    <a>-2.5823869850049905</a>
    <c>-2.582386985004991</c>
    <g>-2.582386985004991</g>
    <t>1.1766136044589655</t>
   </pm-column>
   <pm-column position='4'>
    <a>-2.5823869850049905</a>
    <c>-2.582386985004991</c>
    <g>-2.582386985004991</g>
    <t>1.1766136044589655</t>
   </pm-column>
   <pm-column position='5'>
    <a>1.1766136044589655</a>
    <c>-2.582386985004991</c>
    <g>-2.582386985004991</g>
    <t>-2.5823869850049905</t>
   </pm-column>
   <pm-column position='6'>
    <a>1.1766136044589655</a>
    <c>-2.582386985004991</c>
    <g>-2.582386985004991</g>
    <t>-2.5823869850049905</t>
   </pm-column>
   <pm-column position='7'>
    <a>0.9945874104304676</a>
    <c>-2.582386985004991</c>
    <g>-2.582386985004991</g>
    <t>-0.4855527543433066</t>
   </pm-column>
  </PWM>
 </motif>
</smallbismark>