<?xml version='1.0' encoding='UTF-8'?>
<smallbismark>
 <motif name='ATF6A_HUMAN' id='ATF6A_si' sample-size='20' sequence-count='20' coverage='1.0' length='12'>
  <comment>HOCOMOCO v9; MAR2012; ChIPMunk v3.1</comment>
  <background>
   <a>0.29182</a>
   <c>0.20818</c>
   <g>0.20818</g>
   <t>0.29182</t>
  </background>
  <consensus>vKSSTGACGTGG</consensus>
  <WPCM words-count='20.0' length='12' dic='-4.4074215895504' kdic='12.22811074388829'>
   <pm-column position='1' dic='-0.8835552355503552' kdic='0.5027391255695365'>
    <a>3.6923076923076996</a>
    <c>3.6923076923076996</c>
    <g>11.6923076923077</g>
    <t>0.923076923076922</t>
   </pm-column>
   <pm-column position='2' dic='-0.8950029462295476' kdic='0.4912914148903432'>
    <a>0.0</a>
    <c>4.3076923076923</c>
    <g>6.46153846153846</g>
    <t>9.23076923076924</t>
   </pm-column>
   <pm-column position='3' dic='-0.7826407699203921' kdic='0.6036535911994984'>
    <a>0.0</a>
    <c>5.23076923076924</c>
    <g>12.0</g>
    <t>2.76923076923076</t>
   </pm-column>
   <pm-column position='4' dic='-0.8925411198414249' kdic='0.4937532412784666'>
    <a>1.846153846153846</a>
    <c>8.0</c>
    <g>9.23076923076924</g>
    <t>0.923076923076922</t>
   </pm-column>
   <pm-column position='5' dic='-0.092472775194868' kdic='1.2938215859250224'>
    <a>0.0</a>
    <c>0.615384615384616</c>
    <g>0.0</g>
    <t>19.38461538461538</t>
   </pm-column>
   <pm-column position='6' dic='-0.1383539469075817' kdic='1.247940414212309'>
    <a>0.0</a>
    <c>0.923076923076922</c>
    <g>19.07692307692308</g>
    <t>0.0</t>
   </pm-column>
   <pm-column position='7' dic='-0.22938715479715058' kdic='1.15690720632274'>
    <a>18.46153846153846</a>
    <c>0.923076923076922</c>
    <g>0.0</g>
    <t>0.615384615384616</t>
   </pm-column>
   <pm-column position='8' dic='0.0' kdic='1.3862943611198906'>
    <a>0.0</a>
    <c>20.0</c>
    <g>0.0</g>
    <t>0.0</t>
   </pm-column>
   <pm-column position='9' dic='0.0' kdic='1.3862943611198906'>
    <a>0.0</a>
    <c>0.0</c>
    <g>20.0</g>
    <t>0.0</t>
   </pm-column>
   <pm-column position='10' dic='0.0' kdic='1.3862943611198906'>
    <a>0.0</a>
    <c>0.0</c>
    <g>0.0</g>
    <t>20.0</t>
   </pm-column>
   <pm-column position='11' dic='-0.24673382055453957' kdic='1.1395605405653515'>
    <a>0.0</a>
    <c>1.846153846153846</c>
    <g>18.15384615384616</g>
    <t>0.0</t>
   </pm-column>
   <pm-column position='12' dic='-0.24673382055453957' kdic='1.1395605405653515'>
    <a>1.846153846153846</a>
    <c>0.0</c>
    <g>18.15384615384616</g>
    <t>0.0</t>
   </pm-column>
  </WPCM>
  <PPM words-count='20.0' length='12' kdic='12.22811074388829' dic='-4.4074215895504'>
   <pm-column position='1' dic='-0.8835552355503552' kdic='0.5027391255695365'>
    <a>0.184615384615385</a>
    <c>0.184615384615385</c>
    <g>0.584615384615385</g>
    <t>0.0461538461538461</t>
   </pm-column>
   <pm-column position='2' dic='-0.8950029462295476' kdic='0.4912914148903432'>
    <a>0.0</a>
    <c>0.215384615384615</c>
    <g>0.323076923076923</g>
    <t>0.461538461538462</t>
   </pm-column>
   <pm-column position='3' dic='-0.7826407699203921' kdic='0.6036535911994984'>
    <a>0.0</a>
    <c>0.261538461538462</c>
    <g>0.6</g>
    <t>0.138461538461538</t>
   </pm-column>
   <pm-column position='4' dic='-0.8925411198414249' kdic='0.4937532412784666'>
    <a>0.0923076923076923</a>
    <c>0.4</c>
    <g>0.461538461538462</g>
    <t>0.0461538461538461</t>
   </pm-column>
   <pm-column position='5' dic='-0.092472775194868' kdic='1.2938215859250224'>
    <a>0.0</a>
    <c>0.0307692307692308</c>
    <g>0.0</g>
    <t>0.969230769230769</t>
   </pm-column>
   <pm-column position='6' dic='-0.1383539469075817' kdic='1.247940414212309'>
    <a>0.0</a>
    <c>0.0461538461538461</c>
    <g>0.953846153846154</g>
    <t>0.0</t>
   </pm-column>
   <pm-column position='7' dic='-0.22938715479715058' kdic='1.15690720632274'>
    <a>0.923076923076923</a>
    <c>0.0461538461538461</c>
    <g>0.0</g>
    <t>0.0307692307692308</t>
   </pm-column>
   <pm-column position='8' dic='0.0' kdic='1.3862943611198906'>
    <a>0.0</a>
    <c>1.0</c>
    <g>0.0</g>
    <t>0.0</t>
   </pm-column>
   <pm-column position='9' dic='0.0' kdic='1.3862943611198906'>
    <a>0.0</a>
    <c>0.0</c>
    <g>1.0</g>
    <t>0.0</t>
   </pm-column>
   <pm-column position='10' dic='0.0' kdic='1.3862943611198906'>
    <a>0.0</a>
    <c>0.0</c>
    <g>0.0</g>
    <t>1.0</t>
   </pm-column>
   <pm-column position='11' dic='-0.24673382055453957' kdic='1.1395605405653515'>
    <a>0.0</a>
    <c>0.0923076923076923</c>
    <g>0.907692307692308</g>
    <t>0.0</t>
   </pm-column>
   <pm-column position='12' dic='-0.24673382055453957' kdic='1.1395605405653515'>
    <a>0.0923076923076923</a>
    <c>0.0</c>
    <g>0.907692307692308</g>
    <t>0.0</t>
   </pm-column>
  </PPM>
  <PWM length='12' words-count='20.0'>
   <pm-column position='1'>
    <a>-0.38492585554052056</a>
    <c>-0.10365577473919209</c>
    <g>0.9449184668928621</g>
    <t>-1.3174016187872148</t>
   </pm-column>
   <pm-column position='2'>
    <a>-2.0381199450233134</a>
    <c>0.029635761317316146</c>
    <g>0.3920300643075466</g>
    <t>0.409352622839731</t>
   </pm-column>
   <pm-column position='3'>
    <a>-2.0381199450233134</a>
    <c>0.20122084666521556</c>
    <g>0.9695946804133563</g>
    <t>-0.6107487861088885</t>
   </pm-column>
   <pm-column position='4'>
    <a>-0.9029125061556157</a>
    <c>0.5885316341683572</c>
    <g>0.7219429905412441</g>
    <t>-1.3174016187872148</t>
   </pm-column>
   <pm-column position='5'>
    <a>-2.0381199450233134</a>
    <c>-1.351633653962372</c>
    <g>-2.038119945023314</g>
    <t>1.1049153037848887</t>
   </pm-column>
   <pm-column position='6'>
    <a>-2.0381199450233134</a>
    <c>-1.1298276212395015</c>
    <g>1.4146699307156</g>
    <t>-2.0381199450233134</t>
   </pm-column>
   <pm-column position='7'>
    <a>1.0582803965306034</a>
    <c>-1.1298276212395015</c>
    <g>-2.038119945023314</g>
    <t>-1.5051769264440134</t>
   </pm-column>
   <pm-column position='8'>
    <a>-2.0381199450233134</a>
    <c>1.4604606458817702</c>
    <g>-2.038119945023314</g>
    <t>-2.0381199450233134</t>
   </pm-column>
   <pm-column position='9'>
    <a>-2.0381199450233134</a>
    <c>-2.038119945023314</c>
    <g>1.4604606458817702</g>
    <t>-2.0381199450233134</t>
   </pm-column>
   <pm-column position='10'>
    <a>-2.0381199450233134</a>
    <c>-2.038119945023314</c>
    <g>-2.038119945023314</g>
    <t>1.134839222811603</t>
   </pm-column>
   <pm-column position='11'>
    <a>-2.0381199450233134</a>
    <c>-0.6618336301669201</c>
    <g>1.3666813832188058</g>
    <t>-2.0381199450233134</t>
   </pm-column>
   <pm-column position='12'>
    <a>-0.9029125061556157</a>
    <c>-2.038119945023314</c>
    <g>1.3666813832188058</g>
    <t>-2.0381199450233134</t>
   </pm-column>
  </PWM>
 </motif>
</smallbismark>