<?xml version='1.0' encoding='UTF-8'?>
<smallbismark>
 <motif name='CDC5L_HUMAN' id='CDC5L_si' sample-size='10' sequence-count='10' coverage='1.0' length='15'>
  <comment>HOCOMOCO v9; MAR2012; ChIPMunk v3.1</comment>
  <background>
   <a>0.29182</a>
   <c>0.20818</c>
   <g>0.20818</g>
   <t>0.29182</t>
  </background>
  <consensus>vbGnKdTAAYRWAWb</consensus>
  <WPCM words-count='10.0' length='15' dic='-8.903355141216803' kdic='11.891060275581557'>
   <pm-column position='1' dic='-0.7000682594269613' kdic='0.6862261016929294'>
    <a>1.5</a>
    <c>1.5</c>
    <g>6.5</g>
    <t>0.5</t>
   </pm-column>
   <pm-column position='2' dic='-0.8055157731760871' kdic='0.5807785879438033'>
    <a>0.0</a>
    <c>2.0</c>
    <g>4.0</g>
    <t>4.0</t>
   </pm-column>
   <pm-column position='3' dic='-0.38066624897116413' kdic='1.0056281121487265'>
    <a>2.0</a>
    <c>0.0</c>
    <g>8.0</g>
    <t>0.0</t>
   </pm-column>
   <pm-column position='4' dic='-0.852516136106402' kdic='0.5337782250134886'>
    <a>5.0</a>
    <c>1.0</c>
    <g>1.0</g>
    <t>3.0</t>
   </pm-column>
   <pm-column position='5' dic='-0.673340189183597' kdic='0.7129541719362936'>
    <a>0.0</a>
    <c>1.0</c>
    <g>3.0</g>
    <t>6.0</t>
   </pm-column>
   <pm-column position='6' dic='-0.7138866999828172' kdic='0.6724076611370735'>
    <a>2.0</a>
    <c>0.0</c>
    <g>2.0</g>
    <t>6.0</t>
   </pm-column>
   <pm-column position='7' dic='-0.23025850929940467' kdic='1.1560358518204858'>
    <a>1.0</a>
    <c>0.0</c>
    <g>0.0</g>
    <t>9.0</t>
   </pm-column>
   <pm-column position='8' dic='-0.23025850929940467' kdic='1.1560358518204858'>
    <a>9.0</a>
    <c>0.0</c>
    <g>1.0</g>
    <t>0.0</t>
   </pm-column>
   <pm-column position='9' dic='-0.38066624897116413' kdic='1.0056281121487265'>
    <a>8.0</a>
    <c>0.0</c>
    <g>0.0</g>
    <t>2.0</t>
   </pm-column>
   <pm-column position='10' dic='-0.673340189183597' kdic='0.7129541719362937'>
    <a>1.0</a>
    <c>6.0</c>
    <g>0.0</g>
    <t>3.0</t>
   </pm-column>
   <pm-column position='11' dic='-0.673340189183597' kdic='0.7129541719362937'>
    <a>6.0</a>
    <c>0.0</c>
    <g>3.0</g>
    <t>1.0</t>
   </pm-column>
   <pm-column position='12' dic='-0.5886104031391481' kdic='0.7976839579807425'>
    <a>2.0</a>
    <c>1.0</c>
    <g>0.0</g>
    <t>7.0</t>
   </pm-column>
   <pm-column position='13' dic='-0.4499809670330265' kdic='0.9363133940868641'>
    <a>8.0</a>
    <c>1.0</c>
    <g>1.0</g>
    <t>0.0</t>
   </pm-column>
   <pm-column position='14' dic='-0.673340189183597' kdic='0.7129541719362936'>
    <a>6.0</a>
    <c>0.0</c>
    <g>1.0</g>
    <t>3.0</t>
   </pm-column>
   <pm-column position='15' dic='-0.8775666290768355' kdic='0.508727732043055'>
    <a>0.75</a>
    <c>2.75</c>
    <g>1.75</g>
    <t>4.75</t>
   </pm-column>
  </WPCM>
  <PPM words-count='10.0' length='15' kdic='11.891060275581557' dic='-8.903355141216803'>
   <pm-column position='1' dic='-0.7000682594269613' kdic='0.6862261016929294'>
    <a>0.15</a>
    <c>0.15</c>
    <g>0.65</g>
    <t>0.05</t>
   </pm-column>
   <pm-column position='2' dic='-0.8055157731760871' kdic='0.5807785879438033'>
    <a>0.0</a>
    <c>0.2</c>
    <g>0.4</g>
    <t>0.4</t>
   </pm-column>
   <pm-column position='3' dic='-0.38066624897116413' kdic='1.0056281121487265'>
    <a>0.2</a>
    <c>0.0</c>
    <g>0.8</g>
    <t>0.0</t>
   </pm-column>
   <pm-column position='4' dic='-0.852516136106402' kdic='0.5337782250134886'>
    <a>0.5</a>
    <c>0.1</c>
    <g>0.1</g>
    <t>0.3</t>
   </pm-column>
   <pm-column position='5' dic='-0.673340189183597' kdic='0.7129541719362936'>
    <a>0.0</a>
    <c>0.1</c>
    <g>0.3</g>
    <t>0.6</t>
   </pm-column>
   <pm-column position='6' dic='-0.7138866999828172' kdic='0.6724076611370735'>
    <a>0.2</a>
    <c>0.0</c>
    <g>0.2</g>
    <t>0.6</t>
   </pm-column>
   <pm-column position='7' dic='-0.23025850929940467' kdic='1.1560358518204858'>
    <a>0.1</a>
    <c>0.0</c>
    <g>0.0</g>
    <t>0.9</t>
   </pm-column>
   <pm-column position='8' dic='-0.23025850929940467' kdic='1.1560358518204858'>
    <a>0.9</a>
    <c>0.0</c>
    <g>0.1</g>
    <t>0.0</t>
   </pm-column>
   <pm-column position='9' dic='-0.38066624897116413' kdic='1.0056281121487265'>
    <a>0.8</a>
    <c>0.0</c>
    <g>0.0</g>
    <t>0.2</t>
   </pm-column>
   <pm-column position='10' dic='-0.673340189183597' kdic='0.7129541719362937'>
    <a>0.1</a>
    <c>0.6</c>
    <g>0.0</g>
    <t>0.3</t>
   </pm-column>
   <pm-column position='11' dic='-0.673340189183597' kdic='0.7129541719362937'>
    <a>0.6</a>
    <c>0.0</c>
    <g>0.3</g>
    <t>0.1</t>
   </pm-column>
   <pm-column position='12' dic='-0.5886104031391481' kdic='0.7976839579807425'>
    <a>0.2</a>
    <c>0.1</c>
    <g>0.0</g>
    <t>0.7</t>
   </pm-column>
   <pm-column position='13' dic='-0.4499809670330265' kdic='0.9363133940868641'>
    <a>0.8</a>
    <c>0.1</c>
    <g>0.1</g>
    <t>0.0</t>
   </pm-column>
   <pm-column position='14' dic='-0.673340189183597' kdic='0.7129541719362936'>
    <a>0.6</a>
    <c>0.0</c>
    <g>0.1</g>
    <t>0.3</t>
   </pm-column>
   <pm-column position='15' dic='-0.8775666290768355' kdic='0.508727732043055'>
    <a>0.075</a>
    <c>0.275</c>
    <g>0.175</g>
    <t>0.475</t>
   </pm-column>
  </PPM>
  <PWM length='15' words-count='10.0'>
   <pm-column position='1'>
    <a>-0.5025594552934163</a>
    <c>-0.25770438060485495</c>
    <g>1.0024782799818683</g>
    <t>-1.119523752527792</t>
   </pm-column>
   <pm-column position='2'>
    <a>-1.675776965209879</a>
    <c>-0.0324777602471021</c>
    <g>0.5590014582659368</g>
    <t>0.263396688267045</t>
   </pm-column>
   <pm-column position='3'>
    <a>-0.2953745517991687</a>
    <c>-1.675776965209879</c>
    <g>1.1971559630920265</g>
    <t>-1.675776965209879</t>
   </pm-column>
   <pm-column position='4'>
    <a>0.457353881862053</a>
    <c>-0.5488679065208868</c>
    <g>-0.5488679065208868</g>
    <t>0.02254182229864538</t>
   </pm-column>
   <pm-column position='5'>
    <a>-1.675776965209879</a>
    <c>-0.5488679065208868</c>
    <g>0.3063698255240093</g>
    <t>0.6197336132437329</t>
   </pm-column>
   <pm-column position='6'>
    <a>-0.2953745517991687</a>
    <c>-1.675776965209879</c>
    <g>-0.0324777602471021</g>
    <t>0.6197336132437329</t>
   </pm-column>
   <pm-column position='7'>
    <a>-0.7641970110262994</a>
    <c>-1.675776965209879</c>
    <g>-1.675776965209879</g>
    <t>0.991052325979109</t>
   </pm-column>
   <pm-column position='8'>
    <a>0.991052325979109</a>
    <c>-1.675776965209879</c>
    <g>-0.5488679065208868</g>
    <t>-1.675776965209879</t>
   </pm-column>
   <pm-column position='9'>
    <a>0.8819158201645054</a>
    <c>-1.675776965209879</c>
    <g>-1.675776965209879</g>
    <t>-0.2953745517991687</t>
   </pm-column>
   <pm-column position='10'>
    <a>-0.7641970110262994</a>
    <c>0.9281428285989288</c>
    <g>-1.675776965209879</g>
    <t>0.02254182229864538</t>
   </pm-column>
   <pm-column position='11'>
    <a>0.6197336132437329</a>
    <c>-1.675776965209879</c>
    <g>0.3063698255240093</g>
    <t>-0.7641970110262994</t>
   </pm-column>
   <pm-column position='12'>
    <a>-0.2953745517991687</a>
    <c>-0.5488679065208868</c>
    <g>-1.675776965209879</g>
    <t>0.759392657599931</t>
   </pm-column>
   <pm-column position='13'>
    <a>0.8819158201645054</a>
    <c>-0.5488679065208868</c>
    <g>-0.5488679065208868</g>
    <t>-1.675776965209879</t>
   </pm-column>
   <pm-column position='14'>
    <a>0.6197336132437329</a>
    <c>-1.675776965209879</c>
    <g>-0.5488679065208868</g>
    <t>0.02254182229864538</t>
   </pm-column>
   <pm-column position='15'>
    <a>-0.9261605781959918</a>
    <c>0.23180549343844933</c>
    <g>-0.1387635487093285</g>
    <t>0.41227627287328983</t>
   </pm-column>
  </PWM>
 </motif>
</smallbismark>