<?xml version='1.0' encoding='UTF-8'?>
<smallbismark>
 <motif name='DLX2_HUMAN' id='DLX2_f1' sample-size='5' sequence-count='5' coverage='1.0' length='8'>
  <comment>HOCOMOCO v9; MAR2012; ChIPMunk v3.1</comment>
  <background>
   <a>0.29182</a>
   <c>0.20818</c>
   <g>0.20818</g>
   <t>0.29182</t>
  </background>
  <consensus>ATAATTAn</consensus>
  <WPCM words-count='5.0' length='8' dic='-1.7589531952379747' kdic='9.331401693721151'>
   <pm-column position='1' dic='-0.25608114183035446' kdic='1.1302132192895369'>
    <a>4.21511627906977</a>
    <c>0.261627906976744</c>
    <g>0.261627906976744</g>
    <t>0.261627906976744</t>
   </pm-column>
   <pm-column position='2' dic='0.0' kdic='1.3862943611198906'>
    <a>0.0</a>
    <c>0.0</c>
    <g>0.0</g>
    <t>5.0</t>
   </pm-column>
   <pm-column position='3' dic='0.0' kdic='1.3862943611198906'>
    <a>5.0</a>
    <c>0.0</c>
    <g>0.0</g>
    <t>0.0</t>
   </pm-column>
   <pm-column position='4' dic='-0.3317788726009353' kdic='1.0545154885189554'>
    <a>3.953488372093025</a>
    <c>0.0</c>
    <g>1.046511627906975</g>
    <t>0.0</t>
   </pm-column>
   <pm-column position='5' dic='0.0' kdic='1.3862943611198906'>
    <a>0.0</a>
    <c>0.0</c>
    <g>0.0</g>
    <t>5.0</t>
   </pm-column>
   <pm-column position='6' dic='0.0' kdic='1.3862943611198906'>
    <a>0.0</a>
    <c>0.0</c>
    <g>0.0</g>
    <t>5.0</t>
   </pm-column>
   <pm-column position='7' dic='-0.4389735347839606' kdic='0.9473208263359301'>
    <a>3.25581395348837</a>
    <c>0.0</c>
    <g>1.74418604651163</g>
    <t>0.0</t>
   </pm-column>
   <pm-column position='8' dic='-0.7321196460227244' kdic='0.6541747150971658'>
    <a>0.261627906976744</a>
    <c>1.30813953488372</c>
    <g>1.30813953488372</g>
    <t>2.122093023255815</t>
   </pm-column>
  </WPCM>
  <PPM words-count='5.0' length='8' kdic='9.331401693721151' dic='-1.7589531952379747'>
   <pm-column position='1' dic='-0.25608114183035446' kdic='1.1302132192895369'>
    <a>0.843023255813954</a>
    <c>0.0523255813953488</c>
    <g>0.0523255813953488</g>
    <t>0.0523255813953488</t>
   </pm-column>
   <pm-column position='2' dic='0.0' kdic='1.3862943611198906'>
    <a>0.0</a>
    <c>0.0</c>
    <g>0.0</g>
    <t>1.0</t>
   </pm-column>
   <pm-column position='3' dic='0.0' kdic='1.3862943611198906'>
    <a>1.0</a>
    <c>0.0</c>
    <g>0.0</g>
    <t>0.0</t>
   </pm-column>
   <pm-column position='4' dic='-0.3317788726009353' kdic='1.0545154885189554'>
    <a>0.790697674418605</a>
    <c>0.0</c>
    <g>0.209302325581395</g>
    <t>0.0</t>
   </pm-column>
   <pm-column position='5' dic='0.0' kdic='1.3862943611198906'>
    <a>0.0</a>
    <c>0.0</c>
    <g>0.0</g>
    <t>1.0</t>
   </pm-column>
   <pm-column position='6' dic='0.0' kdic='1.3862943611198906'>
    <a>0.0</a>
    <c>0.0</c>
    <g>0.0</g>
    <t>1.0</t>
   </pm-column>
   <pm-column position='7' dic='-0.4389735347839606' kdic='0.9473208263359301'>
    <a>0.651162790697674</a>
    <c>0.0</c>
    <g>0.348837209302326</g>
    <t>0.0</t>
   </pm-column>
   <pm-column position='8' dic='-0.7321196460227244' kdic='0.6541747150971658'>
    <a>0.0523255813953488</a>
    <c>0.261627906976744</c>
    <g>0.261627906976744</g>
    <t>0.424418604651163</t>
   </pm-column>
  </PPM>
  <PWM length='8' words-count='5.0'>
   <pm-column position='1'>
    <a>0.8874531665013187</a>
    <c>-0.835529286624004</c>
    <g>-0.835529286624004</g>
    <t>-0.9698144681898208</t>
   </pm-column>
   <pm-column position='2'>
    <a>-1.4126136189803455</a>
    <c>-1.4126136189803458</c>
    <g>-1.4126136189803458</g>
    <t>1.042351499776889</t>
   </pm-column>
   <pm-column position='3'>
    <a>1.042351499776889</a>
    <c>-1.4126136189803458</c>
    <g>-1.4126136189803458</g>
    <t>-1.4126136189803455</t>
   </pm-column>
   <pm-column position='4'>
    <a>0.8299867328119064</a>
    <c>-1.4126136189803458</c>
    <g>0.004053310829825398</g>
    <t>-1.4126136189803455</t>
   </pm-column>
   <pm-column position='5'>
    <a>-1.4126136189803455</a>
    <c>-1.4126136189803458</c>
    <g>-1.4126136189803458</g>
    <t>1.042351499776889</t>
   </pm-column>
   <pm-column position='6'>
    <a>-1.4126136189803455</a>
    <c>-1.4126136189803458</c>
    <g>-1.4126136189803458</g>
    <t>1.042351499776889</t>
   </pm-column>
   <pm-column position='7'>
    <a>0.6583290160343066</a>
    <c>-1.4126136189803458</c>
    <g>0.4128369018698308</g>
    <t>-1.4126136189803455</t>
   </pm-column>
   <pm-column position='8'>
    <a>-0.9698144681898208</a>
    <c>0.17747685353148032</c>
    <g>0.17747685353148032</g>
    <t>0.29546928071762857</t>
   </pm-column>
  </PWM>
 </motif>
</smallbismark>