<?xml version='1.0' encoding='UTF-8'?>
<smallbismark>
 <motif id='E2F5_do' name='E2F5_HUMAN' sample-size='12' sequence-count='12' coverage='1.0' length='10'>
  <comment>HOCOMOCO v9; MAR2012; ChIPMunk v3.1</comment>
  <background>
   <a>0.29182</a>
   <c>0.20818</c>
   <g>0.20818</g>
   <t>0.29182</t>
  </background>
  <consensus>nGCGCCAAAh</consensus>
  <WPCM words-count='12.0' length='10' dic='-3.1193105814875675' kdic='10.743633029711336'>
   <pm-column position='1' dic='-0.9720171055569904' kdic='0.41427725556290057'>
    <a>1.611570247933884</a>
    <c>4.785123966942145</c>
    <g>3.9917355371900882</g>
    <t>1.611570247933884</t>
   </pm-column>
   <pm-column position='2' dic='-0.253335102377988' kdic='1.1329592587419024'>
    <a>0.0</a>
    <c>1.289256198347112</c>
    <g>10.710743801652887</g>
    <t>0.0</t>
   </pm-column>
   <pm-column position='3' dic='0.0' kdic='1.3862943611198906'>
    <a>0.0</a>
    <c>12.0</c>
    <g>0.0</g>
    <t>0.0</t>
   </pm-column>
   <pm-column position='4' dic='0.0' kdic='1.3862943611198906'>
    <a>0.0</a>
    <c>0.0</c>
    <g>12.0</g>
    <t>0.0</t>
   </pm-column>
   <pm-column position='5' dic='-0.32258651595651094' kdic='1.0637078451633786'>
    <a>0.0</a>
    <c>10.214876033057845</c>
    <g>1.7851239669421441</g>
    <t>0.0</t>
   </pm-column>
   <pm-column position='6' dic='-0.5670445298763536' kdic='0.8192498312435372'>
    <a>0.0</a>
    <c>6.396694214876028</c>
    <g>5.603305785123972</g>
    <t>0.0</t>
   </pm-column>
   <pm-column position='7' dic='0.0' kdic='1.3862943611198906'>
    <a>12.0</a>
    <c>0.0</c>
    <g>0.0</g>
    <t>0.0</t>
   </pm-column>
   <pm-column position='8' dic='0.0' kdic='1.3862943611198906'>
    <a>12.0</a>
    <c>0.0</c>
    <g>0.0</g>
    <t>0.0</t>
   </pm-column>
   <pm-column position='9' dic='0.0' kdic='1.3862943611198906'>
    <a>12.0</a>
    <c>0.0</c>
    <g>0.0</g>
    <t>0.0</t>
   </pm-column>
   <pm-column position='10' dic='-1.0043273277197247' kdic='0.3819670334001662'>
    <a>3.19834710743802</a>
    <c>4.785123966942145</c>
    <g>1.611570247933884</g>
    <t>2.404958677685952</t>
   </pm-column>
  </WPCM>
  <PPM length='10' words-count='12.0' kdic='10.743633029711336' dic='-3.1193105814875675'>
   <pm-column position='1' dic='-0.9720171055569904' kdic='0.41427725556290057'>
    <a>0.134297520661157</a>
    <c>0.398760330578512</c>
    <g>0.332644628099174</g>
    <t>0.134297520661157</t>
   </pm-column>
   <pm-column position='2' dic='-0.253335102377988' kdic='1.1329592587419024'>
    <a>0.0</a>
    <c>0.107438016528926</c>
    <g>0.892561983471074</g>
    <t>0.0</t>
   </pm-column>
   <pm-column position='3' dic='0.0' kdic='1.3862943611198906'>
    <a>0.0</a>
    <c>1.0</c>
    <g>0.0</g>
    <t>0.0</t>
   </pm-column>
   <pm-column position='4' dic='0.0' kdic='1.3862943611198906'>
    <a>0.0</a>
    <c>0.0</c>
    <g>1.0</g>
    <t>0.0</t>
   </pm-column>
   <pm-column position='5' dic='-0.32258651595651094' kdic='1.0637078451633786'>
    <a>0.0</a>
    <c>0.851239669421487</c>
    <g>0.148760330578512</g>
    <t>0.0</t>
   </pm-column>
   <pm-column position='6' dic='-0.5670445298763536' kdic='0.8192498312435372'>
    <a>0.0</a>
    <c>0.533057851239669</c>
    <g>0.466942148760331</g>
    <t>0.0</t>
   </pm-column>
   <pm-column position='7' dic='0.0' kdic='1.3862943611198906'>
    <a>1.0</a>
    <c>0.0</c>
    <g>0.0</g>
    <t>0.0</t>
   </pm-column>
   <pm-column position='8' dic='0.0' kdic='1.3862943611198906'>
    <a>1.0</a>
    <c>0.0</c>
    <g>0.0</g>
    <t>0.0</t>
   </pm-column>
   <pm-column position='9' dic='0.0' kdic='1.3862943611198906'>
    <a>1.0</a>
    <c>0.0</c>
    <g>0.0</g>
    <t>0.0</t>
   </pm-column>
   <pm-column position='10' dic='-1.0043273277197247' kdic='0.3819670334001662'>
    <a>0.266528925619835</a>
    <c>0.398760330578512</c>
    <g>0.134297520661157</g>
    <t>0.200413223140496</t>
   </pm-column>
  </PPM>
  <PWM length='10' words-count='12.0'>
   <pm-column position='1'>
    <a>-0.5927318004157798</a>
    <c>0.5643905949858969</c>
    <g>0.402310448229797</g>
    <t>-0.5927318004157798</t>
   </pm-column>
   <pm-column position='2'>
    <a>-1.7628720932227253</a>
    <c>-0.5123440469552496</c>
    <g>1.3146391646326236</g>
    <t>-1.7628720932227253</t>
   </pm-column>
   <pm-column position='3'>
    <a>-1.7628720932227253</a>
    <c>1.4233361153798347</c>
    <g>-1.7628720932227253</g>
    <t>-1.7628720932227253</t>
   </pm-column>
   <pm-column position='4'>
    <a>-1.7628720932227253</a>
    <c>-1.7628720932227253</c>
    <g>1.4233361153798347</g>
    <t>-1.7628720932227253</t>
   </pm-column>
   <pm-column position='5'>
    <a>-1.7628720932227253</a>
    <c>1.2694710195452559</c>
    <g>-0.26980626213592335</g>
    <t>-1.7628720932227253</t>
   </pm-column>
   <pm-column position='6'>
    <a>-1.7628720932227253</a>
    <c>0.8297731827603099</c>
    <g>0.7078871160963917</g>
    <t>-1.7628720932227253</t>
   </pm-column>
   <pm-column position='7'>
    <a>1.1021057908835825</a>
    <c>-1.7628720932227253</c>
    <g>-1.7628720932227253</g>
    <t>-1.7628720932227253</t>
   </pm-column>
   <pm-column position='8'>
    <a>1.1021057908835825</a>
    <c>-1.7628720932227253</c>
    <g>-1.7628720932227253</g>
    <t>-1.7628720932227253</t>
   </pm-column>
   <pm-column position='9'>
    <a>1.1021057908835825</a>
    <c>-1.7628720932227253</c>
    <g>-1.7628720932227253</g>
    <t>-1.7628720932227253</t>
   </pm-column>
   <pm-column position='10'>
    <a>-0.07449400157815667</a>
    <c>0.5643905949858969</c>
    <g>-0.34817660616340024</g>
    <t>-0.3004106842120031</t>
   </pm-column>
  </PWM>
 </motif>
</smallbismark>