<?xml version='1.0' encoding='UTF-8'?>
<smallbismark>
 <motif name='EGR4_HUMAN' id='EGR4_f1' sample-size='6' sequence-count='6' coverage='1.0' length='11'>
  <comment>HOCOMOCO v9; MAR2012; ChIPMunk v3.1</comment>
  <background>
   <a>0.29182</a>
   <c>0.20818</c>
   <g>0.20818</g>
   <t>0.29182</t>
  </background>
  <consensus>GGSGGYAGGGM</consensus>
  <WPCM words-count='6.0' length='11' dic='-2.956053902499125' kdic='12.293184069819672'>
   <pm-column position='1' dic='-0.1159084511086698' kdic='1.2703859100112205'>
    <a>0.1257657652934076</a>
    <c>0.1257657652934076</c>
    <g>5.622702704119776</g>
    <t>0.1257657652934076</t>
   </pm-column>
   <pm-column position='2' dic='0.0' kdic='1.3862943611198906'>
    <a>0.0</a>
    <c>0.0</c>
    <g>6.0</g>
    <t>0.0</t>
   </pm-column>
   <pm-column position='3' dic='-0.663126760011749' kdic='0.7231676011081417'>
    <a>0.0</a>
    <c>3.082234245192942</c>
    <g>2.0122522446945244</g>
    <t>0.905513510112534</t>
   </pm-column>
   <pm-column position='4' dic='0.0' kdic='1.3862943611198906'>
    <a>0.0</a>
    <c>0.0</c>
    <g>6.0</g>
    <t>0.0</t>
   </pm-column>
   <pm-column position='5' dic='0.0' kdic='1.3862943611198906'>
    <a>0.0</a>
    <c>0.0</c>
    <g>6.0</g>
    <t>0.0</t>
   </pm-column>
   <pm-column position='6' dic='-0.5654966327651901' kdic='0.8207977283547011'>
    <a>0.0</a>
    <c>3.585297306366576</c>
    <g>0.5030630611736304</g>
    <t>1.911639632459796</t>
   </pm-column>
   <pm-column position='7' dic='-0.48814149229283893' kdic='0.8981528688270517'>
    <a>3.4846846941318477</a>
    <c>0.0</c>
    <g>2.515315305868152</g>
    <t>0.0</t>
   </pm-column>
   <pm-column position='8' dic='-0.27162492871349286' kdic='1.1146694324063977'>
    <a>0.0</a>
    <c>0.0</c>
    <g>5.0944864898874656</g>
    <t>0.905513510112534</t>
   </pm-column>
   <pm-column position='9' dic='-0.15369669483922754' kdic='1.2325976662806621'>
    <a>0.0</a>
    <c>0.5030630611736304</c>
    <g>5.496936938826366</g>
    <t>0.0</t>
   </pm-column>
   <pm-column position='10' dic='0.0' kdic='1.3862943611198906'>
    <a>0.0</a>
    <c>0.0</c>
    <g>6.0</g>
    <t>0.0</t>
   </pm-column>
   <pm-column position='11' dic='-0.6980589427679567' kdic='0.6882354183519338'>
    <a>1.609801795755618</a>
    <c>3.18284685742767</c>
    <g>0.603675673408356</g>
    <t>0.603675673408356</t>
   </pm-column>
  </WPCM>
  <PPM words-count='6.0' length='11' kdic='12.293184069819672' dic='-2.956053902499125'>
   <pm-column position='1' dic='-0.1159084511086698' kdic='1.2703859100112205'>
    <a>0.0209609608822346</a>
    <c>0.0209609608822346</c>
    <g>0.937117117353296</g>
    <t>0.0209609608822346</t>
   </pm-column>
   <pm-column position='2' dic='0.0' kdic='1.3862943611198906'>
    <a>0.0</a>
    <c>0.0</c>
    <g>1.0</g>
    <t>0.0</t>
   </pm-column>
   <pm-column position='3' dic='-0.663126760011749' kdic='0.7231676011081417'>
    <a>0.0</a>
    <c>0.513705707532157</c>
    <g>0.335375374115754</g>
    <t>0.150918918352089</t>
   </pm-column>
   <pm-column position='4' dic='0.0' kdic='1.3862943611198906'>
    <a>0.0</a>
    <c>0.0</c>
    <g>1.0</g>
    <t>0.0</t>
   </pm-column>
   <pm-column position='5' dic='0.0' kdic='1.3862943611198906'>
    <a>0.0</a>
    <c>0.0</c>
    <g>1.0</g>
    <t>0.0</t>
   </pm-column>
   <pm-column position='6' dic='-0.5654966327651901' kdic='0.8207977283547011'>
    <a>0.0</a>
    <c>0.597549551061096</c>
    <g>0.0838438435289384</g>
    <t>0.318606605409966</t>
   </pm-column>
   <pm-column position='7' dic='-0.48814149229283893' kdic='0.8981528688270517'>
    <a>0.580780782355308</a>
    <c>0.0</c>
    <g>0.419219217644692</g>
    <t>0.0</t>
   </pm-column>
   <pm-column position='8' dic='-0.27162492871349286' kdic='1.1146694324063977'>
    <a>0.0</a>
    <c>0.0</c>
    <g>0.849081081647911</g>
    <t>0.150918918352089</t>
   </pm-column>
   <pm-column position='9' dic='-0.15369669483922754' kdic='1.2325976662806621'>
    <a>0.0</a>
    <c>0.0838438435289384</c>
    <g>0.916156156471061</g>
    <t>0.0</t>
   </pm-column>
   <pm-column position='10' dic='0.0' kdic='1.3862943611198906'>
    <a>0.0</a>
    <c>0.0</c>
    <g>1.0</g>
    <t>0.0</t>
   </pm-column>
   <pm-column position='11' dic='-0.6980589427679567' kdic='0.6882354183519338'>
    <a>0.268300299292603</a>
    <c>0.530474476237945</c>
    <g>0.100612612234726</g>
    <t>0.100612612234726</t>
   </pm-column>
  </PPM>
  <PWM length='11' words-count='6.0'>
   <pm-column position='1'>
    <a>-1.2543275523162365</a>
    <c>-1.1793217719494258</c>
    <g>1.3073091630998919</g>
    <t>-1.2543275523162365</t>
   </pm-column>
   <pm-column position='2'>
    <a>-1.4698686161422145</a>
    <c>-1.4698686161422145</c>
    <g>1.36833631753418</g>
    <t>-1.4698686161422145</t>
   </pm-column>
   <pm-column position='3'>
    <a>-1.4698686161422145</a>
    <c>0.7561584726235511</c>
    <g>0.3855752733192913</g>
    <t>-0.46489432302153966</t>
   </pm-column>
   <pm-column position='4'>
    <a>-1.4698686161422145</a>
    <c>-1.4698686161422145</c>
    <g>1.36833631753418</g>
    <t>-1.4698686161422145</t>
   </pm-column>
   <pm-column position='5'>
    <a>-1.4698686161422145</a>
    <c>-1.4698686161422145</c>
    <g>1.36833631753418</g>
    <t>-1.4698686161422145</t>
   </pm-column>
   <pm-column position='6'>
    <a>-1.4698686161422145</a>
    <c>0.8920815628768404</c>
    <g>-0.6160347242308587</g>
    <t>0.06830966367634772</t>
   </pm-column>
   <pm-column position='7'>
    <a>0.5667466926226694</a>
    <c>-1.4698686161422145</c>
    <g>0.5769425625276816</g>
    <t>-1.4698686161422145</t>
   </pm-column>
   <pm-column position='8'>
    <a>-1.4698686161422145</a>
    <c>-1.4698686161422145</c>
    <g>1.215085438711302</g>
    <t>-0.46489432302153966</t>
   </pm-column>
   <pm-column position='9'>
    <a>-1.4698686161422145</a>
    <c>-0.6160347242308587</c>
    <g>1.2861101170855191</g>
    <t>-1.4698686161422145</t>
   </pm-column>
   <pm-column position='10'>
    <a>-1.4698686161422145</a>
    <c>-1.4698686161422145</c>
    <g>1.36833631753418</g>
    <t>-1.4698686161422145</t>
   </pm-column>
   <pm-column position='11'>
    <a>-0.06406053877369183</a>
    <c>0.7848613325109218</c>
    <g>-0.507320132951538</g>
    <t>-0.7022830041330417</t>
   </pm-column>
  </PWM>
 </motif>
</smallbismark>