<?xml version='1.0' encoding='UTF-8'?>
<smallbismark>
 <motif name='ETV7_HUMAN' id='ETV7_si' sample-size='8' sequence-count='8' coverage='1.0' length='17'>
  <comment>HOCOMOCO v9; MAR2012; ChIPMunk v3.1</comment>
  <background>
   <a>0.29182</a>
   <c>0.20818</c>
   <g>0.20818</g>
   <t>0.29182</t>
  </background>
  <consensus>KSnhCAGGAAGTRRnWn</consensus>
  <WPCM words-count='8.0' length='17' dic='-7.645815570177271' kdic='15.921188568860863'>
   <pm-column position='1' dic='-0.7645226640380361' kdic='0.6217716970818542'>
    <a>1.127582832057872</a>
    <c>0.2255165664115744</c>
    <g>3.45402861323688</g>
    <t>3.192871988293672</t>
   </pm-column>
   <pm-column position='2' dic='-0.6258861967356091' kdic='0.7604081643842815'>
    <a>0.0</a>
    <c>5.032644578117904</c>
    <g>2.0652891562358</g>
    <t>0.902066265646296</t>
   </pm-column>
   <pm-column position='3' dic='-0.8412360875867568' kdic='0.5450582735331323'>
    <a>2.706198796938896</a>
    <c>3.489668671768504</c>
    <g>0.902066265646296</g>
    <t>0.902066265646296</t>
   </pm-column>
   <pm-column position='4' dic='-0.91486607884153' kdic='0.4714282822783592'>
    <a>2.967355421882096</a>
    <c>1.8041325312926</c>
    <g>0.902066265646296</g>
    <t>2.326445781179</t>
   </pm-column>
   <pm-column position='5' dic='-0.29116672810801303' kdic='1.0951276330118775'>
    <a>1.163222890589504</a>
    <c>6.836777109410496</c>
    <g>0.0</g>
    <t>0.0</t>
   </pm-column>
   <pm-column position='6' dic='-0.2351758172416285' kdic='1.151118543878262'>
    <a>7.097933734353704</a>
    <c>0.902066265646296</c>
    <g>0.0</g>
    <t>0.0</t>
   </pm-column>
   <pm-column position='7' dic='0.0' kdic='1.3862943611198906'>
    <a>0.0</a>
    <c>0.0</c>
    <g>8.0</g>
    <t>0.0</t>
   </pm-column>
   <pm-column position='8' dic='0.0' kdic='1.3862943611198906'>
    <a>0.0</a>
    <c>0.0</c>
    <g>8.0</g>
    <t>0.0</t>
   </pm-column>
   <pm-column position='9' dic='0.0' kdic='1.3862943611198906'>
    <a>8.0</a>
    <c>0.0</c>
    <g>0.0</g>
    <t>0.0</t>
   </pm-column>
   <pm-column position='10' dic='-0.29116672810801303' kdic='1.0951276330118773'>
    <a>6.836777109410496</a>
    <c>1.163222890589504</c>
    <g>0.0</g>
    <t>0.0</t>
   </pm-column>
   <pm-column position='11' dic='0.0' kdic='1.3862943611198906'>
    <a>0.0</a>
    <c>0.0</c>
    <g>8.0</g>
    <t>0.0</t>
   </pm-column>
   <pm-column position='12' dic='0.0' kdic='1.3862943611198906'>
    <a>0.0</a>
    <c>0.0</c>
    <g>0.0</g>
    <t>8.0</t>
   </pm-column>
   <pm-column position='13' dic='-0.7294602113617212' kdic='0.6568341497581707'>
    <a>3.6082650625852</a>
    <c>1.163222890589504</c>
    <g>3.228512046825304</g>
    <t>0.0</t>
   </pm-column>
   <pm-column position='14' dic='-0.5984976145183457' kdic='0.7877967466015449'>
    <a>5.293801203061104</a>
    <c>0.0</c>
    <g>1.8041325312926</g>
    <t>0.902066265646296</t>
   </pm-column>
   <pm-column position='15' dic='-0.6635201187959237' kdic='0.7227742423239656'>
    <a>0.902066265646296</a>
    <c>5.293801203061104</c>
    <g>0.902066265646296</g>
    <t>0.902066265646296</t>
   </pm-column>
   <pm-column position='16' dic='-0.8004744297080971' kdic='0.585819931411792'>
    <a>2.967355421882096</a>
    <c>0.0</c>
    <g>2.326445781179</g>
    <t>2.706198796938896</t>
   </pm-column>
   <pm-column position='17' dic='-0.8898428951335959' kdic='0.49645146598629464'>
    <a>1.127582832057872</a>
    <c>3.45402861323688</c>
    <g>1.127582832057872</g>
    <t>2.290805722647376</t>
   </pm-column>
  </WPCM>
  <PPM words-count='8.0' length='17' kdic='15.921188568860863' dic='-7.645815570177271'>
   <pm-column position='1' dic='-0.7645226640380361' kdic='0.6217716970818542'>
    <a>0.140947854007234</a>
    <c>0.0281895708014468</c>
    <g>0.43175357665461</g>
    <t>0.399108998536709</t>
   </pm-column>
   <pm-column position='2' dic='-0.6258861967356091' kdic='0.7604081643842815'>
    <a>0.0</a>
    <c>0.629080572264738</c>
    <g>0.258161144529475</g>
    <t>0.112758283205787</t>
   </pm-column>
   <pm-column position='3' dic='-0.8412360875867568' kdic='0.5450582735331323'>
    <a>0.338274849617362</a>
    <c>0.436208583971063</c>
    <g>0.112758283205787</g>
    <t>0.112758283205787</t>
   </pm-column>
   <pm-column position='4' dic='-0.91486607884153' kdic='0.4714282822783592'>
    <a>0.370919427735262</a>
    <c>0.225516566411575</c>
    <g>0.112758283205787</g>
    <t>0.290805722647375</t>
   </pm-column>
   <pm-column position='5' dic='-0.29116672810801303' kdic='1.0951276330118775'>
    <a>0.145402861323688</a>
    <c>0.854597138676312</c>
    <g>0.0</g>
    <t>0.0</t>
   </pm-column>
   <pm-column position='6' dic='-0.2351758172416285' kdic='1.151118543878262'>
    <a>0.887241716794213</a>
    <c>0.112758283205787</c>
    <g>0.0</g>
    <t>0.0</t>
   </pm-column>
   <pm-column position='7' dic='0.0' kdic='1.3862943611198906'>
    <a>0.0</a>
    <c>0.0</c>
    <g>1.0</g>
    <t>0.0</t>
   </pm-column>
   <pm-column position='8' dic='0.0' kdic='1.3862943611198906'>
    <a>0.0</a>
    <c>0.0</c>
    <g>1.0</g>
    <t>0.0</t>
   </pm-column>
   <pm-column position='9' dic='0.0' kdic='1.3862943611198906'>
    <a>1.0</a>
    <c>0.0</c>
    <g>0.0</g>
    <t>0.0</t>
   </pm-column>
   <pm-column position='10' dic='-0.29116672810801303' kdic='1.0951276330118773'>
    <a>0.854597138676312</a>
    <c>0.145402861323688</c>
    <g>0.0</g>
    <t>0.0</t>
   </pm-column>
   <pm-column position='11' dic='0.0' kdic='1.3862943611198906'>
    <a>0.0</a>
    <c>0.0</c>
    <g>1.0</g>
    <t>0.0</t>
   </pm-column>
   <pm-column position='12' dic='0.0' kdic='1.3862943611198906'>
    <a>0.0</a>
    <c>0.0</c>
    <g>0.0</g>
    <t>1.0</t>
   </pm-column>
   <pm-column position='13' dic='-0.7294602113617212' kdic='0.6568341497581707'>
    <a>0.45103313282315</a>
    <c>0.145402861323688</c>
    <g>0.403564005853163</g>
    <t>0.0</t>
   </pm-column>
   <pm-column position='14' dic='-0.5984976145183457' kdic='0.7877967466015449'>
    <a>0.661725150382638</a>
    <c>0.0</c>
    <g>0.225516566411575</g>
    <t>0.112758283205787</t>
   </pm-column>
   <pm-column position='15' dic='-0.6635201187959237' kdic='0.7227742423239656'>
    <a>0.112758283205787</a>
    <c>0.661725150382638</c>
    <g>0.112758283205787</g>
    <t>0.112758283205787</t>
   </pm-column>
   <pm-column position='16' dic='-0.8004744297080971' kdic='0.585819931411792'>
    <a>0.370919427735262</a>
    <c>0.0</c>
    <g>0.290805722647375</g>
    <t>0.338274849617362</t>
   </pm-column>
   <pm-column position='17' dic='-0.8898428951335959' kdic='0.49645146598629464'>
    <a>0.140947854007234</a>
    <c>0.43175357665461</c>
    <g>0.140947854007234</g>
    <t>0.286350715330922</t>
   </pm-column>
  </PPM>
  <PWM length='17' words-count='8.0'>
   <pm-column position='1'>
    <a>-0.5282048136285635</a>
    <c>-1.159073537950292</c>
    <g>0.6164534844655815</g>
    <t>0.2560542050695188</t>
   </pm-column>
   <pm-column position='2'>
    <a>-1.5783984904108685</a>
    <c>0.9572973900165891</c>
    <g>0.17440143351007156</g>
    <t>-0.667496770867005</t>
   </pm-column>
   <pm-column position='3'>
    <a>0.1189937258788972</a>
    <c>0.6255808928623374</c>
    <g>-0.4522559852594772</g>
    <t>-0.667496770867005</t>
   </pm-column>
   <pm-column position='4'>
    <a>0.1948685803491552</a>
    <c>0.06398588688654791</c>
    <g>-0.4522559852594772</g>
    <t>-0.002749939051649243</t>
   </pm-column>
   <pm-column position='5'>
    <a>-0.5078641198891827</a>
    <c>1.2425451511771404</c>
    <g>-1.5783984904108688</g>
    <t>-1.5783984904108685</t>
   </pm-column>
   <pm-column position='6'>
    <a>0.9629726300235099</a>
    <c>-0.4522559852594772</c>
    <g>-1.5783984904108688</g>
    <t>-1.5783984904108685</t>
   </pm-column>
   <pm-column position='7'>
    <a>-1.5783984904108685</a>
    <c>-1.5783984904108688</c>
    <g>1.3909738506945737</g>
    <t>-1.5783984904108685</t>
   </pm-column>
   <pm-column position='8'>
    <a>-1.5783984904108685</a>
    <c>-1.5783984904108688</c>
    <g>1.3909738506945737</g>
    <t>-1.5783984904108685</t>
   </pm-column>
   <pm-column position='9'>
    <a>1.073690130254358</a>
    <c>-1.5783984904108688</c>
    <g>-1.5783984904108688</g>
    <t>-1.5783984904108685</t>
   </pm-column>
   <pm-column position='10'>
    <a>0.9284893063924521</a>
    <c>-0.2735854579651535</c>
    <g>-1.5783984904108688</g>
    <t>-1.5783984904108685</t>
   </pm-column>
   <pm-column position='11'>
    <a>-1.5783984904108685</a>
    <c>-1.5783984904108688</c>
    <g>1.3909738506945737</g>
    <t>-1.5783984904108685</t>
   </pm-column>
   <pm-column position='12'>
    <a>-1.5783984904108685</a>
    <c>-1.5783984904108688</c>
    <g>-1.5783984904108688</g>
    <t>1.073690130254358</t>
   </pm-column>
   <pm-column position='13'>
    <a>0.35980414960093826</a>
    <c>-0.2735854579651535</c>
    <g>0.5566831986803029</g>
    <t>-1.5783984904108685</t>
   </pm-column>
   <pm-column position='14'>
    <a>0.6961924820284708</a>
    <c>-1.5783984904108688</c>
    <g>0.06398588688654791</g>
    <t>-0.667496770867005</t>
   </pm-column>
   <pm-column position='15'>
    <a>-0.667496770867005</a>
    <c>1.003973219326856</c>
    <g>-0.4522559852594772</g>
    <t>-0.667496770867005</t>
   </pm-column>
   <pm-column position='16'>
    <a>0.1948685803491552</a>
    <c>-1.5783984904108688</c>
    <g>0.27382862515917045</g>
    <t>0.1189937258788972</t>
   </pm-column>
   <pm-column position='17'>
    <a>-0.5282048136285635</a>
    <c>0.6164534844655815</c>
    <g>-0.29616756165279634</g>
    <t>-0.014974686242925259</t>
   </pm-column>
  </PWM>
 </motif>
</smallbismark>