<?xml version='1.0' encoding='UTF-8'?>
<smallbismark>
 <motif name='FOXC2_HUMAN' id='FOXC2_f1' sample-size='5' sequence-count='5' coverage='1.0' length='15'>
  <comment>HOCOMOCO v9; MAR2012; ChIPMunk v3.1</comment>
  <background>
   <a>0.29182</a>
   <c>0.20818</c>
   <g>0.20818</g>
   <t>0.29182</t>
  </background>
  <consensus>KhTTGTTdTGYCAGR</consensus>
  <WPCM words-count='5.0' length='15' dic='-5.39777958714326' kdic='15.396635829655098'>
   <pm-column position='1' dic='-0.5316695138276497' kdic='0.8546248472922413'>
    <a>0.267857142857143</a>
    <c>0.267857142857143</c>
    <g>3.125</g>
    <t>1.339285714285715</t>
   </pm-column>
   <pm-column position='2' dic='-0.6217203212855216' kdic='0.7645740398343677'>
    <a>1.07142857142857</a>
    <c>1.07142857142857</c>
    <g>0.0</g>
    <t>2.857142857142855</t>
   </pm-column>
   <pm-column position='3' dic='-0.3369260113237728' kdic='1.049368349796118'>
    <a>0.0</a>
    <c>1.07142857142857</c>
    <g>0.0</g>
    <t>3.92857142857143</t>
   </pm-column>
   <pm-column position='4' dic='0.0' kdic='1.3862943611198906'>
    <a>0.0</a>
    <c>0.0</c>
    <g>0.0</g>
    <t>5.0</t>
   </pm-column>
   <pm-column position='5' dic='-0.3369260113237728' kdic='1.049368349796118'>
    <a>1.07142857142857</a>
    <c>0.0</c>
    <g>3.92857142857143</g>
    <t>0.0</t>
   </pm-column>
   <pm-column position='6' dic='0.0' kdic='1.3862943611198906'>
    <a>0.0</a>
    <c>0.0</c>
    <g>0.0</g>
    <t>5.0</t>
   </pm-column>
   <pm-column position='7' dic='0.0' kdic='1.3862943611198906'>
    <a>0.0</a>
    <c>0.0</c>
    <g>0.0</g>
    <t>5.0</t>
   </pm-column>
   <pm-column position='8' dic='-0.6217203212855216' kdic='0.7645740398343677'>
    <a>1.07142857142857</a>
    <c>0.0</c>
    <g>1.07142857142857</g>
    <t>2.857142857142855</t>
   </pm-column>
   <pm-column position='9' dic='-0.44308730791049344' kdic='0.943207053209397'>
    <a>1.785714285714285</a>
    <c>0.0</c>
    <g>0.0</g>
    <t>3.2142857142857153</t>
   </pm-column>
   <pm-column position='10' dic='-0.44308730791049344' kdic='0.943207053209397'>
    <a>0.0</a>
    <c>1.785714285714285</c>
    <g>3.2142857142857153</g>
    <t>0.0</t>
   </pm-column>
   <pm-column position='11' dic='-0.6844004597938464' kdic='0.701893901326044'>
    <a>1.07142857142857</a>
    <c>2.142857142857145</c>
    <g>0.0</g>
    <t>1.785714285714285</t>
   </pm-column>
   <pm-column position='12' dic='-0.44308730791049344' kdic='0.943207053209397'>
    <a>0.0</a>
    <c>3.2142857142857153</c>
    <g>0.0</g>
    <t>1.785714285714285</t>
   </pm-column>
   <pm-column position='13' dic='0.0' kdic='1.3862943611198906'>
    <a>5.0</a>
    <c>0.0</c>
    <g>0.0</g>
    <t>0.0</t>
   </pm-column>
   <pm-column position='14' dic='-0.23405378239092975' kdic='1.1522405787289607'>
    <a>0.0</a>
    <c>0.714285714285715</c>
    <g>4.285714285714285</g>
    <t>0.0</t>
   </pm-column>
   <pm-column position='15' dic='-0.7011012421807646' kdic='0.6851931189391252'>
    <a>2.4107142857142847</a>
    <c>0.267857142857143</c>
    <g>1.339285714285715</g>
    <t>0.982142857142855</t>
   </pm-column>
  </WPCM>
  <PPM words-count='5.0' length='15' kdic='15.396635829655098' dic='-5.39777958714326'>
   <pm-column position='1' dic='-0.5316695138276497' kdic='0.8546248472922413'>
    <a>0.0535714285714286</a>
    <c>0.0535714285714286</c>
    <g>0.625</g>
    <t>0.267857142857143</t>
   </pm-column>
   <pm-column position='2' dic='-0.6217203212855216' kdic='0.7645740398343677'>
    <a>0.214285714285714</a>
    <c>0.214285714285714</c>
    <g>0.0</g>
    <t>0.571428571428571</t>
   </pm-column>
   <pm-column position='3' dic='-0.3369260113237728' kdic='1.049368349796118'>
    <a>0.0</a>
    <c>0.214285714285714</c>
    <g>0.0</g>
    <t>0.785714285714286</t>
   </pm-column>
   <pm-column position='4' dic='0.0' kdic='1.3862943611198906'>
    <a>0.0</a>
    <c>0.0</c>
    <g>0.0</g>
    <t>1.0</t>
   </pm-column>
   <pm-column position='5' dic='-0.3369260113237728' kdic='1.049368349796118'>
    <a>0.214285714285714</a>
    <c>0.0</c>
    <g>0.785714285714286</g>
    <t>0.0</t>
   </pm-column>
   <pm-column position='6' dic='0.0' kdic='1.3862943611198906'>
    <a>0.0</a>
    <c>0.0</c>
    <g>0.0</g>
    <t>1.0</t>
   </pm-column>
   <pm-column position='7' dic='0.0' kdic='1.3862943611198906'>
    <a>0.0</a>
    <c>0.0</c>
    <g>0.0</g>
    <t>1.0</t>
   </pm-column>
   <pm-column position='8' dic='-0.6217203212855216' kdic='0.7645740398343677'>
    <a>0.214285714285714</a>
    <c>0.0</c>
    <g>0.214285714285714</g>
    <t>0.571428571428571</t>
   </pm-column>
   <pm-column position='9' dic='-0.44308730791049344' kdic='0.943207053209397'>
    <a>0.357142857142857</a>
    <c>0.0</c>
    <g>0.0</g>
    <t>0.642857142857143</t>
   </pm-column>
   <pm-column position='10' dic='-0.44308730791049344' kdic='0.943207053209397'>
    <a>0.0</a>
    <c>0.357142857142857</c>
    <g>0.642857142857143</g>
    <t>0.0</t>
   </pm-column>
   <pm-column position='11' dic='-0.6844004597938464' kdic='0.701893901326044'>
    <a>0.214285714285714</a>
    <c>0.428571428571429</c>
    <g>0.0</g>
    <t>0.357142857142857</t>
   </pm-column>
   <pm-column position='12' dic='-0.44308730791049344' kdic='0.943207053209397'>
    <a>0.0</a>
    <c>0.642857142857143</c>
    <g>0.0</g>
    <t>0.357142857142857</t>
   </pm-column>
   <pm-column position='13' dic='0.0' kdic='1.3862943611198906'>
    <a>1.0</a>
    <c>0.0</c>
    <g>0.0</g>
    <t>0.0</t>
   </pm-column>
   <pm-column position='14' dic='-0.23405378239092975' kdic='1.1522405787289607'>
    <a>0.0</a>
    <c>0.142857142857143</c>
    <g>0.857142857142857</g>
    <t>0.0</t>
   </pm-column>
   <pm-column position='15' dic='-0.7011012421807646' kdic='0.6851931189391252'>
    <a>0.482142857142857</a>
    <c>0.0535714285714286</c>
    <g>0.267857142857143</g>
    <t>0.196428571428571</t>
   </pm-column>
  </PPM>
  <PWM length='15' words-count='5.0'>
   <pm-column position='1'>
    <a>-0.9613323571892587</a>
    <c>-0.8251437187301149</c>
    <g>0.922117444037065</g>
    <t>-0.06412121855903243</t>
   </pm-column>
   <pm-column position='2'>
    <a>-0.2243765035848991</a>
    <c>0.021927819743137456</c>
    <g>-1.4126136189803458</g>
    <t>0.5451466364510397</t>
   </pm-column>
   <pm-column position='3'>
    <a>-1.4126136189803455</a>
    <c>0.021927819743137456</c>
    <g>-1.4126136189803458</g>
    <t>0.8243374993928445</t>
   </pm-column>
   <pm-column position='4'>
    <a>-1.4126136189803455</a>
    <c>-1.4126136189803458</c>
    <g>-1.4126136189803458</g>
    <t>1.042351499776889</t>
   </pm-column>
   <pm-column position='5'>
    <a>-0.2243765035848991</a>
    <c>-1.4126136189803458</c>
    <g>1.1309527486302244</g>
    <t>-1.4126136189803455</t>
   </pm-column>
   <pm-column position='6'>
    <a>-1.4126136189803455</a>
    <c>-1.4126136189803458</c>
    <g>-1.4126136189803458</g>
    <t>1.042351499776889</t>
   </pm-column>
   <pm-column position='7'>
    <a>-1.4126136189803455</a>
    <c>-1.4126136189803458</c>
    <g>-1.4126136189803458</g>
    <t>1.042351499776889</t>
   </pm-column>
   <pm-column position='8'>
    <a>-0.2243765035848991</a>
    <c>-1.4126136189803458</c>
    <g>0.021927819743137456</g>
    <t>0.5451466364510397</t>
   </pm-column>
   <pm-column position='9'>
    <a>0.1564506592597858</a>
    <c>-1.4126136189803458</c>
    <g>-1.4126136189803458</g>
    <t>0.6471193154609359</t>
   </pm-column>
   <pm-column position='10'>
    <a>-1.4126136189803455</a>
    <c>0.43261280078410524</c>
    <g>0.9475947933254453</g>
    <t>-1.4126136189803455</t>
   </pm-column>
   <pm-column position='11'>
    <a>-0.2243765035848991</a>
    <c>0.5882498819606392</c>
    <g>-1.4126136189803458</g>
    <t>0.1564506592597858</t>
   </pm-column>
   <pm-column position='12'>
    <a>-1.4126136189803455</a>
    <c>0.9475947933254453</c>
    <g>-1.4126136189803458</g>
    <t>0.1564506592597858</t>
   </pm-column>
   <pm-column position='13'>
    <a>1.042351499776889</a>
    <c>-1.4126136189803458</c>
    <g>-1.4126136189803458</g>
    <t>-1.4126136189803455</t>
   </pm-column>
   <pm-column position='14'>
    <a>-1.4126136189803455</a>
    <c>-0.27100151575028475</c>
    <g>1.211393785281537</g>
    <t>-1.4126136189803455</t>
   </pm-column>
   <pm-column position='15'>
    <a>0.4010550849208207</a>
    <c>-0.8251437187301149</c>
    <g>0.1962540448158286</g>
    <t>-0.2840594504327238</t>
   </pm-column>
  </PWM>
 </motif>
</smallbismark>