<?xml version='1.0' encoding='UTF-8'?>
<smallbismark>
 <motif id='HNF4G_f1' name='HNF4G_HUMAN' sample-size='7' sequence-count='7' coverage='1.0' length='12'>
  <comment>HOCOMOCO v9; MAR2012; ChIPMunk v3.1</comment>
  <background>
   <a>0.29182</a>
   <c>0.20818</c>
   <g>0.20818</g>
   <t>0.29182</t>
  </background>
  <consensus>GGSCAMAGYMCA</consensus>
  <WPCM words-count='7.0' length='12' dic='-4.07045635905023' kdic='12.565075974388458'>
   <pm-column position='1' dic='-0.5041085537790796' kdic='0.8821858073408115'>
    <a>0.24019607843137272</a>
    <c>1.612745098039215</c>
    <g>4.906862745098041</g>
    <t>0.24019607843137272</t>
   </pm-column>
   <pm-column position='2' dic='-0.42590030671415285' kdic='0.9603940544057378'>
    <a>0.0</a>
    <c>0.0</c>
    <g>5.0784313725490176</g>
    <t>1.921568627450983</t>
   </pm-column>
   <pm-column position='3' dic='-0.7495601633178605' kdic='0.6367341978020302'>
    <a>1.0980392156862728</a>
    <c>3.568627450980396</c>
    <g>1.9901960784313721</g>
    <t>0.3431372549019604</t>
   </pm-column>
   <pm-column position='4' dic='0.0' kdic='1.3862943611198906'>
    <a>0.0</a>
    <c>7.0</c>
    <g>0.0</g>
    <t>0.0</t>
   </pm-column>
   <pm-column position='5' dic='-0.46938498494569664' kdic='0.9169093761741942'>
    <a>5.147058823529413</a>
    <c>1.372549019607843</c>
    <g>0.0</g>
    <t>0.48039215686274467</t>
   </pm-column>
   <pm-column position='6' dic='-0.610893918421846' kdic='0.7754004426980431'>
    <a>4.529411764705877</a>
    <c>1.372549019607843</c>
    <g>1.0980392156862728</g>
    <t>0.0</t>
   </pm-column>
   <pm-column position='7' dic='-0.13608543125948763' kdic='1.2502089298604029'>
    <a>6.519607843137256</a>
    <c>0.0</c>
    <g>0.48039215686274467</g>
    <t>0.0</t>
   </pm-column>
   <pm-column position='8' dic='0.0' kdic='1.3862943611198906'>
    <a>0.0</a>
    <c>0.0</c>
    <g>7.0</g>
    <t>0.0</t>
   </pm-column>
   <pm-column position='9' dic='-0.5527919092790982' kdic='0.8335024518407926'>
    <a>0.0</a>
    <c>1.372549019607843</c>
    <g>0.823529411764703</g>
    <t>4.803921568627454</t>
   </pm-column>
   <pm-column position='10' dic='-0.6217310913330085' kdic='0.7645632697868823'>
    <a>1.372549019607843</a>
    <c>4.460784313725489</c>
    <g>0.0</g>
    <t>1.166666666666669</t>
   </pm-column>
   <pm-column position='11' dic='0.0' kdic='1.3862943611198906'>
    <a>0.0</a>
    <c>7.0</c>
    <g>0.0</g>
    <t>0.0</t>
   </pm-column>
   <pm-column position='12' dic='0.0' kdic='1.3862943611198906'>
    <a>7.0</a>
    <c>0.0</c>
    <g>0.0</g>
    <t>0.0</t>
   </pm-column>
  </WPCM>
  <PPM length='12' words-count='7.0' kdic='12.565075974388458' dic='-4.07045635905023'>
   <pm-column position='1' dic='-0.5041085537790796' kdic='0.8821858073408115'>
    <a>0.0343137254901961</a>
    <c>0.230392156862745</c>
    <g>0.700980392156863</g>
    <t>0.0343137254901961</t>
   </pm-column>
   <pm-column position='2' dic='-0.42590030671415285' kdic='0.9603940544057378'>
    <a>0.0</a>
    <c>0.0</c>
    <g>0.725490196078431</g>
    <t>0.274509803921569</t>
   </pm-column>
   <pm-column position='3' dic='-0.7495601633178605' kdic='0.6367341978020302'>
    <a>0.156862745098039</a>
    <c>0.509803921568628</c>
    <g>0.284313725490196</g>
    <t>0.0490196078431372</t>
   </pm-column>
   <pm-column position='4' dic='0.0' kdic='1.3862943611198906'>
    <a>0.0</a>
    <c>1.0</c>
    <g>0.0</g>
    <t>0.0</t>
   </pm-column>
   <pm-column position='5' dic='-0.46938498494569664' kdic='0.9169093761741942'>
    <a>0.735294117647059</a>
    <c>0.196078431372549</c>
    <g>0.0</g>
    <t>0.0686274509803921</t>
   </pm-column>
   <pm-column position='6' dic='-0.610893918421846' kdic='0.7754004426980431'>
    <a>0.647058823529411</a>
    <c>0.196078431372549</c>
    <g>0.156862745098039</g>
    <t>0.0</t>
   </pm-column>
   <pm-column position='7' dic='-0.13608543125948763' kdic='1.2502089298604029'>
    <a>0.931372549019608</a>
    <c>0.0</c>
    <g>0.0686274509803921</g>
    <t>0.0</t>
   </pm-column>
   <pm-column position='8' dic='0.0' kdic='1.3862943611198906'>
    <a>0.0</a>
    <c>0.0</c>
    <g>1.0</g>
    <t>0.0</t>
   </pm-column>
   <pm-column position='9' dic='-0.5527919092790982' kdic='0.8335024518407926'>
    <a>0.0</a>
    <c>0.196078431372549</c>
    <g>0.117647058823529</g>
    <t>0.686274509803922</t>
   </pm-column>
   <pm-column position='10' dic='-0.6217310913330085' kdic='0.7645632697868823'>
    <a>0.196078431372549</a>
    <c>0.637254901960784</c>
    <g>0.0</g>
    <t>0.166666666666667</t>
   </pm-column>
   <pm-column position='11' dic='0.0' kdic='1.3862943611198906'>
    <a>0.0</a>
    <c>1.0</c>
    <g>0.0</g>
    <t>0.0</t>
   </pm-column>
   <pm-column position='12' dic='0.0' kdic='1.3862943611198906'>
    <a>1.0</a>
    <c>0.0</c>
    <g>0.0</g>
    <t>0.0</t>
   </pm-column>
  </PPM>
  <PWM length='12' words-count='7.0'>
   <pm-column position='1'>
    <a>-1.1727030541617784</a>
    <c>0.08016799909573845</c>
    <g>1.048096616214934</g>
    <t>-1.1727030541617784</t>
   </pm-column>
   <pm-column position='2'>
    <a>-1.5254666506814403</a>
    <c>-1.5254666506814403</c>
    <g>1.0798844716095222</g>
    <t>-0.04751476756591423</t>
   </pm-column>
   <pm-column position='3'>
    <a>-0.4492056105579479</a>
    <c>0.7578403172176331</c>
    <g>0.25164402055243323</g>
    <t>-1.0527927480348744</t>
   </pm-column>
   <pm-column position='4'>
    <a>-1.5254666506814403</a>
    <c>1.3803037152928392</c>
    <g>-1.5254666506814403</g>
    <t>-1.5254666506814403</t>
   </pm-column>
   <pm-column position='5'>
    <a>0.783515159836863</a>
    <c>-0.04656987245324689</c>
    <g>-1.5254666506814403</g>
    <t>-0.9124512537645305</t>
   </pm-column>
   <pm-column position='6'>
    <a>0.6691402299068155</a>
    <c>-0.04656987245324689</c>
    <g>-0.2143049798028914</g>
    <t>-1.5254666506814403</t>
   </pm-column>
   <pm-column position='7'>
    <a>0.9987636548289908</a>
    <c>-1.5254666506814403</c>
    <g>-0.7434684302757547</g>
    <t>-1.5254666506814403</t>
   </pm-column>
   <pm-column position='8'>
    <a>-1.5254666506814403</a>
    <c>-1.5254666506814403</c>
    <g>1.3803037152928392</g>
    <t>-1.5254666506814403</t>
   </pm-column>
   <pm-column position='9'>
    <a>-1.5254666506814403</a>
    <c>-0.04656987245324689</c>
    <g>-0.4159601942177122</g>
    <t>0.7215945330956594</t>
   </pm-column>
   <pm-column position='10'>
    <a>-0.2966707289426219</a>
    <c>0.9603838343714338</c>
    <g>-1.5254666506814403</g>
    <t>-0.40883577643038127</t>
   </pm-column>
   <pm-column position='11'>
    <a>-1.5254666506814403</a>
    <c>1.3803037152928392</c>
    <g>-1.5254666506814403</g>
    <t>-1.5254666506814403</t>
   </pm-column>
   <pm-column position='12'>
    <a>1.0643459760967655</a>
    <c>-1.5254666506814403</c>
    <g>-1.5254666506814403</g>
    <t>-1.5254666506814403</t>
   </pm-column>
  </PWM>
 </motif>
</smallbismark>