<?xml version='1.0' encoding='UTF-8'?>
<smallbismark>
 <motif name='HTF4_HUMAN' id='HTF4_f1' sample-size='2014' sequence-count='1656' coverage='0.8222442899702085' length='9'>
  <comment>HOCOMOCO v9; MAR2012; ChIPMunk v3.1</comment>
  <background>
   <a>0.29182</a>
   <c>0.20818</c>
   <g>0.20818</g>
   <t>0.29182</t>
  </background>
  <consensus>WGCAGSTGb</consensus>
  <WPCM words-count='1522.74031629913' length='9' dic='-3.4615771208652717' kdic='9.015072129213749'>
   <pm-column position='1' dic='-0.8853321466026599' kdic='0.5009622145172322'>
    <a>1003.7548770199438</a>
    <c>17.25227676984547</c>
    <g>148.65648360244242</g>
    <t>353.0766789068997</t>
   </pm-column>
   <pm-column position='2' dic='-0.5704697672007593' kdic='0.8158245939191291'>
    <a>239.15565765226953</a>
    <c>50.56532862706626</c>
    <g>1233.0193300197927</g>
    <t>0.0</t>
   </pm-column>
   <pm-column position='3' dic='0.0' kdic='1.3862943611198906'>
    <a>0.0</a>
    <c>1522.74031629913</c>
    <g>0.0</g>
    <t>0.0</t>
   </pm-column>
   <pm-column position='4' dic='0.0' kdic='1.3862943611198906'>
    <a>1522.74031629913</a>
    <c>0.0</c>
    <g>0.0</g>
    <t>0.0</t>
   </pm-column>
   <pm-column position='5' dic='0.0' kdic='1.3862943611198906'>
    <a>0.0</a>
    <c>0.0</c>
    <g>1522.74031629913</g>
    <t>0.0</t>
   </pm-column>
   <pm-column position='6' dic='-0.7392993787817189' kdic='0.6469949823381741'>
    <a>18.437677459719623</a>
    <c>663.8191110351929</c>
    <g>840.4835278042189</g>
    <t>0.0</t>
   </pm-column>
   <pm-column position='7' dic='0.0' kdic='1.3862943611198906'>
    <a>0.0</a>
    <c>0.0</c>
    <g>0.0</g>
    <t>1522.74031629913</t>
   </pm-column>
   <pm-column position='8' dic='0.0' kdic='1.3862943611198906'>
    <a>0.0</a>
    <c>0.0</c>
    <g>1522.74031629913</g>
    <t>0.0</t>
   </pm-column>
   <pm-column position='9' dic='-1.2664758282801334' kdic='0.11981853283975949'>
    <a>119.4408921504859</a>
    <c>359.16852075181794</c>
    <g>495.4486739838517</g>
    <t>548.6822294129764</t>
   </pm-column>
  </WPCM>
  <PPM words-count='1522.74031629913' length='9' kdic='9.015072129213749' dic='-3.4615771208652717'>
   <pm-column position='1' dic='-0.8853321466026599' kdic='0.5009622145172322'>
    <a>0.659176660837004</a>
    <c>0.0113297563512178</c>
    <g>0.0976243171677081</g>
    <t>0.231869265644071</t>
   </pm-column>
   <pm-column position='2' dic='-0.5704697672007593' kdic='0.8158245939191291'>
    <a>0.157056101485192</a>
    <c>0.0332067970394061</c>
    <g>0.809737101475401</g>
    <t>0.0</t>
   </pm-column>
   <pm-column position='3' dic='0.0' kdic='1.3862943611198906'>
    <a>0.0</a>
    <c>1.0</c>
    <g>0.0</g>
    <t>0.0</t>
   </pm-column>
   <pm-column position='4' dic='0.0' kdic='1.3862943611198906'>
    <a>1.0</a>
    <c>0.0</c>
    <g>0.0</g>
    <t>0.0</t>
   </pm-column>
   <pm-column position='5' dic='0.0' kdic='1.3862943611198906'>
    <a>0.0</a>
    <c>0.0</c>
    <g>1.0</g>
    <t>0.0</t>
   </pm-column>
   <pm-column position='6' dic='-0.7392993787817189' kdic='0.6469949823381741'>
    <a>0.0121082217777819</a>
    <c>0.435937174533173</c>
    <g>0.551954603689046</g>
    <t>0.0</t>
   </pm-column>
   <pm-column position='7' dic='0.0' kdic='1.3862943611198906'>
    <a>0.0</a>
    <c>0.0</c>
    <g>0.0</g>
    <t>1.0</t>
   </pm-column>
   <pm-column position='8' dic='0.0' kdic='1.3862943611198906'>
    <a>0.0</a>
    <c>0.0</c>
    <g>1.0</g>
    <t>0.0</t>
   </pm-column>
   <pm-column position='9' dic='-1.2664758282801334' kdic='0.11981853283975949'>
    <a>0.0784381229497983</a>
    <c>0.235869843930278</c>
    <g>0.325366491371287</g>
    <t>0.360325541748638</t>
   </pm-column>
  </PPM>
  <PWM length='9' words-count='1522.74031629913'>
   <pm-column position='1'>
    <a>0.8121974033947978</a>
    <c>-2.831056635856391</c>
    <g>-0.7518891030471807</g>
    <t>-0.22871020900101854</t>
   </pm-column>
   <pm-column position='2'>
    <a>-0.6154171908030105</a>
    <c>-1.810746327320223</c>
    <g>1.3547199626963244</g>
    <t>-5.341328799809715</t>
   </pm-column>
   <pm-column position='3'>
    <a>-5.341328799809715</a>
    <c>1.5655304610642482</c>
    <g>-5.341328799809716</g>
    <t>-5.341328799809715</t>
   </pm-column>
   <pm-column position='4'>
    <a>1.2282362662050172</a>
    <c>-5.341328799809716</c>
    <g>-5.341328799809716</g>
    <t>-5.341328799809715</t>
   </pm-column>
   <pm-column position='5'>
    <a>-5.341328799809715</a>
    <c>-5.341328799809716</c>
    <g>1.5655304610642482</g>
    <t>-5.341328799809715</t>
   </pm-column>
   <pm-column position='6'>
    <a>-3.07729993034177</a>
    <c>0.7365675504709589</c>
    <g>0.9720531262704548</g>
    <t>-5.341328799809715</t>
   </pm-column>
   <pm-column position='7'>
    <a>-5.341328799809715</a>
    <c>-5.341328799809716</c>
    <g>-5.341328799809716</g>
    <t>1.2282362662050172</t>
   </pm-column>
   <pm-column position='8'>
    <a>-5.341328799809715</a>
    <c>-5.341328799809716</c>
    <g>1.5655304610642482</g>
    <t>-5.341328799809715</t>
   </pm-column>
   <pm-column position='9'>
    <a>-1.3008664640242116</a>
    <c>0.12429261092696886</c>
    <g>0.4448005602711428</g>
    <t>0.2099754475467869</t>
   </pm-column>
  </PWM>
 </motif>
</smallbismark>