<?xml version='1.0' encoding='UTF-8'?>
<smallbismark>
 <motif name='HXB6_HUMAN' id='HXB6_f1' sample-size='7' sequence-count='7' coverage='1.0' length='13'>
  <comment>HOCOMOCO v9; MAR2012; ChIPMunk v3.1</comment>
  <background>
   <a>0.29182</a>
   <c>0.20818</c>
   <g>0.20818</g>
   <t>0.29182</t>
  </background>
  <consensus>dWTGATTKATGCn</consensus>
  <WPCM words-count='7.0' length='13' dic='-4.409391946376142' kdic='13.612434748182444'>
   <pm-column position='1' dic='-0.8165767511527248' kdic='0.5697176099671654'>
    <a>3.316599268208527</a>
    <c>0.6334510812635019</c>
    <g>1.5718971275798</g>
    <t>1.478052522948169</t>
   </pm-column>
   <pm-column position='2' dic='-0.6716316693932907' kdic='0.7146626917265998'>
    <a>3.472250371370305</a>
    <c>0.844601441684672</c>
    <g>0.0</g>
    <t>2.683148186945023</t>
   </pm-column>
   <pm-column position='3' dic='-0.23614896411334474' kdic='1.1501453970065474'>
    <a>0.0</a>
    <c>0.844601441684672</c>
    <g>0.0</g>
    <t>6.155398558315335</t>
   </pm-column>
   <pm-column position='4' dic='-0.23614896411334474' kdic='1.1501453970065474'>
    <a>0.844601441684672</a>
    <c>0.0</c>
    <g>6.155398558315335</g>
    <t>0.0</t>
   </pm-column>
   <pm-column position='5' dic='0.0' kdic='1.3862943611198906'>
    <a>7.0</a>
    <c>0.0</c>
    <g>0.0</g>
    <t>0.0</t>
   </pm-column>
   <pm-column position='6' dic='0.0' kdic='1.3862943611198906'>
    <a>0.0</a>
    <c>0.0</c>
    <g>0.0</g>
    <t>7.0</t>
   </pm-column>
   <pm-column position='7' dic='0.0' kdic='1.3862943611198906'>
    <a>0.0</a>
    <c>0.0</c>
    <g>0.0</g>
    <t>7.0</t>
   </pm-column>
   <pm-column position='8' dic='-0.6697633585631232' kdic='0.7165310025567686'>
    <a>0.844601441684672</a>
    <c>0.0</c>
    <g>3.527749628629695</g>
    <t>2.62764892968564</t>
   </pm-column>
   <pm-column position='9' dic='-0.23614896411334474' kdic='1.1501453970065474'>
    <a>6.155398558315335</a>
    <c>0.0</c>
    <g>0.844601441684672</g>
    <t>0.0</t>
   </pm-column>
   <pm-column position='10' dic='0.0' kdic='1.3862943611198906'>
    <a>0.0</a>
    <c>0.0</c>
    <g>0.0</g>
    <t>7.0</t>
   </pm-column>
   <pm-column position='11' dic='-0.23614896411334474' kdic='1.1501453970065474'>
    <a>0.0</a>
    <c>0.0</c>
    <g>6.155398558315335</g>
    <t>0.844601441684672</t>
   </pm-column>
   <pm-column position='12' dic='-0.5167852413047681' kdic='0.8695091198151222'>
    <a>3.472250371370305</a>
    <c>3.527749628629695</c>
    <g>0.0</g>
    <t>0.0</t>
   </pm-column>
   <pm-column position='13' dic='-0.7900390695088554' kdic='0.5962552916110366'>
    <a>3.527749628629695</a>
    <c>1.783047488000968</c>
    <g>0.844601441684672</g>
    <t>0.844601441684672</t>
   </pm-column>
  </WPCM>
  <PPM words-count='7.0' length='13' kdic='13.612434748182444' dic='-4.409391946376142'>
   <pm-column position='1' dic='-0.8165767511527248' kdic='0.5697176099671654'>
    <a>0.473799895458361</a>
    <c>0.0904930116090717</c>
    <g>0.2245567325114</g>
    <t>0.211150360421167</t>
   </pm-column>
   <pm-column position='2' dic='-0.6716316693932907' kdic='0.7146626917265998'>
    <a>0.496035767338615</a>
    <c>0.120657348812096</c>
    <g>0.0</g>
    <t>0.383306883849289</t>
   </pm-column>
   <pm-column position='3' dic='-0.23614896411334474' kdic='1.1501453970065474'>
    <a>0.0</a>
    <c>0.120657348812096</c>
    <g>0.0</g>
    <t>0.879342651187905</t>
   </pm-column>
   <pm-column position='4' dic='-0.23614896411334474' kdic='1.1501453970065474'>
    <a>0.120657348812096</a>
    <c>0.0</c>
    <g>0.879342651187905</g>
    <t>0.0</t>
   </pm-column>
   <pm-column position='5' dic='0.0' kdic='1.3862943611198906'>
    <a>1.0</a>
    <c>0.0</c>
    <g>0.0</g>
    <t>0.0</t>
   </pm-column>
   <pm-column position='6' dic='0.0' kdic='1.3862943611198906'>
    <a>0.0</a>
    <c>0.0</c>
    <g>0.0</g>
    <t>1.0</t>
   </pm-column>
   <pm-column position='7' dic='0.0' kdic='1.3862943611198906'>
    <a>0.0</a>
    <c>0.0</c>
    <g>0.0</g>
    <t>1.0</t>
   </pm-column>
   <pm-column position='8' dic='-0.6697633585631232' kdic='0.7165310025567686'>
    <a>0.120657348812096</a>
    <c>0.0</c>
    <g>0.503964232661385</g>
    <t>0.37537841852652</t>
   </pm-column>
   <pm-column position='9' dic='-0.23614896411334474' kdic='1.1501453970065474'>
    <a>0.879342651187905</a>
    <c>0.0</c>
    <g>0.120657348812096</g>
    <t>0.0</t>
   </pm-column>
   <pm-column position='10' dic='0.0' kdic='1.3862943611198906'>
    <a>0.0</a>
    <c>0.0</c>
    <g>0.0</g>
    <t>1.0</t>
   </pm-column>
   <pm-column position='11' dic='-0.23614896411334474' kdic='1.1501453970065474'>
    <a>0.0</a>
    <c>0.0</c>
    <g>0.879342651187905</g>
    <t>0.120657348812096</t>
   </pm-column>
   <pm-column position='12' dic='-0.5167852413047681' kdic='0.8695091198151222'>
    <a>0.496035767338615</a>
    <c>0.503964232661385</c>
    <g>0.0</g>
    <t>0.0</t>
   </pm-column>
   <pm-column position='13' dic='-0.7900390695088554' kdic='0.5962552916110366'>
    <a>0.503964232661385</a>
    <c>0.254721069714424</c>
    <g>0.120657348812096</g>
    <t>0.120657348812096</t>
   </pm-column>
  </PPM>
  <PWM length='13' words-count='7.0'>
   <pm-column position='1'>
    <a>0.39741774657933737</a>
    <c>-0.5840316209374906</c>
    <g>0.05971701890627723</g>
    <t>-0.24372524547545057</t>
   </pm-column>
   <pm-column position='2'>
    <a>0.43670610169252405</a>
    <c>-0.3989548839228462</c>
    <g>-1.5254666506814403</g>
    <t>0.2193984413890965</t>
   </pm-column>
   <pm-column position='3'>
    <a>-1.5254666506814403</a>
    <c>-0.3989548839228462</c>
    <g>-1.5254666506814403</g>
    <t>0.9460083615486288</t>
   </pm-column>
   <pm-column position='4'>
    <a>-0.6142382216922057</a>
    <c>-1.5254666506814403</c>
    <g>1.2592015114613648</g>
    <t>-1.5254666506814403</t>
   </pm-column>
   <pm-column position='5'>
    <a>1.0643459760967655</a>
    <c>-1.5254666506814403</c>
    <g>-1.5254666506814403</g>
    <t>-1.5254666506814403</t>
   </pm-column>
   <pm-column position='6'>
    <a>-1.5254666506814403</a>
    <c>-1.5254666506814403</c>
    <g>-1.5254666506814403</g>
    <t>1.0643459760967655</t>
   </pm-column>
   <pm-column position='7'>
    <a>-1.5254666506814403</a>
    <c>-1.5254666506814403</c>
    <g>-1.5254666506814403</g>
    <t>1.0643459760967655</t>
   </pm-column>
   <pm-column position='8'>
    <a>-0.6142382216922057</a>
    <c>-1.5254666506814403</c>
    <g>0.7475000402771445</g>
    <t>0.2021795744386579</t>
   </pm-column>
   <pm-column position='9'>
    <a>0.9460083615486288</a>
    <c>-1.5254666506814403</c>
    <g>-0.3989548839228462</g>
    <t>-1.5254666506814403</t>
   </pm-column>
   <pm-column position='10'>
    <a>-1.5254666506814403</a>
    <c>-1.5254666506814403</c>
    <g>-1.5254666506814403</g>
    <t>1.0643459760967655</t>
   </pm-column>
   <pm-column position='11'>
    <a>-1.5254666506814403</a>
    <c>-1.5254666506814403</c>
    <g>1.2592015114613648</g>
    <t>-0.6142382216922057</t>
   </pm-column>
   <pm-column position='12'>
    <a>0.43670610169252405</a>
    <c>0.7475000402771445</c>
    <g>-1.5254666506814403</g>
    <t>-1.5254666506814403</t>
   </pm-column>
   <pm-column position='13'>
    <a>0.4503497132776032</a>
    <c>0.16119280103827613</c>
    <g>-0.3989548839228462</g>
    <t>-0.6142382216922057</t>
   </pm-column>
  </PWM>
 </motif>
</smallbismark>