<?xml version='1.0' encoding='UTF-8'?>
<smallbismark>
 <motif name='IRF9_HUMAN' id='IRF9_f1' sample-size='5' sequence-count='5' coverage='1.0' length='12'>
  <comment>HOCOMOCO v9; MAR2012; ChIPMunk v3.1</comment>
  <background>
   <a>0.29182</a>
   <c>0.20818</c>
   <g>0.20818</g>
   <t>0.29182</t>
  </background>
  <consensus>GAAAbhGAAACT</consensus>
  <WPCM words-count='5.0' length='12' dic='-2.6021486737224317' kdic='14.033383659716254'>
   <pm-column position='1' dic='-0.3369260113237728' kdic='1.049368349796118'>
    <a>1.07142857142857</a>
    <c>0.0</c>
    <g>3.92857142857143</g>
    <t>0.0</t>
   </pm-column>
   <pm-column position='2' dic='0.0' kdic='1.3862943611198906'>
    <a>5.0</a>
    <c>0.0</c>
    <g>0.0</g>
    <t>0.0</t>
   </pm-column>
   <pm-column position='3' dic='0.0' kdic='1.3862943611198906'>
    <a>5.0</a>
    <c>0.0</c>
    <g>0.0</g>
    <t>0.0</t>
   </pm-column>
   <pm-column position='4' dic='0.0' kdic='1.3862943611198906'>
    <a>5.0</a>
    <c>0.0</c>
    <g>0.0</g>
    <t>0.0</t>
   </pm-column>
   <pm-column position='5' dic='-0.6217203212855216' kdic='0.7645740398343677'>
    <a>0.0</a>
    <c>1.07142857142857</c>
    <g>2.857142857142855</g>
    <t>1.07142857142857</t>
   </pm-column>
   <pm-column position='6' dic='-0.5749652425290528' kdic='0.8113291185908365'>
    <a>0.95238095238095</a>
    <c>3.095238095238095</c>
    <g>0.0</g>
    <t>0.95238095238095</t>
   </pm-column>
   <pm-column position='7' dic='-0.30749359277849975' kdic='1.078800768341391'>
    <a>0.0</a>
    <c>0.0</c>
    <g>4.04761904761905</g>
    <t>0.95238095238095</t>
   </pm-column>
   <pm-column position='8' dic='0.0' kdic='1.3862943611198906'>
    <a>5.0</a>
    <c>0.0</c>
    <g>0.0</g>
    <t>0.0</t>
   </pm-column>
   <pm-column position='9' dic='0.0' kdic='1.3862943611198906'>
    <a>5.0</a>
    <c>0.0</c>
    <g>0.0</g>
    <t>0.0</t>
   </pm-column>
   <pm-column position='10' dic='0.0' kdic='1.3862943611198906'>
    <a>5.0</a>
    <c>0.0</c>
    <g>0.0</g>
    <t>0.0</t>
   </pm-column>
   <pm-column position='11' dic='-0.45354991302708464' kdic='0.9327444480928058'>
    <a>0.0</a>
    <c>3.095238095238095</c>
    <g>0.0</g>
    <t>1.9047619047619049</t>
   </pm-column>
   <pm-column position='12' dic='-0.30749359277849975' kdic='1.078800768341391'>
    <a>0.0</a>
    <c>0.0</c>
    <g>0.95238095238095</g>
    <t>4.04761904761905</t>
   </pm-column>
  </WPCM>
  <PPM words-count='5.0' length='12' kdic='14.033383659716254' dic='-2.6021486737224317'>
   <pm-column position='1' dic='-0.3369260113237728' kdic='1.049368349796118'>
    <a>0.214285714285714</a>
    <c>0.0</c>
    <g>0.785714285714286</g>
    <t>0.0</t>
   </pm-column>
   <pm-column position='2' dic='0.0' kdic='1.3862943611198906'>
    <a>1.0</a>
    <c>0.0</c>
    <g>0.0</g>
    <t>0.0</t>
   </pm-column>
   <pm-column position='3' dic='0.0' kdic='1.3862943611198906'>
    <a>1.0</a>
    <c>0.0</c>
    <g>0.0</g>
    <t>0.0</t>
   </pm-column>
   <pm-column position='4' dic='0.0' kdic='1.3862943611198906'>
    <a>1.0</a>
    <c>0.0</c>
    <g>0.0</g>
    <t>0.0</t>
   </pm-column>
   <pm-column position='5' dic='-0.6217203212855216' kdic='0.7645740398343677'>
    <a>0.0</a>
    <c>0.214285714285714</c>
    <g>0.571428571428571</g>
    <t>0.214285714285714</t>
   </pm-column>
   <pm-column position='6' dic='-0.5749652425290528' kdic='0.8113291185908365'>
    <a>0.19047619047619</a>
    <c>0.619047619047619</c>
    <g>0.0</g>
    <t>0.19047619047619</t>
   </pm-column>
   <pm-column position='7' dic='-0.30749359277849975' kdic='1.078800768341391'>
    <a>0.0</a>
    <c>0.0</c>
    <g>0.80952380952381</g>
    <t>0.19047619047619</t>
   </pm-column>
   <pm-column position='8' dic='0.0' kdic='1.3862943611198906'>
    <a>1.0</a>
    <c>0.0</c>
    <g>0.0</g>
    <t>0.0</t>
   </pm-column>
   <pm-column position='9' dic='0.0' kdic='1.3862943611198906'>
    <a>1.0</a>
    <c>0.0</c>
    <g>0.0</g>
    <t>0.0</t>
   </pm-column>
   <pm-column position='10' dic='0.0' kdic='1.3862943611198906'>
    <a>1.0</a>
    <c>0.0</c>
    <g>0.0</g>
    <t>0.0</t>
   </pm-column>
   <pm-column position='11' dic='-0.45354991302708464' kdic='0.9327444480928058'>
    <a>0.0</a>
    <c>0.619047619047619</c>
    <g>0.0</g>
    <t>0.380952380952381</t>
   </pm-column>
   <pm-column position='12' dic='-0.30749359277849975' kdic='1.078800768341391'>
    <a>0.0</a>
    <c>0.0</c>
    <g>0.19047619047619</g>
    <t>0.80952380952381</t>
   </pm-column>
  </PPM>
  <PWM length='12' words-count='5.0'>
   <pm-column position='1'>
    <a>-0.2243765035848991</a>
    <c>-1.4126136189803458</c>
    <g>1.1309527486302244</g>
    <t>-1.4126136189803455</t>
   </pm-column>
   <pm-column position='2'>
    <a>1.042351499776889</a>
    <c>-1.4126136189803458</c>
    <g>-1.4126136189803458</g>
    <t>-1.4126136189803455</t>
   </pm-column>
   <pm-column position='3'>
    <a>1.042351499776889</a>
    <c>-1.4126136189803458</c>
    <g>-1.4126136189803458</g>
    <t>-1.4126136189803455</t>
   </pm-column>
   <pm-column position='4'>
    <a>1.042351499776889</a>
    <c>-1.4126136189803458</c>
    <g>-1.4126136189803458</g>
    <t>-1.4126136189803455</t>
   </pm-column>
   <pm-column position='5'>
    <a>-1.4126136189803455</a>
    <c>0.021927819743137456</c>
    <g>0.8415427481112644</g>
    <t>-0.2243765035848991</t>
   </pm-column>
   <pm-column position='6'>
    <a>-0.3047724720489422</a>
    <c>0.9134786802005478</c>
    <g>-1.4126136189803458</g>
    <t>-0.3047724720489422</t>
   </pm-column>
   <pm-column position='7'>
    <a>-1.4126136189803455</a>
    <c>-1.4126136189803458</c>
    <g>1.1584916943239487</g>
    <t>-0.3047724720489422</t>
   </pm-column>
   <pm-column position='8'>
    <a>1.042351499776889</a>
    <c>-1.4126136189803458</c>
    <g>-1.4126136189803458</g>
    <t>-1.4126136189803455</t>
   </pm-column>
   <pm-column position='9'>
    <a>1.042351499776889</a>
    <c>-1.4126136189803458</c>
    <g>-1.4126136189803458</g>
    <t>-1.4126136189803455</t>
   </pm-column>
   <pm-column position='10'>
    <a>1.042351499776889</a>
    <c>-1.4126136189803458</c>
    <g>-1.4126136189803458</g>
    <t>-1.4126136189803455</t>
   </pm-column>
   <pm-column position='11'>
    <a>-1.4126136189803455</a>
    <c>0.9134786802005478</c>
    <g>-1.4126136189803458</g>
    <t>0.20788874659261597</t>
   </pm-column>
   <pm-column position='12'>
    <a>-1.4126136189803455</a>
    <c>-1.4126136189803458</c>
    <g>-0.06651190053550149</g>
    <t>0.8510448267119098</t>
   </pm-column>
  </PWM>
 </motif>
</smallbismark>