<?xml version='1.0' encoding='UTF-8'?>
<smallbismark>
 <motif name='ISL1_HUMAN' id='ISL1_f1' sample-size='13' sequence-count='13' coverage='1.0' length='7'>
  <comment>HOCOMOCO v9; MAR2012; ChIPMunk v3.1</comment>
  <background>
   <a>0.29182</a>
   <c>0.20818</c>
   <g>0.20818</g>
   <t>0.29182</t>
  </background>
  <consensus>SYTAATG</consensus>
  <WPCM words-count='13.0' length='7' dic='-2.2843894289873203' kdic='7.419671098851914'>
   <pm-column position='1' dic='-0.682061338991103' kdic='0.7042330221287876'>
    <a>0.37061403508771984</a>
    <c>5.6162280701754375</c>
    <g>6.642543859649125</g>
    <t>0.37061403508771984</t>
   </pm-column>
   <pm-column position='2' dic='-0.8215335945782208' kdic='0.5647607665416697'>
    <a>0.0</a>
    <c>4.675438596491234</c>
    <g>2.280701754385964</g>
    <t>6.043859649122802</t>
   </pm-column>
   <pm-column position='3' dic='-0.21947483615612468' kdic='1.1668195249637658'>
    <a>1.140350877192982</a>
    <c>0.0</c>
    <g>0.0</g>
    <t>11.859649122807019</t>
   </pm-column>
   <pm-column position='4' dic='0.0' kdic='1.3862943611198906'>
    <a>13.0</a>
    <c>0.0</c>
    <g>0.0</g>
    <t>0.0</t>
   </pm-column>
   <pm-column position='5' dic='0.0' kdic='1.3862943611198906'>
    <a>13.0</a>
    <c>0.0</c>
    <g>0.0</g>
    <t>0.0</t>
   </pm-column>
   <pm-column position='6' dic='0.0' kdic='1.3862943611198906'>
    <a>0.0</a>
    <c>0.0</c>
    <g>0.0</g>
    <t>13.0</t>
   </pm-column>
   <pm-column position='7' dic='-0.5613196592618712' kdic='0.8249747018580192'>
    <a>5.359649122807018</a>
    <c>0.0</c>
    <g>7.640350877192982</g>
    <t>0.0</t>
   </pm-column>
  </WPCM>
  <PPM words-count='13.0' length='7' kdic='7.419671098851914' dic='-2.2843894289873203'>
   <pm-column position='1' dic='-0.682061338991103' kdic='0.7042330221287876'>
    <a>0.0285087719298246</a>
    <c>0.432017543859649</c>
    <g>0.510964912280702</g>
    <t>0.0285087719298246</t>
   </pm-column>
   <pm-column position='2' dic='-0.8215335945782208' kdic='0.5647607665416697'>
    <a>0.0</a>
    <c>0.359649122807018</c>
    <g>0.175438596491228</g>
    <t>0.464912280701754</t>
   </pm-column>
   <pm-column position='3' dic='-0.21947483615612468' kdic='1.1668195249637658'>
    <a>0.087719298245614</a>
    <c>0.0</c>
    <g>0.0</g>
    <t>0.912280701754386</t>
   </pm-column>
   <pm-column position='4' dic='0.0' kdic='1.3862943611198906'>
    <a>1.0</a>
    <c>0.0</c>
    <g>0.0</g>
    <t>0.0</t>
   </pm-column>
   <pm-column position='5' dic='0.0' kdic='1.3862943611198906'>
    <a>1.0</a>
    <c>0.0</c>
    <g>0.0</g>
    <t>0.0</t>
   </pm-column>
   <pm-column position='6' dic='0.0' kdic='1.3862943611198906'>
    <a>0.0</a>
    <c>0.0</c>
    <g>0.0</g>
    <t>1.0</t>
   </pm-column>
   <pm-column position='7' dic='-0.5613196592618712' kdic='0.8249747018580192'>
    <a>0.412280701754386</a>
    <c>0.0</c>
    <g>0.587719298245614</g>
    <t>0.0</t>
   </pm-column>
  </PPM>
  <PWM length='7' words-count='13.0'>
   <pm-column position='1'>
    <a>-1.4008577410638903</a>
    <c>0.6407949179920881</c>
    <g>0.7951240589179449</g>
    <t>-1.4008577410638903</t>
   </pm-column>
   <pm-column position='2'>
    <a>-1.803082815523819</a>
    <c>0.4747773470982955</c>
    <g>-0.14084122238728136</g>
    <t>0.4024095122414757</t>
   </pm-column>
   <pm-column position='3'>
    <a>-0.8774234123834029</a>
    <c>-1.803082815523819</c>
    <g>-1.803082815523819</g>
    <t>1.0209550363105808</t>
   </pm-column>
   <pm-column position='4'>
    <a>1.1075414574097868</a>
    <c>-1.803082815523819</c>
    <g>-1.803082815523819</g>
    <t>-1.803082815523819</t>
   </pm-column>
   <pm-column position='5'>
    <a>1.1075414574097868</a>
    <c>-1.803082815523819</c>
    <g>-1.803082815523819</g>
    <t>-1.803082815523819</t>
   </pm-column>
   <pm-column position='6'>
    <a>-1.803082815523819</a>
    <c>-1.803082815523819</c>
    <g>-1.803082815523819</g>
    <t>1.1075414574097868</t>
   </pm-column>
   <pm-column position='7'>
    <a>0.29623477747426247</a>
    <c>-1.803082815523819</c>
    <g>0.9253077482831783</g>
    <t>-1.803082815523819</t>
   </pm-column>
  </PWM>
 </motif>
</smallbismark>