<?xml version='1.0' encoding='UTF-8'?>
<smallbismark>
 <motif name='KLF3_HUMAN' id='KLF3_f1' sample-size='9' sequence-count='8' coverage='0.8888888888888888' length='15'>
  <comment>HOCOMOCO v9; MAR2012; ChIPMunk v3.1</comment>
  <background>
   <a>0.29182</a>
   <c>0.20818</c>
   <g>0.20818</g>
   <t>0.29182</t>
  </background>
  <consensus>WRChWGGGTGTSGnW</consensus>
  <WPCM words-count='8.0' length='15' dic='-7.448691218657622' kdic='13.345724198140736'>
   <pm-column position='1' dic='-0.7921499679098613' kdic='0.5941443932100294'>
    <a>2.625</a>
    <c>2.125</c>
    <g>0.0</g>
    <t>3.25</t>
   </pm-column>
   <pm-column position='2' dic='-0.7234132114844036' kdic='0.6628811496354869'>
    <a>3.125</a>
    <c>1.125</c>
    <g>3.75</g>
    <t>0.0</t>
   </pm-column>
   <pm-column position='3' dic='-0.41405781196111324' kdic='0.9722365491587772'>
    <a>0.0</a>
    <c>6.375</c>
    <g>1.0</g>
    <t>0.625</t>
   </pm-column>
   <pm-column position='4' dic='-0.8886326914817995' kdic='0.4976616696380912'>
    <a>1.125</a>
    <c>3.125</c>
    <g>1.0</g>
    <t>2.75</t>
   </pm-column>
   <pm-column position='5' dic='-0.6945514267202271' kdic='0.6917429343996635'>
    <a>2.75</a>
    <c>0.0</c>
    <g>1.0</g>
    <t>4.25</t>
   </pm-column>
   <pm-column position='6' dic='-0.2840738660545792' kdic='1.1022204950653114'>
    <a>1.125</a>
    <c>0.0</c>
    <g>6.875</g>
    <t>0.0</t>
   </pm-column>
   <pm-column position='7' dic='-0.2840738660545792' kdic='1.1022204950653114'>
    <a>0.0</a>
    <c>0.0</c>
    <g>6.875</g>
    <t>1.125</t>
   </pm-column>
   <pm-column position='8' dic='0.0' kdic='1.3862943611198906'>
    <a>0.0</a>
    <c>0.0</c>
    <g>8.0</g>
    <t>0.0</t>
   </pm-column>
   <pm-column position='9' dic='0.0' kdic='1.3862943611198906'>
    <a>0.0</a>
    <c>0.0</c>
    <g>0.0</g>
    <t>8.0</t>
   </pm-column>
   <pm-column position='10' dic='-0.2840738660545792' kdic='1.1022204950653114'>
    <a>1.125</a>
    <c>0.0</c>
    <g>6.875</g>
    <t>0.0</t>
   </pm-column>
   <pm-column position='11' dic='-0.509747818765202' kdic='0.8765465423546885'>
    <a>0.0</a>
    <c>0.0</c>
    <g>3.125</g>
    <t>4.875</t>
   </pm-column>
   <pm-column position='12' dic='-0.6710744196228846' kdic='0.7152199414970061'>
    <a>1.125</a>
    <c>2.125</c>
    <g>4.75</g>
    <t>0.0</t>
   </pm-column>
   <pm-column position='13' dic='-0.5250603214986587' kdic='0.861234039621232'>
    <a>0.0</a>
    <c>1.0</c>
    <g>5.875</g>
    <t>1.125</t>
   </pm-column>
   <pm-column position='14' dic='-0.8430896941420567' kdic='0.5432046669778338'>
    <a>1.625</a>
    <c>4.125</c>
    <g>1.125</g>
    <t>1.125</t>
   </pm-column>
   <pm-column position='15' dic='-0.5346922569076776' kdic='0.8516021042122129'>
    <a>1.90625</a>
    <c>0.28125</c>
    <g>0.28125</g>
    <t>5.53125</t>
   </pm-column>
  </WPCM>
  <PPM words-count='8.0' length='15' kdic='13.345724198140736' dic='-7.448691218657622'>
   <pm-column position='1' dic='-0.7921499679098613' kdic='0.5941443932100294'>
    <a>0.328125</a>
    <c>0.265625</c>
    <g>0.0</g>
    <t>0.40625</t>
   </pm-column>
   <pm-column position='2' dic='-0.7234132114844036' kdic='0.6628811496354869'>
    <a>0.390625</a>
    <c>0.140625</c>
    <g>0.46875</g>
    <t>0.0</t>
   </pm-column>
   <pm-column position='3' dic='-0.41405781196111324' kdic='0.9722365491587772'>
    <a>0.0</a>
    <c>0.796875</c>
    <g>0.125</g>
    <t>0.078125</t>
   </pm-column>
   <pm-column position='4' dic='-0.8886326914817995' kdic='0.4976616696380912'>
    <a>0.140625</a>
    <c>0.390625</c>
    <g>0.125</g>
    <t>0.34375</t>
   </pm-column>
   <pm-column position='5' dic='-0.6945514267202271' kdic='0.6917429343996635'>
    <a>0.34375</a>
    <c>0.0</c>
    <g>0.125</g>
    <t>0.53125</t>
   </pm-column>
   <pm-column position='6' dic='-0.2840738660545792' kdic='1.1022204950653114'>
    <a>0.140625</a>
    <c>0.0</c>
    <g>0.859375</g>
    <t>0.0</t>
   </pm-column>
   <pm-column position='7' dic='-0.2840738660545792' kdic='1.1022204950653114'>
    <a>0.0</a>
    <c>0.0</c>
    <g>0.859375</g>
    <t>0.140625</t>
   </pm-column>
   <pm-column position='8' dic='0.0' kdic='1.3862943611198906'>
    <a>0.0</a>
    <c>0.0</c>
    <g>1.0</g>
    <t>0.0</t>
   </pm-column>
   <pm-column position='9' dic='0.0' kdic='1.3862943611198906'>
    <a>0.0</a>
    <c>0.0</c>
    <g>0.0</g>
    <t>1.0</t>
   </pm-column>
   <pm-column position='10' dic='-0.2840738660545792' kdic='1.1022204950653114'>
    <a>0.140625</a>
    <c>0.0</c>
    <g>0.859375</g>
    <t>0.0</t>
   </pm-column>
   <pm-column position='11' dic='-0.509747818765202' kdic='0.8765465423546885'>
    <a>0.0</a>
    <c>0.0</c>
    <g>0.390625</g>
    <t>0.609375</t>
   </pm-column>
   <pm-column position='12' dic='-0.6710744196228846' kdic='0.7152199414970061'>
    <a>0.140625</a>
    <c>0.265625</c>
    <g>0.59375</g>
    <t>0.0</t>
   </pm-column>
   <pm-column position='13' dic='-0.5250603214986587' kdic='0.861234039621232'>
    <a>0.0</a>
    <c>0.125</c>
    <g>0.734375</g>
    <t>0.140625</t>
   </pm-column>
   <pm-column position='14' dic='-0.8430896941420567' kdic='0.5432046669778338'>
    <a>0.203125</a>
    <c>0.515625</c>
    <g>0.140625</g>
    <t>0.140625</t>
   </pm-column>
   <pm-column position='15' dic='-0.5346922569076776' kdic='0.8516021042122129'>
    <a>0.23828125</a>
    <c>0.03515625</c>
    <g>0.03515625</g>
    <t>0.69140625</t>
   </pm-column>
  </PPM>
  <PWM length='15' words-count='8.0'>
   <pm-column position='1'>
    <a>0.0941793222654479</a>
    <c>0.19802183886485644</c>
    <g>-1.5783984904108688</g>
    <t>0.2709772341452084</t>
   </pm-column>
   <pm-column position='2'>
    <a>0.2380302144085735</a>
    <c>-0.2978240740236292</c>
    <g>0.6898388437316859</g>
    <t>-1.5783984904108685</t>
   </pm-column>
   <pm-column position='3'>
    <a>-1.5783984904108685</a>
    <c>1.1769170492718555</c>
    <g>-0.38146203983710353</g>
    <t>-0.8703768616804742</t>
   </pm-column>
   <pm-column position='4'>
    <a>-0.5296951060934668</a>
    <c>0.5280048649986144</c>
    <g>-0.38146203983710353</g>
    <t>0.13212805349171095</t>
   </pm-column>
   <pm-column position='5'>
    <a>0.13212805349171095</a>
    <c>-1.5783984904108688</c>
    <g>-0.38146203983710353</g>
    <t>0.5015184978595566</t>
   </pm-column>
   <pm-column position='6'>
    <a>-0.5296951060934668</a>
    <c>-1.5783984904108688</c>
    <g>1.247789223966701</g>
    <t>-1.5783984904108685</t>
   </pm-column>
   <pm-column position='7'>
    <a>-1.5783984904108685</a>
    <c>-1.5783984904108688</c>
    <g>1.247789223966701</g>
    <t>-0.5296951060934668</t>
   </pm-column>
   <pm-column position='8'>
    <a>-1.5783984904108685</a>
    <c>-1.5783984904108688</c>
    <g>1.3909738506945737</g>
    <t>-1.5783984904108685</t>
   </pm-column>
   <pm-column position='9'>
    <a>-1.5783984904108685</a>
    <c>-1.5783984904108688</c>
    <g>-1.5783984904108688</g>
    <t>1.073690130254358</t>
   </pm-column>
   <pm-column position='10'>
    <a>-0.5296951060934668</a>
    <c>-1.5783984904108688</c>
    <g>1.247789223966701</g>
    <t>-1.5783984904108685</t>
   </pm-column>
   <pm-column position='11'>
    <a>-1.5783984904108685</a>
    <c>-1.5783984904108688</c>
    <g>0.5280048649986144</g>
    <t>0.6225719207101027</t>
   </pm-column>
   <pm-column position='12'>
    <a>-0.5296951060934668</a>
    <c>0.19802183886485644</c>
    <g>0.9041984471744469</g>
    <t>-1.5783984904108685</t>
   </pm-column>
   <pm-column position='13'>
    <a>-1.5783984904108685</a>
    <c>-0.38146203983710353</c>
    <g>1.1006362526227318</g>
    <t>-0.5296951060934668</t>
   </pm-column>
   <pm-column position='14'>
    <a>-0.2760496903648763</a>
    <c>0.7756958972397882</c>
    <g>-0.2978240740236292</g>
    <t>-0.5296951060934668</t>
   </pm-column>
   <pm-column position='15'>
    <a>-0.15736162494690223</a>
    <c>-1.0778192387056391</c>
    <g>-1.0778192387056391</g>
    <t>0.7356452540271212</t>
   </pm-column>
  </PWM>
 </motif>
</smallbismark>