<?xml version='1.0' encoding='UTF-8'?>
<smallbismark>
 <motif name='MAFK_HUMAN' id='MAFK_si' sample-size='17' sequence-count='16' coverage='0.9411764705882353' length='10'>
  <comment>HOCOMOCO v9; MAR2012; ChIPMunk v3.1</comment>
  <background>
   <a>0.29182</a>
   <c>0.20818</c>
   <g>0.20818</g>
   <t>0.29182</t>
  </background>
  <consensus>YGCTGAGTCA</consensus>
  <WPCM words-count='15.9225352112676' length='10' dic='-2.057448414191856' kdic='11.80549519700705'>
   <pm-column position='1' dic='-0.6891594267819119' kdic='0.6971349343379774'>
    <a>2.035211267605626</a>
    <c>3.2323943661971746</c>
    <g>0.0</g>
    <t>10.654929577464785</t>
   </pm-column>
   <pm-column position='2' dic='0.0' kdic='1.3862943611198906'>
    <a>0.0</a>
    <c>0.0</c>
    <g>15.9225352112676</g>
    <t>0.0</t>
   </pm-column>
   <pm-column position='3' dic='0.0' kdic='1.3862943611198906'>
    <a>0.0</a>
    <c>15.9225352112676</c>
    <g>0.0</g>
    <t>0.0</t>
   </pm-column>
   <pm-column position='4' dic='-0.3855831211250601' kdic='1.0007112399948304'>
    <a>0.0</a>
    <c>2.8732394366197194</c>
    <g>0.0</g>
    <t>13.04929577464788</t>
   </pm-column>
   <pm-column position='5' dic='-0.3591683496505821' kdic='1.0271260114693082'>
    <a>0.8380281690140838</a>
    <c>0.0</c>
    <g>13.767605633802807</g>
    <t>1.3169014084507034</t>
   </pm-column>
   <pm-column position='6' dic='-0.21774759530257765' kdic='1.1685467658173132'>
    <a>14.605633802816902</a>
    <c>0.0</c>
    <g>0.0</g>
    <t>1.3169014084507034</t>
   </pm-column>
   <pm-column position='7' dic='-0.4057899213317237' kdic='0.9805044397881669'>
    <a>0.0</a>
    <c>3.1126760563380227</c>
    <g>12.809859154929578</g>
    <t>0.0</t>
   </pm-column>
   <pm-column position='8' dic='0.0' kdic='1.3862943611198906'>
    <a>0.0</a>
    <c>0.0</c>
    <g>0.0</g>
    <t>15.9225352112676</t>
   </pm-column>
   <pm-column position='9' dic='0.0' kdic='1.3862943611198906'>
    <a>0.0</a>
    <c>15.9225352112676</c>
    <g>0.0</g>
    <t>0.0</t>
   </pm-column>
   <pm-column position='10' dic='0.0' kdic='1.3862943611198906'>
    <a>15.9225352112676</a>
    <c>0.0</c>
    <g>0.0</g>
    <t>0.0</t>
   </pm-column>
  </WPCM>
  <PPM words-count='15.9225352112676' length='10' kdic='11.80549519700705' dic='-2.057448414191856'>
   <pm-column position='1' dic='-0.6891594267819119' kdic='0.6971349343379774'>
    <a>0.12781954887218</a>
    <c>0.203007518796992</c>
    <g>0.0</g>
    <t>0.669172932330827</t>
   </pm-column>
   <pm-column position='2' dic='0.0' kdic='1.3862943611198906'>
    <a>0.0</a>
    <c>0.0</c>
    <g>1.0</g>
    <t>0.0</t>
   </pm-column>
   <pm-column position='3' dic='0.0' kdic='1.3862943611198906'>
    <a>0.0</a>
    <c>1.0</c>
    <g>0.0</g>
    <t>0.0</t>
   </pm-column>
   <pm-column position='4' dic='-0.3855831211250601' kdic='1.0007112399948304'>
    <a>0.0</a>
    <c>0.180451127819549</c>
    <g>0.0</g>
    <t>0.819548872180451</t>
   </pm-column>
   <pm-column position='5' dic='-0.3591683496505821' kdic='1.0271260114693082'>
    <a>0.0526315789473684</a>
    <c>0.0</c>
    <g>0.864661654135338</g>
    <t>0.0827067669172932</t>
   </pm-column>
   <pm-column position='6' dic='-0.21774759530257765' kdic='1.1685467658173132'>
    <a>0.917293233082707</a>
    <c>0.0</c>
    <g>0.0</g>
    <t>0.0827067669172932</t>
   </pm-column>
   <pm-column position='7' dic='-0.4057899213317237' kdic='0.9805044397881669'>
    <a>0.0</a>
    <c>0.195488721804511</c>
    <g>0.804511278195489</g>
    <t>0.0</t>
   </pm-column>
   <pm-column position='8' dic='0.0' kdic='1.3862943611198906'>
    <a>0.0</a>
    <c>0.0</c>
    <g>0.0</g>
    <t>1.0</t>
   </pm-column>
   <pm-column position='9' dic='0.0' kdic='1.3862943611198906'>
    <a>0.0</a>
    <c>1.0</c>
    <g>0.0</g>
    <t>0.0</t>
   </pm-column>
   <pm-column position='10' dic='0.0' kdic='1.3862943611198906'>
    <a>1.0</a>
    <c>0.0</c>
    <g>0.0</g>
    <t>0.0</t>
   </pm-column>
  </PPM>
  <PWM length='10' words-count='15.9225352112676'>
   <pm-column position='1'>
    <a>-0.651551921126121</a>
    <c>-0.021412866420023036</c>
    <g>-1.9099736550780309</g>
    <t>0.742720115507129</t>
   </pm-column>
   <pm-column position='2'>
    <a>-1.9099736550780309</a>
    <c>-1.9099736550780309</c>
    <g>1.4446106891222912</g>
    <t>-1.9099736550780309</t>
   </pm-column>
   <pm-column position='3'>
    <a>-1.9099736550780309</a>
    <c>1.4446106891222912</c>
    <g>-1.9099736550780309</g>
    <t>-1.9099736550780309</t>
   </pm-column>
   <pm-column position='4'>
    <a>-1.9099736550780309</a>
    <c>-0.12046132170012618</c>
    <g>-1.9099736550780309</g>
    <t>0.9324186740281956</t>
   </pm-column>
   <pm-column position='5'>
    <a>-1.1982058384750782</a>
    <c>-1.9099736550780309</c>
    <g>1.3046451499887095</g>
    <t>-0.9428001589966738</t>
   </pm-column>
   <pm-column position='6'>
    <a>1.038861659591693</a>
    <c>-1.9099736550780309</c>
    <g>-1.9099736550780309</g>
    <t>-0.9428001589966738</t>
   </pm-column>
   <pm-column position='7'>
    <a>-1.9099736550780309</a>
    <c>-0.05335123568608817</c>
    <g>1.2355407674710648</g>
    <t>-1.9099736550780309</t>
   </pm-column>
   <pm-column position='8'>
    <a>-1.9099736550780309</a>
    <c>-1.9099736550780309</c>
    <g>-1.9099736550780309</g>
    <t>1.1208464320022793</t>
   </pm-column>
   <pm-column position='9'>
    <a>-1.9099736550780309</a>
    <c>1.4446106891222912</c>
    <g>-1.9099736550780309</g>
    <t>-1.9099736550780309</t>
   </pm-column>
   <pm-column position='10'>
    <a>1.1208464320022793</a>
    <c>-1.9099736550780309</c>
    <g>-1.9099736550780309</g>
    <t>-1.9099736550780309</t>
   </pm-column>
  </PWM>
 </motif>
</smallbismark>