<?xml version='1.0' encoding='UTF-8'?>
<smallbismark>
 <motif name='NFAT5_HUMAN' id='NFAT5_f1' sample-size='8' sequence-count='8' coverage='1.0' length='15'>
  <comment>HOCOMOCO v9; MAR2012; ChIPMunk v3.1</comment>
  <background>
   <a>0.29182</a>
   <c>0.20818</c>
   <g>0.20818</g>
   <t>0.29182</t>
  </background>
  <consensus>STGGAAAAnYYCMKK</consensus>
  <WPCM words-count='8.0' length='15' dic='-6.15052332180444' kdic='14.64389209499392'>
   <pm-column position='1' dic='-0.7023850573951791' kdic='0.683909303724712'>
    <a>1.04109589041096</a>
    <c>2.246575342465752</c>
    <g>4.547945205479456</g>
    <t>0.164383561643836</t>
   </pm-column>
   <pm-column position='2' dic='-0.5068856268910289' kdic='0.8794087342288617'>
    <a>0.0</a>
    <c>3.068493150684928</c>
    <g>0.0</g>
    <t>4.931506849315072</t>
   </pm-column>
   <pm-column position='3' dic='0.0' kdic='1.3862943611198906'>
    <a>0.0</a>
    <c>0.0</c>
    <g>8.0</g>
    <t>0.0</t>
   </pm-column>
   <pm-column position='4' dic='0.0' kdic='1.3862943611198906'>
    <a>0.0</a>
    <c>0.0</c>
    <g>8.0</g>
    <t>0.0</t>
   </pm-column>
   <pm-column position='5' dic='0.0' kdic='1.3862943611198906'>
    <a>8.0</a>
    <c>0.0</c>
    <g>0.0</g>
    <t>0.0</t>
   </pm-column>
   <pm-column position='6' dic='-0.4380570586281993' kdic='0.9482373024916911'>
    <a>5.808219178082192</a>
    <c>0.0</c>
    <g>2.191780821917808</g>
    <t>0.0</t>
   </pm-column>
   <pm-column position='7' dic='0.0' kdic='1.3862943611198906'>
    <a>8.0</a>
    <c>0.0</c>
    <g>0.0</g>
    <t>0.0</t>
   </pm-column>
   <pm-column position='8' dic='-0.17268273583243632' kdic='1.213611625287454'>
    <a>7.342465753424656</a>
    <c>0.0</c>
    <g>0.6575342465753424</g>
    <t>0.0</t>
   </pm-column>
   <pm-column position='9' dic='-0.9713532211946109' kdic='0.4149411399252798'>
    <a>2.191780821917808</a>
    <c>2.191780821917808</c>
    <g>1.534246575342464</g>
    <t>2.08219178082192</t>
   </pm-column>
   <pm-column position='10' dic='-0.5850971563695426' kdic='0.8011972047503478'>
    <a>0.6575342465753424</a>
    <c>2.191780821917808</c>
    <g>0.0</g>
    <t>5.150684931506848</t>
   </pm-column>
   <pm-column position='11' dic='-0.757627896919544' kdic='0.6286664642003466'>
    <a>1.863013698630136</a>
    <c>3.945205479452056</c>
    <g>0.0</g>
    <t>2.191780821917808</t>
   </pm-column>
   <pm-column position='12' dic='0.0' kdic='1.3862943611198906'>
    <a>0.0</a>
    <c>8.0</c>
    <g>0.0</g>
    <t>0.0</t>
   </pm-column>
   <pm-column position='13' dic='-0.6861079808355408' kdic='0.7001863802843497'>
    <a>3.945205479452056</a>
    <c>3.178082191780824</c>
    <g>0.0</g>
    <t>0.87671232876712</t>
   </pm-column>
   <pm-column position='14' dic='-0.5735081729477207' kdic='0.8127861881721701'>
    <a>0.87671232876712</a>
    <c>0.0</c>
    <g>1.64383561643836</g>
    <t>5.47945205479452</t>
   </pm-column>
   <pm-column position='15' dic='-0.756818414790637' kdic='0.6294759463292543'>
    <a>1.150684931506848</a>
    <c>0.164383561643836</c>
    <g>3.452054794520552</g>
    <t>3.232876712328768</t>
   </pm-column>
  </WPCM>
  <PPM words-count='8.0' length='15' kdic='14.64389209499392' dic='-6.15052332180444'>
   <pm-column position='1' dic='-0.7023850573951791' kdic='0.683909303724712'>
    <a>0.13013698630137</a>
    <c>0.280821917808219</c>
    <g>0.568493150684932</g>
    <t>0.0205479452054795</t>
   </pm-column>
   <pm-column position='2' dic='-0.5068856268910289' kdic='0.8794087342288617'>
    <a>0.0</a>
    <c>0.383561643835616</c>
    <g>0.0</g>
    <t>0.616438356164384</t>
   </pm-column>
   <pm-column position='3' dic='0.0' kdic='1.3862943611198906'>
    <a>0.0</a>
    <c>0.0</c>
    <g>1.0</g>
    <t>0.0</t>
   </pm-column>
   <pm-column position='4' dic='0.0' kdic='1.3862943611198906'>
    <a>0.0</a>
    <c>0.0</c>
    <g>1.0</g>
    <t>0.0</t>
   </pm-column>
   <pm-column position='5' dic='0.0' kdic='1.3862943611198906'>
    <a>1.0</a>
    <c>0.0</c>
    <g>0.0</g>
    <t>0.0</t>
   </pm-column>
   <pm-column position='6' dic='-0.4380570586281993' kdic='0.9482373024916911'>
    <a>0.726027397260274</a>
    <c>0.0</c>
    <g>0.273972602739726</g>
    <t>0.0</t>
   </pm-column>
   <pm-column position='7' dic='0.0' kdic='1.3862943611198906'>
    <a>1.0</a>
    <c>0.0</c>
    <g>0.0</g>
    <t>0.0</t>
   </pm-column>
   <pm-column position='8' dic='-0.17268273583243632' kdic='1.213611625287454'>
    <a>0.917808219178082</a>
    <c>0.0</c>
    <g>0.0821917808219178</g>
    <t>0.0</t>
   </pm-column>
   <pm-column position='9' dic='-0.9713532211946109' kdic='0.4149411399252798'>
    <a>0.273972602739726</a>
    <c>0.273972602739726</c>
    <g>0.191780821917808</g>
    <t>0.26027397260274</t>
   </pm-column>
   <pm-column position='10' dic='-0.5850971563695426' kdic='0.8011972047503478'>
    <a>0.0821917808219178</a>
    <c>0.273972602739726</c>
    <g>0.0</g>
    <t>0.643835616438356</t>
   </pm-column>
   <pm-column position='11' dic='-0.757627896919544' kdic='0.6286664642003466'>
    <a>0.232876712328767</a>
    <c>0.493150684931507</c>
    <g>0.0</g>
    <t>0.273972602739726</t>
   </pm-column>
   <pm-column position='12' dic='0.0' kdic='1.3862943611198906'>
    <a>0.0</a>
    <c>1.0</c>
    <g>0.0</g>
    <t>0.0</t>
   </pm-column>
   <pm-column position='13' dic='-0.6861079808355408' kdic='0.7001863802843497'>
    <a>0.493150684931507</a>
    <c>0.397260273972603</c>
    <g>0.0</g>
    <t>0.10958904109589</t>
   </pm-column>
   <pm-column position='14' dic='-0.5735081729477207' kdic='0.8127861881721701'>
    <a>0.10958904109589</a>
    <c>0.0</c>
    <g>0.205479452054795</g>
    <t>0.684931506849315</t>
   </pm-column>
   <pm-column position='15' dic='-0.756818414790637' kdic='0.6294759463292543'>
    <a>0.143835616438356</a>
    <c>0.0205479452054795</c>
    <g>0.431506849315069</g>
    <t>0.404109589041096</t>
   </pm-column>
  </PPM>
  <PWM length='15' words-count='8.0'>
   <pm-column position='1'>
    <a>-0.5793567960698278</a>
    <c>0.24445610029126671</c>
    <g>0.8644333589916567</g>
    <t>-1.338675896435142</t>
   </pm-column>
   <pm-column position='2'>
    <a>-1.5783984904108685</a>
    <c>0.5119953491702165</c>
    <g>-1.5783984904108688</g>
    <t>0.6328272134094641</t>
   </pm-column>
   <pm-column position='3'>
    <a>-1.5783984904108685</a>
    <c>-1.5783984904108688</c>
    <g>1.3909738506945737</g>
    <t>-1.5783984904108685</t>
   </pm-column>
   <pm-column position='4'>
    <a>-1.5783984904108685</a>
    <c>-1.5783984904108688</c>
    <g>1.3909738506945737</g>
    <t>-1.5783984904108685</t>
   </pm-column>
   <pm-column position='5'>
    <a>1.073690130254358</a>
    <c>-1.5783984904108688</c>
    <g>-1.5783984904108688</g>
    <t>-1.5783984904108685</t>
   </pm-column>
   <pm-column position='6'>
    <a>0.7797800476810268</a>
    <c>-1.5783984904108688</c>
    <g>0.22379444977728746</g>
    <t>-1.5783984904108685</t>
   </pm-column>
   <pm-column position='7'>
    <a>1.073690130254358</a>
    <c>-1.5783984904108688</c>
    <g>-1.5783984904108688</g>
    <t>-1.5783984904108685</t>
   </pm-column>
   <pm-column position='8'>
    <a>0.9942172335761861</a>
    <c>-1.5783984904108688</c>
    <g>-0.6545847034397646</g>
    <t>-1.5783984904108685</t>
   </pm-column>
   <pm-column position='9'>
    <a>-0.04974687053972062</a>
    <c>0.22379444977728746</c>
    <g>-0.06457981092168258</g>
    <t>-0.08969279909283064</t>
   </pm-column>
   <pm-column position='10'>
    <a>-0.8443079523438088</a>
    <c>0.22379444977728746</c>
    <g>-1.5783984904108688</g>
    <t>0.6716390280015205</t>
   </pm-column>
   <pm-column position='11'>
    <a>-0.17471596675981224</a>
    <c>0.7354500674911878</c>
    <g>-1.5783984904108688</g>
    <t>-0.04974687053972062</t>
   </pm-column>
   <pm-column position='12'>
    <a>-1.5783984904108685</a>
    <c>1.3909738506945737</c>
    <g>-1.5783984904108688</g>
    <t>-1.5783984904108685</t>
   </pm-column>
   <pm-column position='13'>
    <a>0.4367067935941705</a>
    <c>0.5428141605774207</c>
    <g>-1.5783984904108688</g>
    <t>-0.6844427030448393</t>
   </pm-column>
   <pm-column position='14'>
    <a>-0.6844427030448393</a>
    <c>-1.5783984904108688</c>
    <g>-0.010366825988125859</g>
    <t>0.7271706361171001</t>
   </pm-column>
   <pm-column position='15'>
    <a>-0.5149727754619192</a>
    <c>-1.2565181711329623</c>
    <g>0.6159455471390232</g>
    <t>0.2665275986904112</t>
   </pm-column>
  </PWM>
 </motif>
</smallbismark>