<?xml version='1.0' encoding='UTF-8'?>
<smallbismark>
 <motif name='NR1H2_HUMAN' id='NR1H2_f1' sample-size='32' sequence-count='24' coverage='0.75' length='19'>
  <comment>HOCOMOCO v9; MAR2012; ChIPMunk v3.1</comment>
  <background>
   <a>0.29182</a>
   <c>0.20818</c>
   <g>0.20818</g>
   <t>0.29182</t>
  </background>
  <consensus>TMRAGGTCAAAGGTCAASK</consensus>
  <WPCM words-count='18.7518522872292' length='19' dic='-4.035265435731181' kdic='22.304327425546738'>
   <pm-column position='1' dic='-0.36177817627867537' kdic='1.024516184841215'>
    <a>0.7813271786345507</a>
    <c>0.7813271786345507</c>
    <g>0.7813271786345507</g>
    <t>16.40787075132555</t>
   </pm-column>
   <pm-column position='2' dic='-0.637038736190783' kdic='0.7492556249291065'>
    <a>13.282562036787345</a>
    <c>3.9066358931727443</c>
    <g>0.0</g>
    <t>1.5626543572690996</t>
   </pm-column>
   <pm-column position='3' dic='-0.637038736190783' kdic='0.7492556249291065'>
    <a>13.282562036787345</a>
    <c>0.0</c>
    <g>3.9066358931727443</g>
    <t>1.5626543572690996</t>
   </pm-column>
   <pm-column position='4' dic='-0.43143206378374443' kdic='0.9548622973361461'>
    <a>14.845216394056457</a>
    <c>0.0</c>
    <g>3.9066358931727443</g>
    <t>0.0</t>
   </pm-column>
   <pm-column position='5' dic='0.0' kdic='1.3862943611198906'>
    <a>0.0</a>
    <c>0.0</c>
    <g>18.7518522872292</g>
    <t>0.0</t>
   </pm-column>
   <pm-column position='6' dic='-0.12238132957033586' kdic='1.2639130315495544'>
    <a>0.0</a>
    <c>0.0</c>
    <g>17.970525108594646</g>
    <t>0.7813271786345507</t>
   </pm-column>
   <pm-column position='7' dic='0.0' kdic='1.3862943611198906'>
    <a>0.0</a>
    <c>0.0</c>
    <g>0.0</g>
    <t>18.7518522872292</t>
   </pm-column>
   <pm-column position='8' dic='0.0' kdic='1.3862943611198906'>
    <a>0.0</a>
    <c>18.7518522872292</c>
    <g>0.0</g>
    <t>0.0</t>
   </pm-column>
   <pm-column position='9' dic='0.0' kdic='1.3862943611198906'>
    <a>18.7518522872292</a>
    <c>0.0</c>
    <g>0.0</g>
    <t>0.0</t>
   </pm-column>
   <pm-column position='10' dic='0.0' kdic='1.3862943611198906'>
    <a>18.7518522872292</a>
    <c>0.0</c>
    <g>0.0</g>
    <t>0.0</t>
   </pm-column>
   <pm-column position='11' dic='0.0' kdic='1.3862943611198906'>
    <a>18.7518522872292</a>
    <c>0.0</c>
    <g>0.0</g>
    <t>0.0</t>
   </pm-column>
   <pm-column position='12' dic='0.0' kdic='1.3862943611198906'>
    <a>0.0</a>
    <c>0.0</c>
    <g>18.7518522872292</g>
    <t>0.0</t>
   </pm-column>
   <pm-column position='13' dic='0.0' kdic='1.3862943611198906'>
    <a>0.0</a>
    <c>0.0</c>
    <g>18.7518522872292</g>
    <t>0.0</t>
   </pm-column>
   <pm-column position='14' dic='0.0' kdic='1.3862943611198906'>
    <a>0.0</a>
    <c>0.0</c>
    <g>0.0</g>
    <t>18.7518522872292</t>
   </pm-column>
   <pm-column position='15' dic='0.0' kdic='1.3862943611198906'>
    <a>0.0</a>
    <c>18.7518522872292</c>
    <g>0.0</g>
    <t>0.0</t>
   </pm-column>
   <pm-column position='16' dic='0.0' kdic='1.3862943611198906'>
    <a>18.7518522872292</a>
    <c>0.0</c>
    <g>0.0</g>
    <t>0.0</t>
   </pm-column>
   <pm-column position='17' dic='-0.44346713350359335' kdic='0.9428272276162967'>
    <a>15.626543572690997</a>
    <c>0.0</c>
    <g>1.5626543572690996</g>
    <t>1.5626543572690996</t>
   </pm-column>
   <pm-column position='18' dic='-0.7478945341939609' kdic='0.6383998269259297'>
    <a>0.0</a>
    <c>11.71990767951825</c>
    <g>4.6879630718073</g>
    <t>2.34398153590365</t>
   </pm-column>
   <pm-column position='19' dic='-0.654234726019305' kdic='0.7320596351005854'>
    <a>0.0</a>
    <c>0.7813271786345507</c>
    <g>11.71990767951825</g>
    <t>6.250617429076394</t>
   </pm-column>
  </WPCM>
  <PPM words-count='18.7518522872292' length='19' kdic='22.304327425546738' dic='-4.035265435731181'>
   <pm-column position='1' dic='-0.36177817627867537' kdic='1.024516184841215'>
    <a>0.0416666666666667</a>
    <c>0.0416666666666667</c>
    <g>0.0416666666666667</g>
    <t>0.875</t>
   </pm-column>
   <pm-column position='2' dic='-0.637038736190783' kdic='0.7492556249291065'>
    <a>0.708333333333333</a>
    <c>0.208333333333333</c>
    <g>0.0</g>
    <t>0.0833333333333333</t>
   </pm-column>
   <pm-column position='3' dic='-0.637038736190783' kdic='0.7492556249291065'>
    <a>0.708333333333333</a>
    <c>0.0</c>
    <g>0.208333333333333</g>
    <t>0.0833333333333333</t>
   </pm-column>
   <pm-column position='4' dic='-0.43143206378374443' kdic='0.9548622973361461'>
    <a>0.791666666666667</a>
    <c>0.0</c>
    <g>0.208333333333333</g>
    <t>0.0</t>
   </pm-column>
   <pm-column position='5' dic='0.0' kdic='1.3862943611198906'>
    <a>0.0</a>
    <c>0.0</c>
    <g>1.0</g>
    <t>0.0</t>
   </pm-column>
   <pm-column position='6' dic='-0.12238132957033586' kdic='1.2639130315495544'>
    <a>0.0</a>
    <c>0.0</c>
    <g>0.958333333333333</g>
    <t>0.0416666666666667</t>
   </pm-column>
   <pm-column position='7' dic='0.0' kdic='1.3862943611198906'>
    <a>0.0</a>
    <c>0.0</c>
    <g>0.0</g>
    <t>1.0</t>
   </pm-column>
   <pm-column position='8' dic='0.0' kdic='1.3862943611198906'>
    <a>0.0</a>
    <c>1.0</c>
    <g>0.0</g>
    <t>0.0</t>
   </pm-column>
   <pm-column position='9' dic='0.0' kdic='1.3862943611198906'>
    <a>1.0</a>
    <c>0.0</c>
    <g>0.0</g>
    <t>0.0</t>
   </pm-column>
   <pm-column position='10' dic='0.0' kdic='1.3862943611198906'>
    <a>1.0</a>
    <c>0.0</c>
    <g>0.0</g>
    <t>0.0</t>
   </pm-column>
   <pm-column position='11' dic='0.0' kdic='1.3862943611198906'>
    <a>1.0</a>
    <c>0.0</c>
    <g>0.0</g>
    <t>0.0</t>
   </pm-column>
   <pm-column position='12' dic='0.0' kdic='1.3862943611198906'>
    <a>0.0</a>
    <c>0.0</c>
    <g>1.0</g>
    <t>0.0</t>
   </pm-column>
   <pm-column position='13' dic='0.0' kdic='1.3862943611198906'>
    <a>0.0</a>
    <c>0.0</c>
    <g>1.0</g>
    <t>0.0</t>
   </pm-column>
   <pm-column position='14' dic='0.0' kdic='1.3862943611198906'>
    <a>0.0</a>
    <c>0.0</c>
    <g>0.0</g>
    <t>1.0</t>
   </pm-column>
   <pm-column position='15' dic='0.0' kdic='1.3862943611198906'>
    <a>0.0</a>
    <c>1.0</c>
    <g>0.0</g>
    <t>0.0</t>
   </pm-column>
   <pm-column position='16' dic='0.0' kdic='1.3862943611198906'>
    <a>1.0</a>
    <c>0.0</c>
    <g>0.0</g>
    <t>0.0</t>
   </pm-column>
   <pm-column position='17' dic='-0.44346713350359335' kdic='0.9428272276162967'>
    <a>0.833333333333333</a>
    <c>0.0</c>
    <g>0.0833333333333333</g>
    <t>0.0833333333333333</t>
   </pm-column>
   <pm-column position='18' dic='-0.7478945341939609' kdic='0.6383998269259297'>
    <a>0.0</a>
    <c>0.625</c>
    <g>0.25</g>
    <t>0.125</t>
   </pm-column>
   <pm-column position='19' dic='-0.654234726019305' kdic='0.7320596351005854'>
    <a>0.0</a>
    <c>0.0416666666666667</c>
    <g>0.625</g>
    <t>0.333333333333333</t>
   </pm-column>
  </PPM>
  <PWM length='19' words-count='18.7518522872292'>
   <pm-column position='1'>
    <a>-1.3522049800137745</a>
    <c>-1.1767674023014152</c>
    <g>-1.1767674023014152</g>
    <t>1.0036796125911152</t>
   </pm-column>
   <pm-column position='2'>
    <a>0.8039619210347861</a>
    <c>0.0006176391308106305</c>
    <g>-2.0010917580954053</g>
    <t>-0.9619396407738566</t>
   </pm-column>
   <pm-column position='3'>
    <a>0.8039619210347861</a>
    <c>-2.0010917580954053</c>
    <g>0.0006176391308106305</g>
    <t>-0.9619396407738566</t>
   </pm-column>
   <pm-column position='4'>
    <a>0.9087983969397623</a>
    <c>-2.0010917580954053</c>
    <g>0.0006176391308106305</g>
    <t>-2.0010917580954053</t>
   </pm-column>
   <pm-column position='5'>
    <a>-2.0010917580954053</a>
    <c>-2.0010917580954053</c>
    <g>1.4561125135155262</g>
    <t>-2.0010917580954053</t>
   </pm-column>
   <pm-column position='6'>
    <a>-2.0010917580954053</a>
    <c>-2.0010917580954053</c>
    <g>1.414922298173841</g>
    <t>-1.3522049800137745</t>
   </pm-column>
   <pm-column position='7'>
    <a>-2.0010917580954053</a>
    <c>-2.0010917580954053</c>
    <g>-2.0010917580954053</g>
    <t>1.1309979841057642</t>
   </pm-column>
   <pm-column position='8'>
    <a>-2.0010917580954053</a>
    <c>1.4561125135155262</c>
    <g>-2.0010917580954053</g>
    <t>-2.0010917580954053</t>
   </pm-column>
   <pm-column position='9'>
    <a>1.1309979841057642</a>
    <c>-2.0010917580954053</c>
    <g>-2.0010917580954053</g>
    <t>-2.0010917580954053</t>
   </pm-column>
   <pm-column position='10'>
    <a>1.1309979841057642</a>
    <c>-2.0010917580954053</c>
    <g>-2.0010917580954053</g>
    <t>-2.0010917580954053</t>
   </pm-column>
   <pm-column position='11'>
    <a>1.1309979841057642</a>
    <c>-2.0010917580954053</c>
    <g>-2.0010917580954053</g>
    <t>-2.0010917580954053</t>
   </pm-column>
   <pm-column position='12'>
    <a>-2.0010917580954053</a>
    <c>-2.0010917580954053</c>
    <g>1.4561125135155262</g>
    <t>-2.0010917580954053</t>
   </pm-column>
   <pm-column position='13'>
    <a>-2.0010917580954053</a>
    <c>-2.0010917580954053</c>
    <g>1.4561125135155262</g>
    <t>-2.0010917580954053</t>
   </pm-column>
   <pm-column position='14'>
    <a>-2.0010917580954053</a>
    <c>-2.0010917580954053</c>
    <g>-2.0010917580954053</g>
    <t>1.1309979841057642</t>
   </pm-column>
   <pm-column position='15'>
    <a>-2.0010917580954053</a>
    <c>1.4561125135155262</c>
    <g>-2.0010917580954053</g>
    <t>-2.0010917580954053</t>
   </pm-column>
   <pm-column position='16'>
    <a>1.1309979841057642</a>
    <c>-2.0010917580954053</c>
    <g>-2.0010917580954053</g>
    <t>-2.0010917580954053</t>
   </pm-column>
   <pm-column position='17'>
    <a>0.957363888549774</a>
    <c>-2.0010917580954053</c>
    <g>-0.7311404749468724</g>
    <t>-0.9619396407738566</t>
   </pm-column>
   <pm-column position='18'>
    <a>-2.0010917580954053</a>
    <c>1.0048429530409309</c>
    <g>0.1601644526183036</g>
    <t>-0.6819449773099033</t>
   </pm-column>
   <pm-column position='19'>
    <a>-2.0010917580954053</a>
    <c>-1.1767674023014152</c>
    <g>1.0048429530409309</g>
    <t>0.11604008921000465</t>
   </pm-column>
  </PWM>
 </motif>
</smallbismark>