<?xml version='1.0' encoding='UTF-8'?>
<smallbismark>
 <motif name='NR4A3_HUMAN' id='NR4A3_f1' sample-size='5' sequence-count='5' coverage='1.0' length='10'>
  <comment>HOCOMOCO v9; MAR2012; ChIPMunk v3.1</comment>
  <background>
   <a>0.29182</a>
   <c>0.20818</c>
   <g>0.20818</g>
   <t>0.29182</t>
  </background>
  <consensus>CAAAGGTCAS</consensus>
  <WPCM words-count='5.0' length='10' dic='-1.4180812746518208' kdic='12.444862336547086'>
   <pm-column position='1' dic='-0.4135547420977964' kdic='0.972739619022094'>
    <a>1.04281815163035</a>
    <c>3.6753391046857695</c>
    <g>0.14092137184193948</g>
    <t>0.14092137184193948</t>
   </pm-column>
   <pm-column position='2' dic='-0.2921250964596034' kdic='1.0941692646602872'>
    <a>4.09810322021159</a>
    <c>0.9018967797884101</c>
    <g>0.0</g>
    <t>0.0</t>
   </pm-column>
   <pm-column position='3' dic='0.0' kdic='1.3862943611198906'>
    <a>5.0</a>
    <c>0.0</c>
    <g>0.0</g>
    <t>0.0</t>
   </pm-column>
   <pm-column position='4' dic='0.0' kdic='1.3862943611198906'>
    <a>5.0</a>
    <c>0.0</c>
    <g>0.0</g>
    <t>0.0</t>
   </pm-column>
   <pm-column position='5' dic='0.0' kdic='1.3862943611198906'>
    <a>0.0</a>
    <c>0.0</c>
    <g>5.0</g>
    <t>0.0</t>
   </pm-column>
   <pm-column position='6' dic='0.0' kdic='1.3862943611198906'>
    <a>0.0</a>
    <c>0.0</c>
    <g>5.0</g>
    <t>0.0</t>
   </pm-column>
   <pm-column position='7' dic='0.0' kdic='1.3862943611198906'>
    <a>0.0</a>
    <c>0.0</c>
    <g>0.0</g>
    <t>5.0</t>
   </pm-column>
   <pm-column position='8' dic='-0.1863750121985282' kdic='1.1999193489213624'>
    <a>0.0</a>
    <c>4.436314512632245</c>
    <g>0.563685487367755</g>
    <t>0.0</t>
   </pm-column>
   <pm-column position='9' dic='0.0' kdic='1.3862943611198906'>
    <a>5.0</a>
    <c>0.0</c>
    <g>0.0</g>
    <t>0.0</t>
   </pm-column>
   <pm-column position='10' dic='-0.5260264238958927' kdic='0.8602679372239977'>
    <a>0.14092137184193948</a>
    <c>1.9447149314187602</c>
    <g>2.77344232489736</g>
    <t>0.14092137184193948</t>
   </pm-column>
  </WPCM>
  <PPM words-count='5.0' length='10' kdic='12.444862336547086' dic='-1.4180812746518208'>
   <pm-column position='1' dic='-0.4135547420977964' kdic='0.972739619022094'>
    <a>0.20856363032607</a>
    <c>0.735067820937154</c>
    <g>0.0281842743683879</g>
    <t>0.0281842743683879</t>
   </pm-column>
   <pm-column position='2' dic='-0.2921250964596034' kdic='1.0941692646602872'>
    <a>0.819620644042318</a>
    <c>0.180379355957682</c>
    <g>0.0</g>
    <t>0.0</t>
   </pm-column>
   <pm-column position='3' dic='0.0' kdic='1.3862943611198906'>
    <a>1.0</a>
    <c>0.0</c>
    <g>0.0</g>
    <t>0.0</t>
   </pm-column>
   <pm-column position='4' dic='0.0' kdic='1.3862943611198906'>
    <a>1.0</a>
    <c>0.0</c>
    <g>0.0</g>
    <t>0.0</t>
   </pm-column>
   <pm-column position='5' dic='0.0' kdic='1.3862943611198906'>
    <a>0.0</a>
    <c>0.0</c>
    <g>1.0</g>
    <t>0.0</t>
   </pm-column>
   <pm-column position='6' dic='0.0' kdic='1.3862943611198906'>
    <a>0.0</a>
    <c>0.0</c>
    <g>1.0</g>
    <t>0.0</t>
   </pm-column>
   <pm-column position='7' dic='0.0' kdic='1.3862943611198906'>
    <a>0.0</a>
    <c>0.0</c>
    <g>0.0</g>
    <t>1.0</t>
   </pm-column>
   <pm-column position='8' dic='-0.1863750121985282' kdic='1.1999193489213624'>
    <a>0.0</a>
    <c>0.887262902526449</c>
    <g>0.112737097473551</g>
    <t>0.0</t>
   </pm-column>
   <pm-column position='9' dic='0.0' kdic='1.3862943611198906'>
    <a>1.0</a>
    <c>0.0</c>
    <g>0.0</g>
    <t>0.0</t>
   </pm-column>
   <pm-column position='10' dic='-0.5260264238958927' kdic='0.8602679372239977'>
    <a>0.0281842743683879</a>
    <c>0.388942986283752</c>
    <g>0.554688464979472</g>
    <t>0.0281842743683879</t>
   </pm-column>
  </PPM>
  <PWM length='10' words-count='5.0'>
   <pm-column position='1'>
    <a>-0.24311608445362937</a>
    <c>1.0697222700620677</c>
    <g>-1.061544692881544</g>
    <t>-1.1502104670013023</t>
   </pm-column>
   <pm-column position='2'>
    <a>0.8621586343327228</a>
    <c>-0.10651423136963653</c>
    <g>-1.4126136189803458</g>
    <t>-1.4126136189803455</t>
   </pm-column>
   <pm-column position='3'>
    <a>1.042351499776889</a>
    <c>-1.4126136189803458</c>
    <g>-1.4126136189803458</g>
    <t>-1.4126136189803455</t>
   </pm-column>
   <pm-column position='4'>
    <a>1.042351499776889</a>
    <c>-1.4126136189803458</c>
    <g>-1.4126136189803458</g>
    <t>-1.4126136189803455</t>
   </pm-column>
   <pm-column position='5'>
    <a>-1.4126136189803455</a>
    <c>-1.4126136189803458</c>
    <g>1.3551316254453551</g>
    <t>-1.4126136189803455</t>
   </pm-column>
   <pm-column position='6'>
    <a>-1.4126136189803455</a>
    <c>-1.4126136189803458</c>
    <g>1.3551316254453551</g>
    <t>-1.4126136189803455</t>
   </pm-column>
   <pm-column position='7'>
    <a>-1.4126136189803455</a>
    <c>-1.4126136189803458</c>
    <g>-1.4126136189803458</g>
    <t>1.042351499776889</t>
   </pm-column>
   <pm-column position='8'>
    <a>-1.4126136189803455</a>
    <c>1.2434659197630307</c>
    <g>-0.42592371627036435</g>
    <t>-1.4126136189803455</t>
   </pm-column>
   <pm-column position='9'>
    <a>1.042351499776889</a>
    <c>-1.4126136189803458</c>
    <g>-1.4126136189803458</g>
    <t>-1.4126136189803455</t>
   </pm-column>
   <pm-column position='10'>
    <a>-1.1502104670013023</a>
    <c>0.504908267060172</c>
    <g>0.814972563094601</g>
    <t>-1.1502104670013023</t>
   </pm-column>
  </PWM>
 </motif>
</smallbismark>