<?xml version='1.0' encoding='UTF-8'?>
<smallbismark>
 <motif name='NR6A1_HUMAN' id='NR6A1_do' sample-size='50' sequence-count='50' coverage='1.0' length='13'>
  <comment>HOCOMOCO v9; MAR2012; ChIPMunk v3.1</comment>
  <background>
   <a>0.29182</a>
   <c>0.20818</c>
   <g>0.20818</g>
   <t>0.29182</t>
  </background>
  <consensus>RAGKTCAAGKTCA</consensus>
  <WPCM words-count='50.0' length='13' dic='-5.046999692702132' kdic='12.97482700185644'>
   <pm-column position='1' dic='-0.6793454006659383' kdic='0.7069489604539525'>
    <a>38.69444444444445</a>
    <c>3.472222222222225</c>
    <g>5.3611111111111</g>
    <t>2.472222222222225</t>
   </pm-column>
   <pm-column position='2' dic='-0.23350088628893276' kdic='1.1527934748309578'>
    <a>47.0</a>
    <c>1.0</c>
    <g>1.0</g>
    <t>1.0</t>
   </pm-column>
   <pm-column position='3' dic='-0.2271974271934579' kdic='1.159096933926433'>
    <a>2.0</a>
    <c>0.0</c>
    <g>46.8888888888889</g>
    <t>1.1111111111111098</t>
   </pm-column>
   <pm-column position='4' dic='-0.7437539323357385' kdic='0.642540428784152'>
    <a>0.0</a>
    <c>2.0</c>
    <g>19.0</g>
    <t>28.999999999999996</t>
   </pm-column>
   <pm-column position='5' dic='-0.07824046010856307' kdic='1.3080539010113277'>
    <a>0.0</a>
    <c>1.0</c>
    <g>0.0</g>
    <t>49.0</t>
   </pm-column>
   <pm-column position='6' dic='-0.07824046010856307' kdic='1.3080539010113277'>
    <a>1.0</a>
    <c>49.0</c>
    <g>0.0</g>
    <t>0.0</t>
   </pm-column>
   <pm-column position='7' dic='-0.07824046010856307' kdic='1.3080539010113277'>
    <a>49.0</a>
    <c>1.0</c>
    <g>0.0</g>
    <t>0.0</t>
   </pm-column>
   <pm-column position='8' dic='-0.42544485082933475' kdic='0.9608495102905547'>
    <a>43.77777777777775</a>
    <c>2.1111111111111103</c>
    <g>1.0</g>
    <t>3.11111111111111</t>
   </pm-column>
   <pm-column position='9' dic='-0.3336710096207486' kdic='1.0526233514991412'>
    <a>0.0</a>
    <c>1.0</c>
    <g>44.77777777777775</g>
    <t>4.222222222222225</t>
   </pm-column>
   <pm-column position='10' dic='-0.6895929283148672' kdic='0.6967014328050233'>
    <a>1.0</a>
    <c>0.0</c>
    <g>30.0</g>
    <t>19.0</t>
   </pm-column>
   <pm-column position='11' dic='-0.556316737585233' kdic='0.8299776235346564'>
    <a>2.0</a>
    <c>4.77777777777778</c>
    <g>2.0</g>
    <t>41.2222222222222</t>
   </pm-column>
   <pm-column position='12' dic='-0.4355633528021548' kdic='0.9507310083177362'>
    <a>2.1111111111111103</a>
    <c>42.8888888888889</c>
    <g>0.0</g>
    <t>5.0</t>
   </pm-column>
   <pm-column position='13' dic='-0.4878917867400381' kdic='0.8984025743798515'>
    <a>42.77777777777775</a>
    <c>2.1111111111111103</c>
    <g>2.1111111111111103</g>
    <t>3.0</t>
   </pm-column>
  </WPCM>
  <PPM words-count='50.0' length='13' kdic='12.97482700185644' dic='-5.046999692702132'>
   <pm-column position='1' dic='-0.6793454006659383' kdic='0.7069489604539525'>
    <a>0.773888888888889</a>
    <c>0.0694444444444445</c>
    <g>0.107222222222222</g>
    <t>0.0494444444444445</t>
   </pm-column>
   <pm-column position='2' dic='-0.23350088628893276' kdic='1.1527934748309578'>
    <a>0.94</a>
    <c>0.02</c>
    <g>0.02</g>
    <t>0.02</t>
   </pm-column>
   <pm-column position='3' dic='-0.2271974271934579' kdic='1.159096933926433'>
    <a>0.04</a>
    <c>0.0</c>
    <g>0.937777777777778</g>
    <t>0.0222222222222222</t>
   </pm-column>
   <pm-column position='4' dic='-0.7437539323357385' kdic='0.642540428784152'>
    <a>0.0</a>
    <c>0.04</c>
    <g>0.38</g>
    <t>0.58</t>
   </pm-column>
   <pm-column position='5' dic='-0.07824046010856307' kdic='1.3080539010113277'>
    <a>0.0</a>
    <c>0.02</c>
    <g>0.0</g>
    <t>0.98</t>
   </pm-column>
   <pm-column position='6' dic='-0.07824046010856307' kdic='1.3080539010113277'>
    <a>0.02</a>
    <c>0.98</c>
    <g>0.0</g>
    <t>0.0</t>
   </pm-column>
   <pm-column position='7' dic='-0.07824046010856307' kdic='1.3080539010113277'>
    <a>0.98</a>
    <c>0.02</c>
    <g>0.0</g>
    <t>0.0</t>
   </pm-column>
   <pm-column position='8' dic='-0.42544485082933475' kdic='0.9608495102905547'>
    <a>0.875555555555555</a>
    <c>0.0422222222222222</c>
    <g>0.02</g>
    <t>0.0622222222222222</t>
   </pm-column>
   <pm-column position='9' dic='-0.3336710096207486' kdic='1.0526233514991412'>
    <a>0.0</a>
    <c>0.02</c>
    <g>0.895555555555555</g>
    <t>0.0844444444444445</t>
   </pm-column>
   <pm-column position='10' dic='-0.6895929283148672' kdic='0.6967014328050233'>
    <a>0.02</a>
    <c>0.0</c>
    <g>0.6</g>
    <t>0.38</t>
   </pm-column>
   <pm-column position='11' dic='-0.556316737585233' kdic='0.8299776235346564'>
    <a>0.04</a>
    <c>0.0955555555555556</c>
    <g>0.04</g>
    <t>0.824444444444444</t>
   </pm-column>
   <pm-column position='12' dic='-0.4355633528021548' kdic='0.9507310083177362'>
    <a>0.0422222222222222</a>
    <c>0.857777777777778</c>
    <g>0.0</g>
    <t>0.1</t>
   </pm-column>
   <pm-column position='13' dic='-0.4878917867400381' kdic='0.8984025743798515'>
    <a>0.855555555555555</a>
    <c>0.0422222222222222</c>
    <g>0.0422222222222222</g>
    <t>0.06</t>
   </pm-column>
  </PPM>
  <PWM length='13' words-count='50.0'>
   <pm-column position='1'>
    <a>0.9290522230266068</a>
    <c>-0.9625190237726103</c>
    <g>-0.5974280740665029</g>
    <t>-1.4709568023762405</t>
   </pm-column>
   <pm-column position='2'>
    <a>1.1184267990952883</a>
    <c>-1.8222559526906175</c>
    <g>-1.8222559526906175</g>
    <t>-1.9941717684673403</t>
   </pm-column>
   <pm-column position='3'>
    <a>-1.6109910542572414</a>
    <c>-2.623298881477225</c>
    <g>1.4469773839694184</g>
    <t>-1.9435902886483925</t>
   </pm-column>
   <pm-column position='4'>
    <a>-2.623298881477225</a>
    <c>-1.383266188775761</c>
    <g>0.5683866625826549</g>
    <t>0.6501862661453398</t>
   </pm-column>
   <pm-column position='5'>
    <a>-2.623298881477225</a>
    <c>-1.8222559526906175</c>
    <g>-2.623298881477225</g>
    <t>1.1591311432640858</t>
   </pm-column>
   <pm-column position='6'>
    <a>-1.9941717684673403</a>
    <c>1.4902811174598163</c>
    <g>-2.623298881477225</g>
    <t>-2.623298881477225</t>
   </pm-column>
   <pm-column position='7'>
    <a>1.1591311432640858</a>
    <c>-1.8222559526906175</c>
    <g>-2.623298881477225</g>
    <t>-2.623298881477225</t>
   </pm-column>
   <pm-column position='8'>
    <a>1.0491493918129713</a>
    <c>-1.3445463893783738</c>
    <g>-1.8222559526906175</g>
    <t>-1.3081656375049053</t>
   </pm-column>
   <pm-column position='9'>
    <a>-2.623298881477225</a>
    <c>-1.8222559526906175</c>
    <g>1.4017132231322211</g>
    <t>-1.0760449452925769</t>
   </pm-column>
   <pm-column position='10'>
    <a>-1.9941717684673403</a>
    <c>-2.623298881477225</c>
    <g>1.009959416002633</g>
    <t>0.2470671280358169</t>
   </pm-column>
   <pm-column position='11'>
    <a>-1.6109910542572414</a>
    <c>-0.6966505404621656</c>
    <g>-1.383266188775761</g>
    <t>0.9905748469735073</t>
   </pm-column>
   <pm-column position='12'>
    <a>-1.5762343173087119</a>
    <c>1.359400442939696</c>
    <g>-2.623298881477225</g>
    <t>-0.9406362023226545</t>
   </pm-column>
   <pm-column position='13'>
    <a>1.026635737944513</a>
    <c>-1.3445463893783738</c>
    <g>-1.3445463893783738</g>
    <t>-1.3346402112431437</t>
   </pm-column>
  </PWM>
 </motif>
</smallbismark>