<?xml version='1.0' encoding='UTF-8'?>
<smallbismark>
 <motif name='OTX1_HUMAN' id='OTX1_f1' sample-size='8' sequence-count='8' coverage='1.0' length='8'>
  <comment>HOCOMOCO v9; MAR2012; ChIPMunk v3.1</comment>
  <background>
   <a>0.29182</a>
   <c>0.20818</c>
   <g>0.20818</g>
   <t>0.29182</t>
  </background>
  <consensus>nGGATTAn</consensus>
  <WPCM words-count='8.0' length='8' dic='-2.76763226065708' kdic='8.32272262830205'>
   <pm-column position='1' dic='-0.8981840677138637' kdic='0.48811029340602813'>
    <a>3.655172413793104</a>
    <c>1.448275862068968</c>
    <g>1.448275862068968</g>
    <t>1.448275862068968</t>
   </pm-column>
   <pm-column position='2' dic='-0.5042732594373894' kdic='0.882021101682501'>
    <a>1.241379310344824</a>
    <c>0.0</c>
    <g>5.931034482758624</g>
    <t>0.827586206896552</t>
   </pm-column>
   <pm-column position='3' dic='0.0' kdic='1.3862943611198906'>
    <a>0.0</a>
    <c>0.0</c>
    <g>8.0</g>
    <t>0.0</t>
   </pm-column>
   <pm-column position='4' dic='-0.4775899228881413' kdic='0.9087044382317493'>
    <a>5.379310344827584</a>
    <c>2.620689655172416</c>
    <g>0.0</g>
    <t>0.0</t>
   </pm-column>
   <pm-column position='5' dic='0.0' kdic='1.3862943611198906'>
    <a>0.0</a>
    <c>0.0</c>
    <g>0.0</g>
    <t>8.0</t>
   </pm-column>
   <pm-column position='6' dic='0.0' kdic='1.3862943611198906'>
    <a>0.0</a>
    <c>0.0</c>
    <g>0.0</g>
    <t>8.0</t>
   </pm-column>
   <pm-column position='7' dic='0.0' kdic='1.3862943611198906'>
    <a>8.0</a>
    <c>0.0</c>
    <g>0.0</g>
    <t>0.0</t>
   </pm-column>
   <pm-column position='8' dic='-0.8875850106176854' kdic='0.49870935050220616'>
    <a>2.27586206896552</a>
    <c>2.27586206896552</c>
    <g>2.827586206896552</g>
    <t>0.6206896551724136</t>
   </pm-column>
  </WPCM>
  <PPM words-count='8.0' length='8' kdic='8.32272262830205' dic='-2.76763226065708'>
   <pm-column position='1' dic='-0.8981840677138637' kdic='0.48811029340602813'>
    <a>0.456896551724138</a>
    <c>0.181034482758621</c>
    <g>0.181034482758621</g>
    <t>0.181034482758621</t>
   </pm-column>
   <pm-column position='2' dic='-0.5042732594373894' kdic='0.882021101682501'>
    <a>0.155172413793103</a>
    <c>0.0</c>
    <g>0.741379310344828</g>
    <t>0.103448275862069</t>
   </pm-column>
   <pm-column position='3' dic='0.0' kdic='1.3862943611198906'>
    <a>0.0</a>
    <c>0.0</c>
    <g>1.0</g>
    <t>0.0</t>
   </pm-column>
   <pm-column position='4' dic='-0.4775899228881413' kdic='0.9087044382317493'>
    <a>0.672413793103448</a>
    <c>0.327586206896552</c>
    <g>0.0</g>
    <t>0.0</t>
   </pm-column>
   <pm-column position='5' dic='0.0' kdic='1.3862943611198906'>
    <a>0.0</a>
    <c>0.0</c>
    <g>0.0</g>
    <t>1.0</t>
   </pm-column>
   <pm-column position='6' dic='0.0' kdic='1.3862943611198906'>
    <a>0.0</a>
    <c>0.0</c>
    <g>0.0</g>
    <t>1.0</t>
   </pm-column>
   <pm-column position='7' dic='0.0' kdic='1.3862943611198906'>
    <a>1.0</a>
    <c>0.0</c>
    <g>0.0</g>
    <t>0.0</t>
   </pm-column>
   <pm-column position='8' dic='-0.8875850106176854' kdic='0.49870935050220616'>
    <a>0.28448275862069</a>
    <c>0.28448275862069</c>
    <g>0.353448275862069</g>
    <t>0.0775862068965517</t>
   </pm-column>
  </PPM>
  <PWM length='8' words-count='8.0'>
   <pm-column position='1'>
    <a>0.3708711492705878</a>
    <c>-0.10926664566186461</c>
    <g>-0.10926664566186461</g>
    <t>-0.3585448589493024</t>
   </pm-column>
   <pm-column position='2'>
    <a>-0.4646559129374511</a>
    <c>-1.5783984904108688</c>
    <g>1.1094802412085825</g>
    <t>-0.7181178456124226</t>
   </pm-column>
   <pm-column position='3'>
    <a>-1.5783984904108685</a>
    <c>-1.5783984904108688</c>
    <g>1.3909738506945737</g>
    <t>-1.5783984904108685</t>
   </pm-column>
   <pm-column position='4'>
    <a>0.7105800489542715</a>
    <c>0.3751525746238387</c>
    <g>-1.5783984904108688</g>
    <t>-1.5783984904108685</t>
   </pm-column>
   <pm-column position='5'>
    <a>-1.5783984904108685</a>
    <c>-1.5783984904108688</c>
    <g>-1.5783984904108688</g>
    <t>1.073690130254358</t>
   </pm-column>
   <pm-column position='6'>
    <a>-1.5783984904108685</a>
    <c>-1.5783984904108688</c>
    <g>-1.5783984904108688</g>
    <t>1.073690130254358</t>
   </pm-column>
   <pm-column position='7'>
    <a>1.073690130254358</a>
    <c>-1.5783984904108688</c>
    <g>-1.5783984904108688</g>
    <t>-1.5783984904108685</t>
   </pm-column>
   <pm-column position='8'>
    <a>-0.0201452492705786</a>
    <c>0.2553267909478053</c>
    <g>0.4407109070919488</g>
    <t>-0.8738821856391442</t>
   </pm-column>
  </PWM>
 </motif>
</smallbismark>