<?xml version='1.0' encoding='UTF-8'?>
<smallbismark>
 <motif name='PLAG1_HUMAN' id='PLAG1_si' sample-size='25' sequence-count='25' coverage='1.0' length='13'>
  <comment>HOCOMOCO v9; MAR2012; ChIPMunk v3.1</comment>
  <background>
   <a>0.29182</a>
   <c>0.20818</c>
   <g>0.20818</g>
   <t>0.29182</t>
  </background>
  <consensus>RvdRGGGGSnnbv</consensus>
  <WPCM words-count='25.0' length='13' dic='-9.426765875894887' kdic='8.595060818663693'>
   <pm-column position='1' dic='-0.7607157139777178' kdic='0.6255786471421727'>
    <a>17.0</a>
    <c>1.0</c>
    <g>5.0</g>
    <t>2.0</t>
   </pm-column>
   <pm-column position='2' dic='-0.9881495049388466' kdic='0.3981448561810441'>
    <a>7.000000000000001</a>
    <c>5.0</c>
    <g>12.0</g>
    <t>1.0</t>
   </pm-column>
   <pm-column position='3' dic='-1.0428805391635347' kdic='0.34341382195635567'>
    <a>9.0</a>
    <c>1.0</c>
    <g>8.0</g>
    <t>7.000000000000001</t>
   </pm-column>
   <pm-column position='4' dic='-0.7584293774264114' kdic='0.6278649836934791'>
    <a>6.0</a>
    <c>0.0</c>
    <g>16.0</g>
    <t>3.0</t>
   </pm-column>
   <pm-column position='5' dic='-0.5712677760395911' kdic='0.8150265850802996'>
    <a>2.0</a>
    <c>2.0</c>
    <g>20.0</g>
    <t>1.0</t>
   </pm-column>
   <pm-column position='6' dic='-0.3778164997662239' kdic='1.0084778613536667'>
    <a>4.0</a>
    <c>0.0</c>
    <g>21.0</g>
    <t>0.0</t>
   </pm-column>
   <pm-column position='7' dic='0.0' kdic='1.3862943611198906'>
    <a>0.0</a>
    <c>0.0</c>
    <g>25.0</g>
    <t>0.0</t>
   </pm-column>
   <pm-column position='8' dic='0.0' kdic='1.3862943611198906'>
    <a>0.0</a>
    <c>0.0</c>
    <g>25.0</g>
    <t>0.0</t>
   </pm-column>
   <pm-column position='9' dic='-0.7083188586866521' kdic='0.6779755024332386'>
    <a>1.0</a>
    <c>14.000000000000002</c>
    <g>10.0</g>
    <t>0.0</t>
   </pm-column>
   <pm-column position='10' dic='-1.0328279620322984' kdic='0.35346639908759186'>
    <a>6.0</a>
    <c>9.0</c>
    <g>1.0</g>
    <t>9.0</t>
   </pm-column>
   <pm-column position='11' dic='-1.0339547971109664' kdic='0.35233956400892424'>
    <a>1.0</a>
    <c>10.0</c>
    <g>7.000000000000001</g>
    <t>7.000000000000001</t>
   </pm-column>
   <pm-column position='12' dic='-1.0937117981234008' kdic='0.2925825629964897'>
    <a>3.0</a>
    <c>6.0</c>
    <g>5.0</g>
    <t>11.0</t>
   </pm-column>
   <pm-column position='13' dic='-1.0586930486292423' kdic='0.3276013124906481'>
    <a>12.0</a>
    <c>6.0</c>
    <g>4.0</g>
    <t>3.0</t>
   </pm-column>
  </WPCM>
  <PPM words-count='25.0' length='13' kdic='8.595060818663693' dic='-9.426765875894887'>
   <pm-column position='1' dic='-0.7607157139777178' kdic='0.6255786471421727'>
    <a>0.68</a>
    <c>0.04</c>
    <g>0.2</g>
    <t>0.08</t>
   </pm-column>
   <pm-column position='2' dic='-0.9881495049388466' kdic='0.3981448561810441'>
    <a>0.28</a>
    <c>0.2</c>
    <g>0.48</g>
    <t>0.04</t>
   </pm-column>
   <pm-column position='3' dic='-1.0428805391635347' kdic='0.34341382195635567'>
    <a>0.36</a>
    <c>0.04</c>
    <g>0.32</g>
    <t>0.28</t>
   </pm-column>
   <pm-column position='4' dic='-0.7584293774264114' kdic='0.6278649836934791'>
    <a>0.24</a>
    <c>0.0</c>
    <g>0.64</g>
    <t>0.12</t>
   </pm-column>
   <pm-column position='5' dic='-0.5712677760395911' kdic='0.8150265850802996'>
    <a>0.08</a>
    <c>0.08</c>
    <g>0.8</g>
    <t>0.04</t>
   </pm-column>
   <pm-column position='6' dic='-0.3778164997662239' kdic='1.0084778613536667'>
    <a>0.16</a>
    <c>0.0</c>
    <g>0.84</g>
    <t>0.0</t>
   </pm-column>
   <pm-column position='7' dic='0.0' kdic='1.3862943611198906'>
    <a>0.0</a>
    <c>0.0</c>
    <g>1.0</g>
    <t>0.0</t>
   </pm-column>
   <pm-column position='8' dic='0.0' kdic='1.3862943611198906'>
    <a>0.0</a>
    <c>0.0</c>
    <g>1.0</g>
    <t>0.0</t>
   </pm-column>
   <pm-column position='9' dic='-0.7083188586866521' kdic='0.6779755024332386'>
    <a>0.04</a>
    <c>0.56</c>
    <g>0.4</g>
    <t>0.0</t>
   </pm-column>
   <pm-column position='10' dic='-1.0328279620322984' kdic='0.35346639908759186'>
    <a>0.24</a>
    <c>0.36</c>
    <g>0.04</g>
    <t>0.36</t>
   </pm-column>
   <pm-column position='11' dic='-1.0339547971109664' kdic='0.35233956400892424'>
    <a>0.04</a>
    <c>0.4</c>
    <g>0.28</g>
    <t>0.28</t>
   </pm-column>
   <pm-column position='12' dic='-1.0937117981234008' kdic='0.2925825629964897'>
    <a>0.12</a>
    <c>0.24</c>
    <g>0.2</g>
    <t>0.44</t>
   </pm-column>
   <pm-column position='13' dic='-1.0586930486292423' kdic='0.3276013124906481'>
    <a>0.48</a>
    <c>0.24</c>
    <g>0.16</g>
    <t>0.12</t>
   </pm-column>
  </PPM>
  <PWM length='13' words-count='25.0'>
   <pm-column position='1'>
    <a>0.7786375874488778</a>
    <c>-1.2577653238287598</c>
    <g>-0.03545068717077718</g>
    <t>-1.0301798070604675</t>
   </pm-column>
   <pm-column position='2'>
    <a>-0.036529909020657815</a>
    <c>-0.03545068717077718</c>
    <g>0.7685854587695456</g>
    <t>-1.446021107619112</t>
   </pm-column>
   <pm-column position='3'>
    <a>0.18814113236497937</a>
    <c>-1.2577653238287598</c>
    <g>0.3892216390185154</g>
    <t>-0.036529909020657815</t>
   </pm-column>
   <pm-column position='4'>
    <a>-0.1711537962563042</a>
    <c>-2.17095893363032</c>
    <g>1.0429568812002694</g>
    <t>-0.7373497355853892</t>
   </pm-column>
   <pm-column position='5'>
    <a>-1.0301798070604675</a>
    <c>-0.7885374762013705</c>
    <g>1.2580281605676453</g>
    <t>-1.446021107619112</t>
   </pm-column>
   <pm-column position='6'>
    <a>-0.5111300579314494</a>
    <c>-2.17095893363032</c>
    <g>1.3052733336473794</g>
    <t>-2.17095893363032</t>
   </pm-column>
   <pm-column position='7'>
    <a>-2.17095893363032</a>
    <c>-2.17095893363032</c>
    <g>1.4746666472899999</g>
    <t>-2.17095893363032</t>
   </pm-column>
   <pm-column position='8'>
    <a>-2.17095893363032</a>
    <c>-2.17095893363032</c>
    <g>1.4746666472899999</g>
    <t>-2.17095893363032</t>
   </pm-column>
   <pm-column position='9'>
    <a>-1.446021107619112</a>
    <c>0.9151517611734107</c>
    <g>0.5967863107953806</g>
    <t>-2.17095893363032</t>
   </pm-column>
   <pm-column position='10'>
    <a>-0.1711537962563042</a>
    <c>0.4983797217416312</c>
    <g>-1.2577653238287598</g>
    <t>0.18814113236497937</t>
   </pm-column>
   <pm-column position='11'>
    <a>-1.446021107619112</a>
    <c>0.5967863107953806</c>
    <g>0.2666712739846886</g>
    <t>-0.036529909020657815</t>
   </pm-column>
   <pm-column position='12'>
    <a>-0.7373497355853892</a>
    <c>0.12697687175003233</c>
    <g>-0.03545068717077718</g>
    <t>0.37147972117465916</t>
   </pm-column>
   <pm-column position='13'>
    <a>0.4519133197534474</a>
    <c>0.12697687175003233</c>
    <g>-0.2294761866966032</g>
    <t>-0.7373497355853892</t>
   </pm-column>
  </PWM>
 </motif>
</smallbismark>