<?xml version='1.0' encoding='UTF-8'?>
<smallbismark>
 <motif name='RARA_HUMAN' id='RARA_f1' sample-size='130' sequence-count='65' coverage='0.5' length='7'>
  <comment>HOCOMOCO v9; MAR2012; ChIPMunk v3.1</comment>
  <background>
   <a>0.29182</a>
   <c>0.20818</c>
   <g>0.20818</g>
   <t>0.29182</t>
  </background>
  <consensus>vAGGTCA</consensus>
  <WPCM words-count='57.9875768389947' length='7' dic='-1.1545370724070507' kdic='8.549523455432183'>
   <pm-column position='1' dic='-1.1545370724070507' kdic='0.23175728871284013'>
    <a>11.09350127307007</a>
    <c>19.55671508738457</c>
    <g>22.621106778155603</g>
    <t>4.716253700384445</t>
   </pm-column>
   <pm-column position='2' dic='0.0' kdic='1.3862943611198906'>
    <a>57.9875768389947</a>
    <c>0.0</c>
    <g>0.0</g>
    <t>0.0</t>
   </pm-column>
   <pm-column position='3' dic='0.0' kdic='1.3862943611198906'>
    <a>0.0</a>
    <c>0.0</c>
    <g>57.9875768389947</g>
    <t>0.0</t>
   </pm-column>
   <pm-column position='4' dic='0.0' kdic='1.3862943611198906'>
    <a>0.0</a>
    <c>0.0</c>
    <g>57.9875768389947</g>
    <t>0.0</t>
   </pm-column>
   <pm-column position='5' dic='0.0' kdic='1.3862943611198906'>
    <a>0.0</a>
    <c>0.0</c>
    <g>0.0</g>
    <t>57.9875768389947</t>
   </pm-column>
   <pm-column position='6' dic='0.0' kdic='1.3862943611198906'>
    <a>0.0</a>
    <c>57.9875768389947</c>
    <g>0.0</g>
    <t>0.0</t>
   </pm-column>
   <pm-column position='7' dic='0.0' kdic='1.3862943611198906'>
    <a>57.9875768389947</a>
    <c>0.0</c>
    <g>0.0</g>
    <t>0.0</t>
   </pm-column>
  </WPCM>
  <PPM words-count='57.9875768389947' length='7' kdic='8.549523455432183' dic='-1.1545370724070507'>
   <pm-column position='1' dic='-1.1545370724070507' kdic='0.23175728871284013'>
    <a>0.191308240105837</a>
    <c>0.337256980778568</c>
    <g>0.390102639414718</g>
    <t>0.0813321397008768</t>
   </pm-column>
   <pm-column position='2' dic='0.0' kdic='1.3862943611198906'>
    <a>1.0</a>
    <c>0.0</c>
    <g>0.0</g>
    <t>0.0</t>
   </pm-column>
   <pm-column position='3' dic='0.0' kdic='1.3862943611198906'>
    <a>0.0</a>
    <c>0.0</c>
    <g>1.0</g>
    <t>0.0</t>
   </pm-column>
   <pm-column position='4' dic='0.0' kdic='1.3862943611198906'>
    <a>0.0</a>
    <c>0.0</c>
    <g>1.0</g>
    <t>0.0</t>
   </pm-column>
   <pm-column position='5' dic='0.0' kdic='1.3862943611198906'>
    <a>0.0</a>
    <c>0.0</c>
    <g>0.0</g>
    <t>1.0</t>
   </pm-column>
   <pm-column position='6' dic='0.0' kdic='1.3862943611198906'>
    <a>0.0</a>
    <c>1.0</c>
    <g>0.0</g>
    <t>0.0</t>
   </pm-column>
   <pm-column position='7' dic='0.0' kdic='1.3862943611198906'>
    <a>1.0</a>
    <c>0.0</c>
    <g>0.0</g>
    <t>0.0</t>
   </pm-column>
  </PPM>
  <PWM length='7' words-count='57.9875768389947'>
   <pm-column position='1'>
    <a>-0.38843464729992405</a>
    <c>0.45705747904073163</c>
    <g>0.5969938503291152</g>
    <t>-1.121134018812218</t>
   </pm-column>
   <pm-column position='2'>
    <a>1.1841841921798404</a>
    <c>-2.7266658210310353</c>
    <g>-2.7266658210310353</g>
    <t>-2.7266658210310353</t>
   </pm-column>
   <pm-column position='3'>
    <a>-2.7266658210310353</a>
    <c>-2.7266658210310353</c>
    <g>1.5161253652319482</g>
    <t>-2.7266658210310353</t>
   </pm-column>
   <pm-column position='4'>
    <a>-2.7266658210310353</a>
    <c>-2.7266658210310353</c>
    <g>1.5161253652319482</g>
    <t>-2.7266658210310353</t>
   </pm-column>
   <pm-column position='5'>
    <a>-2.7266658210310353</a>
    <c>-2.7266658210310353</c>
    <g>-2.7266658210310353</g>
    <t>1.1841841921798404</t>
   </pm-column>
   <pm-column position='6'>
    <a>-2.7266658210310353</a>
    <c>1.5161253652319482</c>
    <g>-2.7266658210310353</g>
    <t>-2.7266658210310353</t>
   </pm-column>
   <pm-column position='7'>
    <a>1.1841841921798404</a>
    <c>-2.7266658210310353</c>
    <g>-2.7266658210310353</g>
    <t>-2.7266658210310353</t>
   </pm-column>
  </PWM>
 </motif>
</smallbismark>