<?xml version='1.0' encoding='UTF-8'?>
<smallbismark>
 <motif name='RARG_HUMAN' id='RARG_f1' sample-size='32' sequence-count='29' coverage='0.90625' length='7'>
  <comment>HOCOMOCO v9; MAR2012; ChIPMunk v3.1</comment>
  <background>
   <a>0.29182</a>
   <c>0.20818</c>
   <g>0.20818</g>
   <t>0.29182</t>
  </background>
  <consensus>RAGGTCA</consensus>
  <WPCM words-count='28.7676767676768' length='7' dic='-2.1094068589014983' kdic='7.594653668937737'>
   <pm-column position='1' dic='-0.9206188299398971' kdic='0.4656755311799944'>
    <a>8.5925925925926</a>
    <c>4.175084175084177</c>
    <g>15.272727272727307</g>
    <t>0.7272727272727283</t>
   </pm-column>
   <pm-column position='2' dic='-0.44922356390520873' kdic='0.9370707972146817'>
    <a>22.841750841750862</a>
    <c>0.0</c>
    <g>5.925925925925936</g>
    <t>0.0</t>
   </pm-column>
   <pm-column position='3' dic='0.0' kdic='1.3862943611198906'>
    <a>0.0</a>
    <c>0.0</c>
    <g>28.7676767676768</g>
    <t>0.0</t>
   </pm-column>
   <pm-column position='4' dic='-0.5274573217699642' kdic='0.8588370393499279'>
    <a>0.0</a>
    <c>0.0</c>
    <g>20.79461279461283</g>
    <t>7.973063973063998</t>
   </pm-column>
   <pm-column position='5' dic='0.0' kdic='1.3862943611198906'>
    <a>0.0</a>
    <c>0.0</c>
    <g>0.0</g>
    <t>28.7676767676768</t>
   </pm-column>
   <pm-column position='6' dic='0.0' kdic='1.3862943611198906'>
    <a>0.0</a>
    <c>28.7676767676768</c>
    <g>0.0</g>
    <t>0.0</t>
   </pm-column>
   <pm-column position='7' dic='-0.21210714328642827' kdic='1.1741872178334618'>
    <a>26.72053872053874</a>
    <c>2.0471380471380503</c>
    <g>0.0</g>
    <t>0.0</t>
   </pm-column>
  </WPCM>
  <PPM words-count='28.7676767676768' length='7' kdic='7.594653668937737' dic='-2.1094068589014983'>
   <pm-column position='1' dic='-0.9206188299398971' kdic='0.4656755311799944'>
    <a>0.298689138576779</a>
    <c>0.145131086142322</c>
    <g>0.530898876404495</g>
    <t>0.0252808988764045</t>
   </pm-column>
   <pm-column position='2' dic='-0.44922356390520873' kdic='0.9370707972146817'>
    <a>0.794007490636704</a>
    <c>0.0</c>
    <g>0.205992509363296</g>
    <t>0.0</t>
   </pm-column>
   <pm-column position='3' dic='0.0' kdic='1.3862943611198906'>
    <a>0.0</a>
    <c>0.0</c>
    <g>1.0</g>
    <t>0.0</t>
   </pm-column>
   <pm-column position='4' dic='-0.5274573217699642' kdic='0.8588370393499279'>
    <a>0.0</a>
    <c>0.0</c>
    <g>0.722846441947566</g>
    <t>0.277153558052435</t>
   </pm-column>
   <pm-column position='5' dic='0.0' kdic='1.3862943611198906'>
    <a>0.0</a>
    <c>0.0</c>
    <g>0.0</g>
    <t>1.0</t>
   </pm-column>
   <pm-column position='6' dic='0.0' kdic='1.3862943611198906'>
    <a>0.0</a>
    <c>1.0</c>
    <g>0.0</g>
    <t>0.0</t>
   </pm-column>
   <pm-column position='7' dic='-0.21210714328642827' kdic='1.1741872178334618'>
    <a>0.928838951310861</a>
    <c>0.0711610486891386</c>
    <g>0.0</g>
    <t>0.0</t>
   </pm-column>
  </PPM>
  <PWM length='7' words-count='28.7676767676768'>
   <pm-column position='1'>
    <a>0.020872780608054097</a>
    <c>-0.3163615912794787</c>
    <g>0.8704771693949709</g>
    <t>-1.702998596707221</t>
   </pm-column>
   <pm-column position='2'>
    <a>0.9325501735048619</a>
    <c>-2.2579761381359527</c>
    <g>-0.009473311357026191</g>
    <t>-2.2579761381359527</t>
   </pm-column>
   <pm-column position='3'>
    <a>-2.2579761381359527</a>
    <c>-2.2579761381359527</c>
    <g>1.482907197506635</g>
    <t>-2.2579761381359527</t>
   </pm-column>
   <pm-column position='4'>
    <a>-2.2579761381359527</a>
    <c>-2.2579761381359527</c>
    <g>1.1674073239156142</g>
    <t>-0.04603344406781019</t>
   </pm-column>
   <pm-column position='5'>
    <a>-2.2579761381359527</a>
    <c>-2.2579761381359527</c>
    <g>-2.2579761381359527</g>
    <t>1.154699791758378</t>
   </pm-column>
   <pm-column position='6'>
    <a>-2.2579761381359527</a>
    <c>1.482907197506635</c>
    <g>-2.2579761381359527</g>
    <t>-2.2579761381359527</t>
   </pm-column>
   <pm-column position='7'>
    <a>1.0834013155701823</a>
    <c>-0.890043453122576</c>
    <g>-2.2579761381359527</g>
    <t>-2.2579761381359527</t>
   </pm-column>
  </PWM>
 </motif>
</smallbismark>