<?xml version='1.0' encoding='UTF-8'?>
<smallbismark>
 <motif name='RORG_HUMAN' id='RORG_f1' sample-size='7' sequence-count='7' coverage='1.0' length='13'>
  <comment>HOCOMOCO v9; MAR2012; ChIPMunk v3.1</comment>
  <background>
   <a>0.29182</a>
   <c>0.20818</c>
   <g>0.20818</g>
   <t>0.29182</t>
  </background>
  <consensus>nAAWvhAGGTCAG</consensus>
  <WPCM words-count='7.0' length='13' dic='-4.325315103886526' kdic='13.696511590672051'>
   <pm-column position='1' dic='-0.8201561687029876' kdic='0.5661381924169031'>
    <a>2.467213114754101</a>
    <c>0.286885245901639</c>
    <g>2.12295081967213</g>
    <t>2.12295081967213</t>
   </pm-column>
   <pm-column position='2' dic='-0.51388574442254' kdic='0.8724086166973505'>
    <a>3.786885245901639</a>
    <c>0.0</c>
    <g>0.0</g>
    <t>3.213114754098361</t>
   </pm-column>
   <pm-column position='3' dic='0.0' kdic='1.3862943611198906'>
    <a>7.0</a>
    <c>0.0</c>
    <g>0.0</g>
    <t>0.0</t>
   </pm-column>
   <pm-column position='4' dic='-0.6832777345218214' kdic='0.7030166265980691'>
    <a>3.786885245901639</a>
    <c>0.0</c>
    <g>1.032786885245899</g>
    <t>2.1803278688524617</t>
   </pm-column>
   <pm-column position='5' dic='-0.5458203762972739' kdic='0.8404739848226154'>
    <a>1.032786885245899</a>
    <c>1.032786885245899</c>
    <g>4.934426229508195</g>
    <t>0.0</t>
   </pm-column>
   <pm-column position='6' dic='-0.5458203762972739' kdic='0.8404739848226154'>
    <a>1.032786885245899</a>
    <c>1.032786885245899</c>
    <g>0.0</g>
    <t>4.934426229508195</t>
   </pm-column>
   <pm-column position='7' dic='-0.5073116857110201' kdic='0.8789826754088705'>
    <a>4.016393442622953</a>
    <c>0.0</c>
    <g>2.983606557377047</g>
    <t>0.0</t>
   </pm-column>
   <pm-column position='8' dic='0.0' kdic='1.3862943611198906'>
    <a>0.0</a>
    <c>0.0</c>
    <g>7.0</g>
    <t>0.0</t>
   </pm-column>
   <pm-column position='9' dic='0.0' kdic='1.3862943611198906'>
    <a>0.0</a>
    <c>0.0</c>
    <g>7.0</g>
    <t>0.0</t>
   </pm-column>
   <pm-column position='10' dic='0.0' kdic='1.3862943611198906'>
    <a>0.0</a>
    <c>0.0</c>
    <g>0.0</g>
    <t>7.0</t>
   </pm-column>
   <pm-column position='11' dic='-0.2249359899934737' kdic='1.161358371126417'>
    <a>0.0</a>
    <c>6.196721311475408</c>
    <g>0.0</g>
    <t>0.803278688524592</t>
   </pm-column>
   <pm-column position='12' dic='0.0' kdic='1.3862943611198906'>
    <a>7.0</a>
    <c>0.0</c>
    <g>0.0</g>
    <t>0.0</t>
   </pm-column>
   <pm-column position='13' dic='-0.4841070279401354' kdic='0.9021873331797552'>
    <a>1.319672131147538</a>
    <c>0.286885245901639</c>
    <g>5.106557377049183</g>
    <t>0.286885245901639</t>
   </pm-column>
  </WPCM>
  <PPM words-count='7.0' length='13' kdic='13.696511590672051' dic='-4.325315103886526'>
   <pm-column position='1' dic='-0.8201561687029876' kdic='0.5661381924169031'>
    <a>0.352459016393443</a>
    <c>0.040983606557377</c>
    <g>0.30327868852459</g>
    <t>0.30327868852459</t>
   </pm-column>
   <pm-column position='2' dic='-0.51388574442254' kdic='0.8724086166973505'>
    <a>0.540983606557377</a>
    <c>0.0</c>
    <g>0.0</g>
    <t>0.459016393442623</t>
   </pm-column>
   <pm-column position='3' dic='0.0' kdic='1.3862943611198906'>
    <a>1.0</a>
    <c>0.0</c>
    <g>0.0</g>
    <t>0.0</t>
   </pm-column>
   <pm-column position='4' dic='-0.6832777345218214' kdic='0.7030166265980691'>
    <a>0.540983606557377</a>
    <c>0.0</c>
    <g>0.147540983606557</g>
    <t>0.311475409836066</t>
   </pm-column>
   <pm-column position='5' dic='-0.5458203762972739' kdic='0.8404739848226154'>
    <a>0.147540983606557</a>
    <c>0.147540983606557</c>
    <g>0.704918032786885</g>
    <t>0.0</t>
   </pm-column>
   <pm-column position='6' dic='-0.5458203762972739' kdic='0.8404739848226154'>
    <a>0.147540983606557</a>
    <c>0.147540983606557</c>
    <g>0.0</g>
    <t>0.704918032786885</t>
   </pm-column>
   <pm-column position='7' dic='-0.5073116857110201' kdic='0.8789826754088705'>
    <a>0.573770491803279</a>
    <c>0.0</c>
    <g>0.426229508196721</g>
    <t>0.0</t>
   </pm-column>
   <pm-column position='8' dic='0.0' kdic='1.3862943611198906'>
    <a>0.0</a>
    <c>0.0</c>
    <g>1.0</g>
    <t>0.0</t>
   </pm-column>
   <pm-column position='9' dic='0.0' kdic='1.3862943611198906'>
    <a>0.0</a>
    <c>0.0</c>
    <g>1.0</g>
    <t>0.0</t>
   </pm-column>
   <pm-column position='10' dic='0.0' kdic='1.3862943611198906'>
    <a>0.0</a>
    <c>0.0</c>
    <g>0.0</g>
    <t>1.0</t>
   </pm-column>
   <pm-column position='11' dic='-0.2249359899934737' kdic='1.161358371126417'>
    <a>0.0</a>
    <c>0.885245901639344</c>
    <g>0.0</g>
    <t>0.114754098360656</t>
   </pm-column>
   <pm-column position='12' dic='0.0' kdic='1.3862943611198906'>
    <a>1.0</a>
    <c>0.0</c>
    <g>0.0</g>
    <t>0.0</t>
   </pm-column>
   <pm-column position='13' dic='-0.4841070279401354' kdic='0.9021873331797552'>
    <a>0.188524590163934</a>
    <c>0.040983606557377</c>
    <g>0.729508196721312</g>
    <t>0.040983606557377</t>
   </pm-column>
  </PPM>
  <PWM length='13' words-count='7.0'>
   <pm-column position='1'>
    <a>0.15066850197037418</a>
    <c>-0.9900447005509485</c>
    <g>0.30558556546652765</g>
    <t>0.03027498797820744</t>
   </pm-column>
   <pm-column position='2'>
    <a>0.5117004428279189</a>
    <c>-1.5254666506814403</c>
    <g>-1.5254666506814403</g>
    <t>0.37041570995336576</t>
   </pm-column>
   <pm-column position='3'>
    <a>1.0643459760967655</a>
    <c>-1.5254666506814403</c>
    <g>-1.5254666506814403</g>
    <t>-1.5254666506814403</t>
   </pm-column>
   <pm-column position='4'>
    <a>0.5117004428279189</a>
    <c>-1.5254666506814403</c>
    <g>-0.2586858587913496</g>
    <t>0.05137426195683155</t>
   </pm-column>
   <pm-column position='5'>
    <a>-0.4891631362515568</a>
    <c>-0.2586858587913496</c>
    <g>1.0532721370894087</g>
    <t>-1.5254666506814403</t>
   </pm-column>
   <pm-column position='6'>
    <a>-0.4891631362515568</a>
    <c>-0.2586858587913496</c>
    <g>-1.5254666506814403</g>
    <t>0.7455986597418183</t>
   </pm-column>
   <pm-column position='7'>
    <a>0.5630617523146123</a>
    <c>-1.5254666506814403</c>
    <g>0.5985844313516953</g>
    <t>-1.5254666506814403</t>
   </pm-column>
   <pm-column position='8'>
    <a>-1.5254666506814403</a>
    <c>-1.5254666506814403</c>
    <g>1.3803037152928392</g>
    <t>-1.5254666506814403</t>
   </pm-column>
   <pm-column position='9'>
    <a>-1.5254666506814403</a>
    <c>-1.5254666506814403</c>
    <g>1.3803037152928392</g>
    <t>-1.5254666506814403</t>
   </pm-column>
   <pm-column position='10'>
    <a>-1.5254666506814403</a>
    <c>-1.5254666506814403</c>
    <g>-1.5254666506814403</g>
    <t>1.0643459760967655</t>
   </pm-column>
   <pm-column position='11'>
    <a>-1.5254666506814403</a>
    <c>1.2654804707549874</c>
    <g>-1.5254666506814403</g>
    <t>-0.6439308405065279</t>
   </pm-column>
   <pm-column position='12'>
    <a>1.0643459760967655</a>
    <c>-1.5254666506814403</c>
    <g>-1.5254666506814403</g>
    <t>-1.5254666506814403</t>
   </pm-column>
   <pm-column position='13'>
    <a>-0.3242994838470979</a>
    <c>-0.9900447005509485</c>
    <g>1.085000531519999</g>
    <t>-1.116530137856969</t>
   </pm-column>
  </PWM>
 </motif>
</smallbismark>