<?xml version='1.0' encoding='UTF-8'?>
<smallbismark>
 <motif name='SOX15_HUMAN' id='SOX15_f1' sample-size='8' sequence-count='8' coverage='1.0' length='7'>
  <comment>HOCOMOCO v9; MAR2012; ChIPMunk v3.1</comment>
  <background>
   <a>0.29182</a>
   <c>0.20818</c>
   <g>0.20818</g>
   <t>0.29182</t>
  </background>
  <consensus>AACAAWG</consensus>
  <WPCM words-count='8.0' length='7' dic='-1.3872123841471398' kdic='8.316848143692095'>
   <pm-column position='1' dic='-0.4184583303379733' kdic='0.9678360307819163'>
    <a>6.314285714285712</a>
    <c>0.2571428571428568</c>
    <g>0.2571428571428568</g>
    <t>1.171428571428568</t>
   </pm-column>
   <pm-column position='2' dic='-0.2655794559909992' kdic='1.1207149051288916'>
    <a>6.971428571428568</a>
    <c>1.028571428571432</c>
    <g>0.0</g>
    <t>0.0</t>
   </pm-column>
   <pm-column position='3' dic='0.0' kdic='1.3862943611198906'>
    <a>0.0</a>
    <c>8.0</c>
    <g>0.0</g>
    <t>0.0</t>
   </pm-column>
   <pm-column position='4' dic='0.0' kdic='1.3862943611198906'>
    <a>8.0</a>
    <c>0.0</c>
    <g>0.0</g>
    <t>0.0</t>
   </pm-column>
   <pm-column position='5' dic='0.0' kdic='1.3862943611198906'>
    <a>8.0</a>
    <c>0.0</c>
    <g>0.0</g>
    <t>0.0</t>
   </pm-column>
   <pm-column position='6' dic='-0.7031745978181672' kdic='0.6831197633017234'>
    <a>2.857142857142856</a>
    <c>0.0</c>
    <g>1.028571428571432</g>
    <t>4.114285714285712</t>
   </pm-column>
   <pm-column position='7' dic='0.0' kdic='1.3862943611198906'>
    <a>0.0</a>
    <c>0.0</c>
    <g>8.0</g>
    <t>0.0</t>
   </pm-column>
  </WPCM>
  <PPM words-count='8.0' length='7' kdic='8.316848143692095' dic='-1.3872123841471398'>
   <pm-column position='1' dic='-0.4184583303379733' kdic='0.9678360307819163'>
    <a>0.789285714285714</a>
    <c>0.0321428571428571</c>
    <g>0.0321428571428571</g>
    <t>0.146428571428571</t>
   </pm-column>
   <pm-column position='2' dic='-0.2655794559909992' kdic='1.1207149051288916'>
    <a>0.871428571428571</a>
    <c>0.128571428571429</c>
    <g>0.0</g>
    <t>0.0</t>
   </pm-column>
   <pm-column position='3' dic='0.0' kdic='1.3862943611198906'>
    <a>0.0</a>
    <c>1.0</c>
    <g>0.0</g>
    <t>0.0</t>
   </pm-column>
   <pm-column position='4' dic='0.0' kdic='1.3862943611198906'>
    <a>1.0</a>
    <c>0.0</c>
    <g>0.0</g>
    <t>0.0</t>
   </pm-column>
   <pm-column position='5' dic='0.0' kdic='1.3862943611198906'>
    <a>1.0</a>
    <c>0.0</c>
    <g>0.0</g>
    <t>0.0</t>
   </pm-column>
   <pm-column position='6' dic='-0.7031745978181672' kdic='0.6831197633017234'>
    <a>0.357142857142857</a>
    <c>0.0</c>
    <g>0.128571428571429</g>
    <t>0.514285714285714</t>
   </pm-column>
   <pm-column position='7' dic='0.0' kdic='1.3862943611198906'>
    <a>0.0</a>
    <c>0.0</c>
    <g>1.0</g>
    <t>0.0</t>
   </pm-column>
  </PPM>
  <PWM length='7' words-count='8.0'>
   <pm-column position='1'>
    <a>0.8557105636831754</a>
    <c>-1.1121581781616567</c>
    <g>-1.1121581781616567</g>
    <t>-0.5032389487773206</t>
   </pm-column>
   <pm-column position='2'>
    <a>0.9464172222925387</a>
    <c>-0.3617187518397273</c>
    <g>-1.5783984904108688</g>
    <t>-1.5783984904108685</t>
   </pm-column>
   <pm-column position='3'>
    <a>-1.5783984904108685</a>
    <c>1.3909738506945737</c>
    <g>-1.5783984904108688</g>
    <t>-1.5783984904108685</t>
   </pm-column>
   <pm-column position='4'>
    <a>1.073690130254358</a>
    <c>-1.5783984904108688</c>
    <g>-1.5783984904108688</g>
    <t>-1.5783984904108685</t>
   </pm-column>
   <pm-column position='5'>
    <a>1.073690130254358</a>
    <c>-1.5783984904108688</c>
    <g>-1.5783984904108688</g>
    <t>-1.5783984904108685</t>
   </pm-column>
   <pm-column position='6'>
    <a>0.16354728832521795</a>
    <c>-1.5783984904108688</c>
    <g>-0.3617187518397273</g>
    <t>0.4731775876614909</t>
   </pm-column>
   <pm-column position='7'>
    <a>-1.5783984904108685</a>
    <c>-1.5783984904108688</c>
    <g>1.3909738506945737</g>
    <t>-1.5783984904108685</t>
   </pm-column>
  </PWM>
 </motif>
</smallbismark>