<?xml version='1.0' encoding='UTF-8'?>
<smallbismark>
 <motif name='TAL1_HUMAN' id='TAL1_f1' sample-size='55' sequence-count='47' coverage='0.8545454545454545' length='12'>
  <comment>HOCOMOCO v9; MAR2012; ChIPMunk v3.1</comment>
  <background>
   <a>0.29182</a>
   <c>0.20818</c>
   <g>0.20818</g>
   <t>0.29182</t>
  </background>
  <consensus>vMMCAGATGGTn</consensus>
  <WPCM words-count='40.9264560272741' length='12' dic='-4.37804947887845' kdic='12.257482854560239'>
   <pm-column position='1' dic='-1.0781725206259989' kdic='0.30812184049389135'>
    <a>5.839545924723707</a>
    <c>10.105893810291748</c>
    <g>20.651469191912962</g>
    <t>4.329547100345679</t>
   </pm-column>
   <pm-column position='2' dic='-0.7459859076010307' kdic='0.6403084535188596'>
    <a>30.1267273204855</a>
    <c>5.02338199684249</c>
    <g>2.764487857531726</g>
    <t>3.0118588524143757</t>
   </pm-column>
   <pm-column position='3' dic='-0.7842731525574329' kdic='0.6020212085624579'>
    <a>27.114868468071105</a>
    <c>7.529647131035951</c>
    <g>6.281940428167046</g>
    <t>0.0</t>
   </pm-column>
   <pm-column position='4' dic='0.0' kdic='1.3862943611198906'>
    <a>0.0</a>
    <c>40.9264560272741</c>
    <g>0.0</g>
    <t>0.0</t>
   </pm-column>
   <pm-column position='5' dic='0.0' kdic='1.3862943611198906'>
    <a>40.9264560272741</a>
    <c>0.0</c>
    <g>0.0</g>
    <t>0.0</t>
   </pm-column>
   <pm-column position='6' dic='0.0' kdic='1.3862943611198906'>
    <a>0.0</a>
    <c>0.0</c>
    <g>40.9264560272741</g>
    <t>0.0</t>
   </pm-column>
   <pm-column position='7' dic='-0.06834488657036865' kdic='1.3179494745495224'>
    <a>40.17349131417052</a>
    <c>0.0</c>
    <g>0.7529647131035949</g>
    <t>0.0</t>
   </pm-column>
   <pm-column position='8' dic='0.0' kdic='1.3862943611198906'>
    <a>0.0</a>
    <c>0.0</c>
    <g>0.0</g>
    <t>40.9264560272741</t>
   </pm-column>
   <pm-column position='9' dic='0.0' kdic='1.3862943611198906'>
    <a>0.0</a>
    <c>0.0</c>
    <g>40.9264560272741</g>
    <t>0.0</t>
   </pm-column>
   <pm-column position='10' dic='-0.5029187445968886' kdic='0.8833756165230022'>
    <a>0.0</a>
    <c>0.0</c>
    <g>31.137914756927373</g>
    <t>9.788541270346727</t>
   </pm-column>
   <pm-column position='11' dic='-0.18091964219871243' kdic='1.205374718921178'>
    <a>0.0</a>
    <c>2.258894139310781</c>
    <g>0.0</g>
    <t>38.66756188796332</t>
   </pm-column>
   <pm-column position='12' dic='-1.0174346247280173' kdic='0.3688597363918735'>
    <a>5.270752991725173</a>
    <c>23.604198227720556</c>
    <g>5.270752991725173</g>
    <t>6.7807518161032005</t>
   </pm-column>
  </WPCM>
  <PPM words-count='40.9264560272741' length='12' kdic='12.257482854560239' dic='-4.37804947887845'>
   <pm-column position='1' dic='-1.0781725206259989' kdic='0.30812184049389135'>
    <a>0.142683889385197</a>
    <c>0.246928143584116</c>
    <g>0.504599498626279</g>
    <t>0.105788468404408</t>
   </pm-column>
   <pm-column position='2' dic='-0.7459859076010307' kdic='0.6403084535188596'>
    <a>0.736118644145697</a>
    <c>0.122741680674594</c>
    <g>0.0675476971592513</g>
    <t>0.0735919780204575</t>
   </pm-column>
   <pm-column position='3' dic='-0.7842731525574329' kdic='0.6020212085624579'>
    <a>0.662526666125239</a>
    <c>0.183979945051144</c>
    <g>0.153493388823617</g>
    <t>0.0</t>
   </pm-column>
   <pm-column position='4' dic='0.0' kdic='1.3862943611198906'>
    <a>0.0</a>
    <c>1.0</c>
    <g>0.0</g>
    <t>0.0</t>
   </pm-column>
   <pm-column position='5' dic='0.0' kdic='1.3862943611198906'>
    <a>1.0</a>
    <c>0.0</c>
    <g>0.0</g>
    <t>0.0</t>
   </pm-column>
   <pm-column position='6' dic='0.0' kdic='1.3862943611198906'>
    <a>0.0</a>
    <c>0.0</c>
    <g>1.0</g>
    <t>0.0</t>
   </pm-column>
   <pm-column position='7' dic='-0.06834488657036865' kdic='1.3179494745495224'>
    <a>0.981602005494886</a>
    <c>0.0</c>
    <g>0.0183979945051144</g>
    <t>0.0</t>
   </pm-column>
   <pm-column position='8' dic='0.0' kdic='1.3862943611198906'>
    <a>0.0</a>
    <c>0.0</c>
    <g>0.0</g>
    <t>1.0</t>
   </pm-column>
   <pm-column position='9' dic='0.0' kdic='1.3862943611198906'>
    <a>0.0</a>
    <c>0.0</c>
    <g>1.0</g>
    <t>0.0</t>
   </pm-column>
   <pm-column position='10' dic='-0.5029187445968886' kdic='0.8833756165230022'>
    <a>0.0</a>
    <c>0.0</c>
    <g>0.760826071433513</g>
    <t>0.239173928566487</t>
   </pm-column>
   <pm-column position='11' dic='-0.18091964219871243' kdic='1.205374718921178'>
    <a>0.0</a>
    <c>0.0551939835153431</c>
    <g>0.0</g>
    <t>0.944806016484657</t>
   </pm-column>
   <pm-column position='12' dic='-1.0174346247280173' kdic='0.3688597363918735'>
    <a>0.128785961535801</a>
    <c>0.576746694411808</c>
    <g>0.128785961535801</g>
    <t>0.16568138251659</t>
   </pm-column>
  </PPM>
  <PWM length='12' words-count='40.9264560272741'>
   <pm-column position='1'>
    <a>-0.6321510482375876</a>
    <c>0.1575395274730612</c>
    <g>0.8352606530329014</g>
    <t>-0.8782086735336574</t>
   </pm-column>
   <pm-column position='2'>
    <a>0.8737778958427902</a>
    <c>-0.47207248653964745</c>
    <g>-0.9659188068683818</g>
    <t>-1.1571870896911676</t>
   </pm-column>
   <pm-column position='3'>
    <a>0.7722949910033803</a>
    <c>-0.11271820691961101</c>
    <g>-0.2755701109982813</g>
    <t>-2.4870800708422207</t>
   </pm-column>
   <pm-column position='4'>
    <a>-2.4870800708422207</a>
    <c>1.501221067291616</c>
    <g>-2.487080070842221</g>
    <t>-2.4870800708422207</t>
   </pm-column>
   <pm-column position='5'>
    <a>1.170941547868888</a>
    <c>-2.487080070842221</c>
    <g>-2.487080070842221</g>
    <t>-2.4870800708422207</t>
   </pm-column>
   <pm-column position='6'>
    <a>-2.4870800708422207</a>
    <c>-2.487080070842221</c>
    <g>1.501221067291616</g>
    <t>-2.4870800708422207</t>
   </pm-column>
   <pm-column position='7'>
    <a>1.1528553437367905</a>
    <c>-2.487080070842221</c>
    <g>-1.8068076775485162</g>
    <t>-2.4870800708422207</t>
   </pm-column>
   <pm-column position='8'>
    <a>-2.4870800708422207</a>
    <c>-2.487080070842221</c>
    <g>-2.487080070842221</g>
    <t>1.170941547868888</t>
   </pm-column>
   <pm-column position='9'>
    <a>-2.4870800708422207</a>
    <c>-2.487080070842221</c>
    <g>1.501221067291616</g>
    <t>-2.4870800708422207</t>
   </pm-column>
   <pm-column position='10'>
    <a>-2.4870800708422207</a>
    <c>-2.487080070842221</c>
    <g>1.2336791390185704</g>
    <t>-0.18079423500161076</t>
   </pm-column>
   <pm-column position='11'>
    <a>-2.4870800708422207</a>
    <c>-1.120160588975698</c>
    <g>-2.487080070842221</g>
    <t>1.1156709957242543</t>
   </pm-column>
   <pm-column position='12'>
    <a>-0.7178870116648601</a>
    <c>0.9643766601210307</c>
    <g>-0.4302793675752009</g>
    <t>-0.5046734909723749</t>
   </pm-column>
  </PWM>
 </motif>
</smallbismark>