<?xml version='1.0' encoding='UTF-8'?>
<smallbismark>
 <motif name='TFEB_HUMAN' id='TFEB_f1' sample-size='439' sequence-count='294' coverage='0.6697038724373576' length='9'>
  <comment>HOCOMOCO v9; MAR2012; ChIPMunk v3.1</comment>
  <background>
   <a>0.29182</a>
   <c>0.20818</c>
   <g>0.20818</g>
   <t>0.29182</t>
  </background>
  <consensus>dGTCACGTG</consensus>
  <WPCM words-count='258.973964202292' length='9' dic='-1.8179913092698563' kdic='10.65865794080916'>
   <pm-column position='1' dic='-1.0994426613784831' kdic='0.2868516997414072'>
    <a>94.7318245633819</a>
    <c>8.776833223046683</c>
    <g>116.08553208435508</g>
    <t>39.379774331508294</t>
   </pm-column>
   <pm-column position='2' dic='-0.5845558875976824' kdic='0.8017384735222078'>
    <a>73.28785123345386</a>
    <c>0.0</c>
    <g>185.68611296883813</g>
    <t>0.0</t>
   </pm-column>
   <pm-column position='3' dic='0.0' kdic='1.3862943611198906'>
    <a>0.0</a>
    <c>0.0</c>
    <g>0.0</g>
    <t>258.973964202292</t>
   </pm-column>
   <pm-column position='4' dic='0.0' kdic='1.3862943611198906'>
    <a>0.0</a>
    <c>258.973964202292</c>
    <g>0.0</g>
    <t>0.0</t>
   </pm-column>
   <pm-column position='5' dic='0.0' kdic='1.3862943611198906'>
    <a>258.973964202292</a>
    <c>0.0</c>
    <g>0.0</g>
    <t>0.0</t>
   </pm-column>
   <pm-column position='6' dic='0.0' kdic='1.3862943611198906'>
    <a>0.0</a>
    <c>258.973964202292</c>
    <g>0.0</g>
    <t>0.0</t>
   </pm-column>
   <pm-column position='7' dic='0.0' kdic='1.3862943611198906'>
    <a>0.0</a>
    <c>0.0</c>
    <g>258.973964202292</g>
    <t>0.0</t>
   </pm-column>
   <pm-column position='8' dic='0.0' kdic='1.3862943611198906'>
    <a>0.0</a>
    <c>0.0</c>
    <g>0.0</g>
    <t>258.973964202292</t>
   </pm-column>
   <pm-column position='9' dic='-0.13399276029369084' kdic='1.2523016008262'>
    <a>2.255587950628214</a>
    <c>2.255587950628214</c>
    <g>252.2072003504074</g>
    <t>2.255587950628214</t>
   </pm-column>
  </WPCM>
  <PPM words-count='258.973964202292' length='9' kdic='10.65865794080916' dic='-1.8179913092698563'>
   <pm-column position='1' dic='-1.0994426613784831' kdic='0.2868516997414072'>
    <a>0.365796711863221</a>
    <c>0.0338907938104189</c>
    <g>0.448251747784489</g>
    <t>0.152060746541871</t>
   </pm-column>
   <pm-column position='2' dic='-0.5845558875976824' kdic='0.8017384735222078'>
    <a>0.282993124267143</a>
    <c>0.0</c>
    <g>0.717006875732857</g>
    <t>0.0</t>
   </pm-column>
   <pm-column position='3' dic='0.0' kdic='1.3862943611198906'>
    <a>0.0</a>
    <c>0.0</c>
    <g>0.0</g>
    <t>1.0</t>
   </pm-column>
   <pm-column position='4' dic='0.0' kdic='1.3862943611198906'>
    <a>0.0</a>
    <c>1.0</c>
    <g>0.0</g>
    <t>0.0</t>
   </pm-column>
   <pm-column position='5' dic='0.0' kdic='1.3862943611198906'>
    <a>1.0</a>
    <c>0.0</c>
    <g>0.0</g>
    <t>0.0</t>
   </pm-column>
   <pm-column position='6' dic='0.0' kdic='1.3862943611198906'>
    <a>0.0</a>
    <c>1.0</c>
    <g>0.0</g>
    <t>0.0</t>
   </pm-column>
   <pm-column position='7' dic='0.0' kdic='1.3862943611198906'>
    <a>0.0</a>
    <c>0.0</c>
    <g>1.0</g>
    <t>0.0</t>
   </pm-column>
   <pm-column position='8' dic='0.0' kdic='1.3862943611198906'>
    <a>0.0</a>
    <c>0.0</c>
    <g>0.0</g>
    <t>1.0</t>
   </pm-column>
   <pm-column position='9' dic='-0.13399276029369084' kdic='1.2523016008262'>
    <a>0.00870970932377708</a>
    <c>0.00870970932377708</c>
    <g>0.973870872028669</g>
    <t>0.00870970932377708</t>
   </pm-column>
  </PPM>
  <PWM length='9' words-count='258.973964202292'>
   <pm-column position='1'>
    <a>0.22169890231114298</a>
    <c>-1.7126983856630147</c>
    <g>0.7556160121206656</g>
    <t>-0.6327193081119961</t>
   </pm-column>
   <pm-column position='2'>
    <a>-0.030044149904339425</a>
    <c>-3.8629479197069885</c>
    <g>1.2216411513382273</g>
    <t>-3.8629479197069885</t>
   </pm-column>
   <pm-column position='3'>
    <a>-3.8629479197069885</a>
    <c>-3.8629479197069885</c>
    <g>-3.8629479197069885</g>
    <t>1.2166460095360396</t>
   </pm-column>
   <pm-column position='4'>
    <a>-3.8629479197069885</a>
    <c>1.5525573310544896</c>
    <g>-3.8629479197069885</g>
    <t>-3.8629479197069885</t>
   </pm-column>
   <pm-column position='5'>
    <a>1.2166460095360396</a>
    <c>-3.8629479197069885</c>
    <g>-3.8629479197069885</g>
    <t>-3.8629479197069885</t>
   </pm-column>
   <pm-column position='6'>
    <a>-3.8629479197069885</a>
    <c>1.5525573310544896</c>
    <g>-3.8629479197069885</g>
    <t>-3.8629479197069885</t>
   </pm-column>
   <pm-column position='7'>
    <a>-3.8629479197069885</a>
    <c>-3.8629479197069885</c>
    <g>1.5525573310544896</g>
    <t>-3.8629479197069885</t>
   </pm-column>
   <pm-column position='8'>
    <a>-3.8629479197069885</a>
    <c>-3.8629479197069885</c>
    <g>-3.8629479197069885</g>
    <t>1.2166460095360396</t>
   </pm-column>
   <pm-column position='9'>
    <a>-2.991229087348657</a>
    <c>-2.781207522162675</c>
    <g>1.5262000811108716</g>
    <t>-2.991229087348657</t>
   </pm-column>
  </PWM>
 </motif>
</smallbismark>