<?xml version='1.0' encoding='UTF-8'?>
<smallbismark>
 <motif name='TGIF1_HUMAN' id='TGIF1_si' sample-size='17' sequence-count='16' coverage='0.9411764705882353' length='7'>
  <comment>HOCOMOCO v9; MAR2012; ChIPMunk v3.1</comment>
  <background>
   <a>0.29182</a>
   <c>0.20818</c>
   <g>0.20818</g>
   <t>0.29182</t>
  </background>
  <consensus>nTGACAR</consensus>
  <WPCM words-count='16.0129032258064' length='7' dic='-2.1796980322472974' kdic='7.524362495591936'>
   <pm-column position='1' dic='-1.1164920986759006' kdic='0.26980226244399014'>
    <a>3.2080645161290273</a>
    <c>4.1951612903225675</c>
    <g>4.304838709677403</g>
    <t>4.304838709677403</t>
   </pm-column>
   <pm-column position='2' dic='0.0' kdic='1.3862943611198906'>
    <a>0.0</a>
    <c>0.0</c>
    <g>0.0</g>
    <t>16.0129032258064</t>
   </pm-column>
   <pm-column position='3' dic='-0.18700900021115135' kdic='1.1992853609087386'>
    <a>0.0</a>
    <c>1.0967741935483835</c>
    <g>14.91612903225801</g>
    <t>0.0</t>
   </pm-column>
   <pm-column position='4' dic='0.0' kdic='1.3862943611198906'>
    <a>16.0129032258064</a>
    <c>0.0</c>
    <g>0.0</g>
    <t>0.0</t>
   </pm-column>
   <pm-column position='5' dic='0.0' kdic='1.3862943611198906'>
    <a>0.0</a>
    <c>16.0129032258064</c>
    <g>0.0</g>
    <t>0.0</t>
   </pm-column>
   <pm-column position='6' dic='0.0' kdic='1.3862943611198906'>
    <a>16.0129032258064</a>
    <c>0.0</c>
    <g>0.0</g>
    <t>0.0</t>
   </pm-column>
   <pm-column position='7' dic='-0.8761969333602452' kdic='0.5100974277596456'>
    <a>3.2080645161290273</a>
    <c>2.220967741935472</c>
    <g>9.34999999999997</g>
    <t>1.2338709677419308</t>
   </pm-column>
  </WPCM>
  <PPM words-count='16.0129032258064' length='7' kdic='7.524362495591936' dic='-2.1796980322472974'>
   <pm-column position='1' dic='-1.1164920986759006' kdic='0.26980226244399014'>
    <a>0.200342465753425</a>
    <c>0.261986301369863</c>
    <g>0.268835616438356</g>
    <t>0.268835616438356</t>
   </pm-column>
   <pm-column position='2' dic='0.0' kdic='1.3862943611198906'>
    <a>0.0</a>
    <c>0.0</c>
    <g>0.0</g>
    <t>1.0</t>
   </pm-column>
   <pm-column position='3' dic='-0.18700900021115135' kdic='1.1992853609087386'>
    <a>0.0</a>
    <c>0.0684931506849315</c>
    <g>0.931506849315068</g>
    <t>0.0</t>
   </pm-column>
   <pm-column position='4' dic='0.0' kdic='1.3862943611198906'>
    <a>1.0</a>
    <c>0.0</c>
    <g>0.0</g>
    <t>0.0</t>
   </pm-column>
   <pm-column position='5' dic='0.0' kdic='1.3862943611198906'>
    <a>0.0</a>
    <c>1.0</c>
    <g>0.0</g>
    <t>0.0</t>
   </pm-column>
   <pm-column position='6' dic='0.0' kdic='1.3862943611198906'>
    <a>1.0</a>
    <c>0.0</c>
    <g>0.0</g>
    <t>0.0</t>
   </pm-column>
   <pm-column position='7' dic='-0.8761969333602452' kdic='0.5100974277596456'>
    <a>0.200342465753425</a>
    <c>0.138698630136986</c>
    <g>0.583904109589041</g>
    <t>0.0770547945205479</t>
   </pm-column>
  </PPM>
  <PWM length='7' words-count='16.0129032258064'>
   <pm-column position='1'>
    <a>-0.31086299247520993</a>
    <c>0.1990808258605695</c>
    <g>0.22180167662610303</g>
    <t>-0.06948111818452628</t>
   </pm-column>
   <pm-column position='2'>
    <a>-1.9130556313038127</a>
    <c>-1.9130556313038127</c>
    <g>-1.9130556313038127</g>
    <t>1.121206887604826</t>
   </pm-column>
   <pm-column position='3'>
    <a>-1.9130556313038127</a>
    <c>-0.848490756960097</c>
    <g>1.3766233357979498</g>
    <t>-1.9130556313038127</t>
   </pm-column>
   <pm-column position='4'>
    <a>1.121206887604826</a>
    <c>-1.9130556313038127</c>
    <g>-1.9130556313038127</g>
    <t>-1.9130556313038127</t>
   </pm-column>
   <pm-column position='5'>
    <a>-1.9130556313038127</a>
    <c>1.4450193558987425</c>
    <g>-1.9130556313038127</g>
    <t>-1.9130556313038127</t>
   </pm-column>
   <pm-column position='6'>
    <a>1.121206887604826</a>
    <c>-1.9130556313038127</c>
    <g>-1.9130556313038127</g>
    <t>-1.9130556313038127</t>
   </pm-column>
   <pm-column position='7'>
    <a>-0.31086299247520993</a>
    <c>-0.33476923108353457</c>
    <g>0.9314986995877679</g>
    <t>-0.9869814445596226</t>
   </pm-column>
  </PWM>
 </motif>
</smallbismark>