<?xml version='1.0' encoding='UTF-8'?>
<smallbismark>
 <motif name='TWST1_HUMAN' id='TWST1_f1' sample-size='5' sequence-count='5' coverage='1.0' length='10'>
  <comment>HOCOMOCO v9; MAR2012; ChIPMunk v3.1</comment>
  <background>
   <a>0.29182</a>
   <c>0.20818</c>
   <g>0.20818</g>
   <t>0.29182</t>
  </background>
  <consensus>hMCCAGGTGG</consensus>
  <WPCM words-count='5.0' length='10' dic='-2.4233923250963474' kdic='11.439551286102562'>
   <pm-column position='1' dic='-0.6052836272406402' kdic='0.7810107338792516'>
    <a>2.195121951219515</a>
    <c>2.195121951219515</c>
    <g>0.0</g>
    <t>0.6097560975609749</t>
   </pm-column>
   <pm-column position='2' dic='-0.6454737720034727' kdic='0.7408205891164179'>
    <a>1.2195121951219499</a>
    <c>2.682926829268295</c>
    <g>1.097560975609755</g>
    <t>0.0</t>
   </pm-column>
   <pm-column position='3' dic='-0.34221189885662867' kdic='1.0440824622632618'>
    <a>0.0</a>
    <c>3.902439024390245</c>
    <g>1.097560975609755</g>
    <t>0.0</t>
   </pm-column>
   <pm-column position='4' dic='0.0' kdic='1.3862943611198906'>
    <a>0.0</a>
    <c>5.0</c>
    <g>0.0</g>
    <t>0.0</t>
   </pm-column>
   <pm-column position='5' dic='0.0' kdic='1.3862943611198906'>
    <a>5.0</a>
    <c>0.0</c>
    <g>0.0</g>
    <t>0.0</t>
   </pm-column>
   <pm-column position='6' dic='-0.3653904346499847' kdic='1.0209039264699058'>
    <a>0.0</a>
    <c>0.0</c>
    <g>3.78048780487805</g>
    <t>1.2195121951219499</t>
   </pm-column>
   <pm-column position='7' dic='0.0' kdic='1.3862943611198906'>
    <a>0.0</a>
    <c>0.0</c>
    <g>5.0</g>
    <t>0.0</t>
   </pm-column>
   <pm-column position='8' dic='0.0' kdic='1.3862943611198906'>
    <a>0.0</a>
    <c>0.0</c>
    <g>0.0</g>
    <t>5.0</t>
   </pm-column>
   <pm-column position='9' dic='0.0' kdic='1.3862943611198906'>
    <a>0.0</a>
    <c>0.0</c>
    <g>5.0</g>
    <t>0.0</t>
   </pm-column>
   <pm-column position='10' dic='-0.4650325923456215' kdic='0.9212617687742706'>
    <a>0.0</a>
    <c>0.0</c>
    <g>2.926829268292685</g>
    <t>2.07317073170732</t>
   </pm-column>
  </WPCM>
  <PPM words-count='5.0' length='10' kdic='11.439551286102562' dic='-2.4233923250963474'>
   <pm-column position='1' dic='-0.6052836272406402' kdic='0.7810107338792516'>
    <a>0.439024390243903</a>
    <c>0.439024390243903</c>
    <g>0.0</g>
    <t>0.121951219512195</t>
   </pm-column>
   <pm-column position='2' dic='-0.6454737720034727' kdic='0.7408205891164179'>
    <a>0.24390243902439</a>
    <c>0.536585365853659</c>
    <g>0.219512195121951</g>
    <t>0.0</t>
   </pm-column>
   <pm-column position='3' dic='-0.34221189885662867' kdic='1.0440824622632618'>
    <a>0.0</a>
    <c>0.780487804878049</c>
    <g>0.219512195121951</g>
    <t>0.0</t>
   </pm-column>
   <pm-column position='4' dic='0.0' kdic='1.3862943611198906'>
    <a>0.0</a>
    <c>1.0</c>
    <g>0.0</g>
    <t>0.0</t>
   </pm-column>
   <pm-column position='5' dic='0.0' kdic='1.3862943611198906'>
    <a>1.0</a>
    <c>0.0</c>
    <g>0.0</g>
    <t>0.0</t>
   </pm-column>
   <pm-column position='6' dic='-0.3653904346499847' kdic='1.0209039264699058'>
    <a>0.0</a>
    <c>0.0</c>
    <g>0.75609756097561</g>
    <t>0.24390243902439</t>
   </pm-column>
   <pm-column position='7' dic='0.0' kdic='1.3862943611198906'>
    <a>0.0</a>
    <c>0.0</c>
    <g>1.0</g>
    <t>0.0</t>
   </pm-column>
   <pm-column position='8' dic='0.0' kdic='1.3862943611198906'>
    <a>0.0</a>
    <c>0.0</c>
    <g>0.0</g>
    <t>1.0</t>
   </pm-column>
   <pm-column position='9' dic='0.0' kdic='1.3862943611198906'>
    <a>0.0</a>
    <c>0.0</c>
    <g>1.0</g>
    <t>0.0</t>
   </pm-column>
   <pm-column position='10' dic='-0.4650325923456215' kdic='0.9212617687742706'>
    <a>0.0</a>
    <c>0.0</c>
    <g>0.585365853658537</g>
    <t>0.414634146341464</t>
   </pm-column>
  </PPM>
  <PWM length='10' words-count='5.0'>
   <pm-column position='1'>
    <a>0.3232570389447775</a>
    <c>0.6091227524222694</c>
    <g>-1.4126136189803458</g>
    <t>-0.5804456341468373</t>
   </pm-column>
   <pm-column position='2'>
    <a>-0.13262688083349583</a>
    <c>0.7854215186096095</c>
    <g>0.040337210567263505</g>
    <t>-1.4126136189803455</t>
   </pm-column>
   <pm-column position='3'>
    <a>-1.4126136189803455</a>
    <c>1.124804746211165</c>
    <g>0.040337210567263505</g>
    <t>-1.4126136189803455</t>
   </pm-column>
   <pm-column position='4'>
    <a>-1.4126136189803455</a>
    <c>1.3551316254453551</c>
    <g>-1.4126136189803458</g>
    <t>-1.4126136189803455</t>
   </pm-column>
   <pm-column position='5'>
    <a>1.042351499776889</a>
    <c>-1.4126136189803458</c>
    <g>-1.4126136189803458</g>
    <t>-1.4126136189803455</t>
   </pm-column>
   <pm-column position='6'>
    <a>-1.4126136189803455</a>
    <c>-1.4126136189803458</c>
    <g>1.0956034542766966</g>
    <t>-0.13262688083349583</t>
   </pm-column>
   <pm-column position='7'>
    <a>-1.4126136189803455</a>
    <c>-1.4126136189803458</c>
    <g>1.3551316254453551</g>
    <t>-1.4126136189803455</t>
   </pm-column>
   <pm-column position='8'>
    <a>-1.4126136189803455</a>
    <c>-1.4126136189803458</c>
    <g>-1.4126136189803458</g>
    <t>1.042351499776889</t>
   </pm-column>
   <pm-column position='9'>
    <a>-1.4126136189803455</a>
    <c>-1.4126136189803458</c>
    <g>1.3551316254453551</g>
    <t>-1.4126136189803455</t>
   </pm-column>
   <pm-column position='10'>
    <a>-1.4126136189803455</a>
    <c>-1.4126136189803458</c>
    <g>0.8631380751684291</g>
    <t>0.27641270359078957</t>
   </pm-column>
  </PWM>
 </motif>
</smallbismark>