<?xml version='1.0' encoding='UTF-8'?>
<smallbismark>
 <motif name='BACH1_HUMAN' id='BACH1_f2' sample-size='8' sequence-count='8' coverage='1.0' length='19'>
  <comment>HOCOMOCO v9; MAR2012; ChIPMunk v3.1</comment>
  <background>
   <a>0.25</a>
   <c>0.25</c>
   <g>0.25</g>
   <t>0.25</t>
  </background>
  <consensus>vYGCTGAGTCAhKSTnvSb</consensus>
  <WPCM words-count='8.0' length='19' dic='-9.002673713678185' kdic='17.33691914759973'>
   <pm-column position='1' dic='-0.831608742489487' kdic='0.5546856186304039'>
    <a>3.095890410958904</a>
    <c>2.43835616438356</c>
    <g>2.219178082191784</g>
    <t>0.2465753424657536</t>
   </pm-column>
   <pm-column position='2' dic='-0.7118115602991837' kdic='0.6744828008207067'>
    <a>1.095890410958904</a>
    <c>2.849315068493152</c>
    <g>0.0</g>
    <t>4.054794520547944</t>
   </pm-column>
   <pm-column position='3' dic='-0.44486990421759454' kdic='0.9414244569022947'>
    <a>0.87671232876712</a>
    <c>0.87671232876712</c>
    <g>6.246575342465752</g>
    <t>0.0</t>
   </pm-column>
   <pm-column position='4' dic='-0.22874143121696688' kdic='1.157552929902924'>
    <a>0.87671232876712</a>
    <c>7.12328767123288</c>
    <g>0.0</g>
    <t>0.0</t>
   </pm-column>
   <pm-column position='5' dic='-0.22874143121696688' kdic='1.157552929902924'>
    <a>0.0</a>
    <c>0.87671232876712</c>
    <g>0.0</g>
    <t>7.12328767123288</t>
   </pm-column>
   <pm-column position='6' dic='0.0' kdic='1.3862943611198906'>
    <a>0.0</a>
    <c>0.0</c>
    <g>8.0</g>
    <t>0.0</t>
   </pm-column>
   <pm-column position='7' dic='0.0' kdic='1.3862943611198906'>
    <a>8.0</a>
    <c>0.0</c>
    <g>0.0</g>
    <t>0.0</t>
   </pm-column>
   <pm-column position='8' dic='-0.49402931241594816' kdic='0.8922650487039423'>
    <a>0.0</a>
    <c>2.849315068493152</c>
    <g>5.150684931506848</g>
    <t>0.0</t>
   </pm-column>
   <pm-column position='9' dic='-0.22874143121696688' kdic='1.157552929902924'>
    <a>0.87671232876712</a>
    <c>0.0</c>
    <g>0.0</g>
    <t>7.12328767123288</t>
   </pm-column>
   <pm-column position='10' dic='0.0' kdic='1.3862943611198906'>
    <a>0.0</a>
    <c>8.0</c>
    <g>0.0</g>
    <t>0.0</t>
   </pm-column>
   <pm-column position='11' dic='0.0' kdic='1.3862943611198906'>
    <a>8.0</a>
    <c>0.0</c>
    <g>0.0</g>
    <t>0.0</t>
   </pm-column>
   <pm-column position='12' dic='-0.867789916835493' kdic='0.5185044442843959'>
    <a>1.095890410958904</a>
    <c>3.068493150684928</c>
    <g>0.87671232876712</g>
    <t>2.95890410958904</t>
   </pm-column>
   <pm-column position='13' dic='-0.6893170611276367' kdic='0.6969772999922526'>
    <a>0.87671232876712</a>
    <c>0.87671232876712</c>
    <g>5.150684931506848</g>
    <t>1.095890410958904</t>
   </pm-column>
   <pm-column position='14' dic='-0.8007126079464552' kdic='0.5855817531734353'>
    <a>0.87671232876712</a>
    <c>2.08219178082192</c>
    <g>4.16438356164384</g>
    <t>0.87671232876712</t>
   </pm-column>
   <pm-column position='15' dic='0.0' kdic='1.3862943611198906'>
    <a>0.0</a>
    <c>0.0</c>
    <g>0.0</g>
    <t>8.0</t>
   </pm-column>
   <pm-column position='16' dic='-0.9763808815691988' kdic='0.4099134795506919'>
    <a>1.972602739726024</a>
    <c>2.191780821917808</c>
    <g>2.08219178082192</g>
    <t>1.753424657534248</t>
   </pm-column>
   <pm-column position='17' dic='-0.9148752947576271' kdic='0.4714190663622622'>
    <a>2.95890410958904</a>
    <c>2.191780821917808</c>
    <g>1.972602739726024</g>
    <t>0.87671232876712</t>
   </pm-column>
   <pm-column position='18' dic='-0.6794543102139978' kdic='0.7068400509058926'>
    <a>0.87671232876712</a>
    <c>4.16438356164384</c>
    <g>2.95890410958904</g>
    <t>0.0</t>
   </pm-column>
   <pm-column position='19' dic='-0.9055998281546639' kdic='0.4806945329652266'>
    <a>1.095890410958904</a>
    <c>1.315068493150688</c>
    <g>3.287671232876712</g>
    <t>2.301369863013696</t>
   </pm-column>
  </WPCM>
  <PPM words-count='8.0' length='19' kdic='17.33691914759973' dic='-9.002673713678185'>
   <pm-column position='1' dic='-0.831608742489487' kdic='0.5546856186304039'>
    <a>0.386986301369863</a>
    <c>0.304794520547945</c>
    <g>0.277397260273973</g>
    <t>0.0308219178082192</t>
   </pm-column>
   <pm-column position='2' dic='-0.7118115602991837' kdic='0.6744828008207067'>
    <a>0.136986301369863</a>
    <c>0.356164383561644</c>
    <g>0.0</g>
    <t>0.506849315068493</t>
   </pm-column>
   <pm-column position='3' dic='-0.44486990421759454' kdic='0.9414244569022947'>
    <a>0.10958904109589</a>
    <c>0.10958904109589</c>
    <g>0.780821917808219</g>
    <t>0.0</t>
   </pm-column>
   <pm-column position='4' dic='-0.22874143121696688' kdic='1.157552929902924'>
    <a>0.10958904109589</a>
    <c>0.89041095890411</c>
    <g>0.0</g>
    <t>0.0</t>
   </pm-column>
   <pm-column position='5' dic='-0.22874143121696688' kdic='1.157552929902924'>
    <a>0.0</a>
    <c>0.10958904109589</c>
    <g>0.0</g>
    <t>0.89041095890411</t>
   </pm-column>
   <pm-column position='6' dic='0.0' kdic='1.3862943611198906'>
    <a>0.0</a>
    <c>0.0</c>
    <g>1.0</g>
    <t>0.0</t>
   </pm-column>
   <pm-column position='7' dic='0.0' kdic='1.3862943611198906'>
    <a>1.0</a>
    <c>0.0</c>
    <g>0.0</g>
    <t>0.0</t>
   </pm-column>
   <pm-column position='8' dic='-0.49402931241594816' kdic='0.8922650487039423'>
    <a>0.0</a>
    <c>0.356164383561644</c>
    <g>0.643835616438356</g>
    <t>0.0</t>
   </pm-column>
   <pm-column position='9' dic='-0.22874143121696688' kdic='1.157552929902924'>
    <a>0.10958904109589</a>
    <c>0.0</c>
    <g>0.0</g>
    <t>0.89041095890411</t>
   </pm-column>
   <pm-column position='10' dic='0.0' kdic='1.3862943611198906'>
    <a>0.0</a>
    <c>1.0</c>
    <g>0.0</g>
    <t>0.0</t>
   </pm-column>
   <pm-column position='11' dic='0.0' kdic='1.3862943611198906'>
    <a>1.0</a>
    <c>0.0</c>
    <g>0.0</g>
    <t>0.0</t>
   </pm-column>
   <pm-column position='12' dic='-0.867789916835493' kdic='0.5185044442843959'>
    <a>0.136986301369863</a>
    <c>0.383561643835616</c>
    <g>0.10958904109589</g>
    <t>0.36986301369863</t>
   </pm-column>
   <pm-column position='13' dic='-0.6893170611276367' kdic='0.6969772999922526'>
    <a>0.10958904109589</a>
    <c>0.10958904109589</c>
    <g>0.643835616438356</g>
    <t>0.136986301369863</t>
   </pm-column>
   <pm-column position='14' dic='-0.8007126079464552' kdic='0.5855817531734353'>
    <a>0.10958904109589</a>
    <c>0.26027397260274</c>
    <g>0.52054794520548</g>
    <t>0.10958904109589</t>
   </pm-column>
   <pm-column position='15' dic='0.0' kdic='1.3862943611198906'>
    <a>0.0</a>
    <c>0.0</c>
    <g>0.0</g>
    <t>1.0</t>
   </pm-column>
   <pm-column position='16' dic='-0.9763808815691988' kdic='0.4099134795506919'>
    <a>0.246575342465753</a>
    <c>0.273972602739726</c>
    <g>0.26027397260274</g>
    <t>0.219178082191781</t>
   </pm-column>
   <pm-column position='17' dic='-0.9148752947576271' kdic='0.4714190663622622'>
    <a>0.36986301369863</a>
    <c>0.273972602739726</c>
    <g>0.246575342465753</g>
    <t>0.10958904109589</t>
   </pm-column>
   <pm-column position='18' dic='-0.6794543102139978' kdic='0.7068400509058926'>
    <a>0.10958904109589</a>
    <c>0.52054794520548</c>
    <g>0.36986301369863</g>
    <t>0.0</t>
   </pm-column>
   <pm-column position='19' dic='-0.9055998281546639' kdic='0.4806945329652266'>
    <a>0.136986301369863</a>
    <c>0.164383561643836</c>
    <g>0.410958904109589</g>
    <t>0.287671232876712</t>
   </pm-column>
  </PPM>
  <PWM length='19' words-count='8.0'>
   <pm-column position='1'>
    <a>0.3610960258470019</a>
    <c>0.16038307241398975</c>
    <g>0.08340343720494837</g>
    <t>-1.1902079329845372</t>
   </pm-column>
   <pm-column position='2'>
    <a>-0.44440375933172377</a>
    <c>0.29046454462032106</c>
    <g>-1.5783984904108685</g>
    <t>0.596327768115517</t>
   </pm-column>
   <pm-column position='3'>
    <a>-0.5901823234526162</a>
    <c>-0.5901823234526162</c>
    <g>0.9877709705359199</g>
    <t>-1.5783984904108685</t>
   </pm-column>
   <pm-column position='4'>
    <a>-0.5901823234526162</a>
    <c>1.1096060702321155</c>
    <g>-1.5783984904108685</g>
    <t>-1.5783984904108685</t>
   </pm-column>
   <pm-column position='5'>
    <a>-1.5783984904108685</a>
    <c>-0.5901823234526162</c>
    <g>-1.5783984904108685</g>
    <t>1.1096060702321155</t>
   </pm-column>
   <pm-column position='6'>
    <a>-1.5783984904108685</a>
    <c>-1.5783984904108685</c>
    <g>1.2181964566417396</g>
    <t>-1.5783984904108685</t>
   </pm-column>
   <pm-column position='7'>
    <a>1.2181964566417396</a>
    <c>-1.5783984904108685</c>
    <g>-1.5783984904108685</g>
    <t>-1.5783984904108685</t>
   </pm-column>
   <pm-column position='8'>
    <a>-1.5783984904108685</a>
    <c>0.29046454462032106</c>
    <g>0.811081791562473</g>
    <t>-1.5783984904108685</t>
   </pm-column>
   <pm-column position='9'>
    <a>-0.5901823234526162</a>
    <c>-1.5783984904108685</c>
    <g>-1.5783984904108685</g>
    <t>1.1096060702321155</t>
   </pm-column>
   <pm-column position='10'>
    <a>-1.5783984904108685</a>
    <c>1.2181964566417396</c>
    <g>-1.5783984904108685</g>
    <t>-1.5783984904108685</t>
   </pm-column>
   <pm-column position='11'>
    <a>1.2181964566417396</a>
    <c>-1.5783984904108685</c>
    <g>-1.5783984904108685</g>
    <t>-1.5783984904108685</t>
   </pm-column>
   <pm-column position='12'>
    <a>-0.44440375933172377</a>
    <c>0.35348997488171263</c>
    <g>-0.5901823234526162</g>
    <t>0.3224737032010004</t>
   </pm-column>
   <pm-column position='13'>
    <a>-0.5901823234526162</a>
    <c>-0.5901823234526162</c>
    <g>0.811081791562473</g>
    <t>-0.44440375933172377</t>
   </pm-column>
   <pm-column position='14'>
    <a>-0.5901823234526162</a>
    <c>0.03209693102916929</c>
    <g>0.6200010279292527</g>
    <t>-0.5901823234526162</t>
   </pm-column>
   <pm-column position='15'>
    <a>-1.5783984904108685</a>
    <c>-1.5783984904108685</c>
    <g>-1.5783984904108685</g>
    <t>1.2181964566417396</t>
   </pm-column>
   <pm-column position='16'>
    <a>-0.010932068957584641</a>
    <c>0.07335056576926054</c>
    <g>0.03209693102916929</g>
    <t>-0.10297755651803395</t>
   </pm-column>
   <pm-column position='17'>
    <a>0.3224737032010004</a>
    <c>0.07335056576926054</c>
    <g>-0.010932068957584641</g>
    <t>-0.5901823234526162</t>
   </pm-column>
   <pm-column position='18'>
    <a>-0.5901823234526162</a>
    <c>0.6200010279292527</c>
    <g>0.3224737032010004</g>
    <t>-1.5783984904108685</t>
   </pm-column>
   <pm-column position='19'>
    <a>-0.44440375933172377</a>
    <c>-0.3171977748941379</c>
    <g>0.412777612589767</g>
    <t>0.11296955074941659</t>
   </pm-column>
  </PWM>
 </motif>
</smallbismark>