<?xml version='1.0' encoding='UTF-8'?>
<smallbismark>
 <motif name='BPTF_HUMAN' id='BPTF_do' sample-size='24' sequence-count='20' coverage='0.8333333333333334' length='21'>
  <comment>HOCOMOCO v9; MAR2012; ChIPMunk v3.1</comment>
  <background>
   <a>0.25</a>
   <c>0.25</c>
   <g>0.25</g>
   <t>0.25</t>
  </background>
  <consensus>nGddbdKWdbbKndnnWGCYn</consensus>
  <WPCM words-count='20.0' length='21' dic='-17.946896553349596' kdic='11.165285030168107'>
   <pm-column position='1' dic='-1.0588651511994365' kdic='0.3274292099204539'>
    <a>9.25</a>
    <c>4.25</c>
    <g>3.25</g>
    <t>3.25</t>
   </pm-column>
   <pm-column position='2' dic='-0.40686979149989855' kdic='0.9794245696199919'>
    <a>0.0</a>
    <c>1.0</c>
    <g>17.0</g>
    <t>2.0</t>
   </pm-column>
   <pm-column position='3' dic='-0.7996147152197789' kdic='0.5866796459001119'>
    <a>4.0</a>
    <c>0.0</c>
    <g>4.0</g>
    <t>12.0</t>
   </pm-column>
   <pm-column position='4' dic='-0.8974178412457483' kdic='0.4888765198741426'>
    <a>8.0</a>
    <c>0.0</c>
    <g>4.0</g>
    <t>8.0</t>
   </pm-column>
   <pm-column position='5' dic='-1.0013899183297403' kdic='0.38490444279015046'>
    <a>1.0</a>
    <c>8.0</c>
    <g>4.0</g>
    <t>7.0</t>
   </pm-column>
   <pm-column position='6' dic='-0.8099966834585584' kdic='0.5762976776613318'>
    <a>3.0</a>
    <c>1.0</c>
    <g>3.0</g>
    <t>13.0</t>
   </pm-column>
   <pm-column position='7' dic='-0.8433881520845464' kdic='0.5429062090353443'>
    <a>1.0</a>
    <c>2.0</c>
    <g>5.0</g>
    <t>12.0</t>
   </pm-column>
   <pm-column position='8' dic='-0.9127028701434048' kdic='0.4735914909764861'>
    <a>5.0</a>
    <c>1.0</c>
    <g>3.0</g>
    <t>11.0</t>
   </pm-column>
   <pm-column position='9' dic='-0.8019407159985958' kdic='0.5843536451212947'>
    <a>2.0</a>
    <c>0.0</c>
    <g>9.0</g>
    <t>9.0</t>
   </pm-column>
   <pm-column position='10' dic='-0.9430096603219209' kdic='0.4432847007979694'>
    <a>1.0</a>
    <c>3.0</c>
    <g>6.0</g>
    <t>10.0</t>
   </pm-column>
   <pm-column position='11' dic='-0.9632829157273953' kdic='0.4230114453924953'>
    <a>1.0</a>
    <c>4.0</c>
    <g>5.0</g>
    <t>10.0</t>
   </pm-column>
   <pm-column position='12' dic='-0.7884575376540749' kdic='0.5978368234658152'>
    <a>1.0</a>
    <c>1.0</c>
    <g>6.0</g>
    <t>12.0</t>
   </pm-column>
   <pm-column position='13' dic='-0.9632829157215308' kdic='0.4230114453983598'>
    <a>2.0</a>
    <c>2.0</c>
    <g>6.0</g>
    <t>10.0</t>
   </pm-column>
   <pm-column position='14' dic='-1.0986854257824359' kdic='0.2876089353374548'>
    <a>4.0</a>
    <c>3.0</c>
    <g>5.0</g>
    <t>8.0</t>
   </pm-column>
   <pm-column position='15' dic='-1.122185607244726' kdic='0.26410875387516475'>
    <a>5.0</a>
    <c>5.0</c>
    <g>3.0</g>
    <t>7.0</t>
   </pm-column>
   <pm-column position='16' dic='-0.9632829157215308' kdic='0.4230114453983598'>
    <a>2.0</a>
    <c>6.0</c>
    <g>2.0</g>
    <t>10.0</t>
   </pm-column>
   <pm-column position='17' dic='-0.8780455111125434' kdic='0.5082488500073471'>
    <a>11.0</a>
    <c>1.0</c>
    <g>2.0</g>
    <t>6.0</t>
   </pm-column>
   <pm-column position='18' dic='-0.2970085626360216' kdic='1.0892857984838689'>
    <a>1.0</a>
    <c>0.0</c>
    <g>18.0</g>
    <t>1.0</t>
   </pm-column>
   <pm-column position='19' dic='-0.49359984427216796' kdic='0.8926945168477223'>
    <a>1.0</a>
    <c>16.0</c>
    <g>3.0</g>
    <t>0.0</t>
   </pm-column>
   <pm-column position='20' dic='-0.9209180227080385' kdic='0.46537633841185216'>
    <a>0.0</a>
    <c>7.0</c>
    <g>5.0</g>
    <t>8.0</t>
   </pm-column>
   <pm-column position='21' dic='-0.9829517952675004' kdic='0.40334256585239026'>
    <a>10.75</a>
    <c>2.75</c>
    <g>2.75</g>
    <t>3.75</t>
   </pm-column>
  </WPCM>
  <PPM words-count='20.0' length='21' kdic='11.165285030168107' dic='-17.946896553349596'>
   <pm-column position='1' dic='-1.0588651511994365' kdic='0.3274292099204539'>
    <a>0.4625</a>
    <c>0.2125</c>
    <g>0.1625</g>
    <t>0.1625</t>
   </pm-column>
   <pm-column position='2' dic='-0.40686979149989855' kdic='0.9794245696199919'>
    <a>0.0</a>
    <c>0.05</c>
    <g>0.85</g>
    <t>0.1</t>
   </pm-column>
   <pm-column position='3' dic='-0.7996147152197789' kdic='0.5866796459001119'>
    <a>0.2</a>
    <c>0.0</c>
    <g>0.2</g>
    <t>0.6</t>
   </pm-column>
   <pm-column position='4' dic='-0.8974178412457483' kdic='0.4888765198741426'>
    <a>0.4</a>
    <c>0.0</c>
    <g>0.2</g>
    <t>0.4</t>
   </pm-column>
   <pm-column position='5' dic='-1.0013899183297403' kdic='0.38490444279015046'>
    <a>0.05</a>
    <c>0.4</c>
    <g>0.2</g>
    <t>0.35</t>
   </pm-column>
   <pm-column position='6' dic='-0.8099966834585584' kdic='0.5762976776613318'>
    <a>0.15</a>
    <c>0.05</c>
    <g>0.15</g>
    <t>0.65</t>
   </pm-column>
   <pm-column position='7' dic='-0.8433881520845464' kdic='0.5429062090353443'>
    <a>0.05</a>
    <c>0.1</c>
    <g>0.25</g>
    <t>0.6</t>
   </pm-column>
   <pm-column position='8' dic='-0.9127028701434048' kdic='0.4735914909764861'>
    <a>0.25</a>
    <c>0.05</c>
    <g>0.15</g>
    <t>0.55</t>
   </pm-column>
   <pm-column position='9' dic='-0.8019407159985958' kdic='0.5843536451212947'>
    <a>0.1</a>
    <c>0.0</c>
    <g>0.45</g>
    <t>0.45</t>
   </pm-column>
   <pm-column position='10' dic='-0.9430096603219209' kdic='0.4432847007979694'>
    <a>0.05</a>
    <c>0.15</c>
    <g>0.3</g>
    <t>0.5</t>
   </pm-column>
   <pm-column position='11' dic='-0.9632829157273953' kdic='0.4230114453924953'>
    <a>0.05</a>
    <c>0.2</c>
    <g>0.25</g>
    <t>0.5</t>
   </pm-column>
   <pm-column position='12' dic='-0.7884575376540749' kdic='0.5978368234658152'>
    <a>0.05</a>
    <c>0.05</c>
    <g>0.3</g>
    <t>0.6</t>
   </pm-column>
   <pm-column position='13' dic='-0.9632829157215308' kdic='0.4230114453983598'>
    <a>0.1</a>
    <c>0.1</c>
    <g>0.3</g>
    <t>0.5</t>
   </pm-column>
   <pm-column position='14' dic='-1.0986854257824359' kdic='0.2876089353374548'>
    <a>0.2</a>
    <c>0.15</c>
    <g>0.25</g>
    <t>0.4</t>
   </pm-column>
   <pm-column position='15' dic='-1.122185607244726' kdic='0.26410875387516475'>
    <a>0.25</a>
    <c>0.25</c>
    <g>0.15</g>
    <t>0.35</t>
   </pm-column>
   <pm-column position='16' dic='-0.9632829157215308' kdic='0.4230114453983598'>
    <a>0.1</a>
    <c>0.3</c>
    <g>0.1</g>
    <t>0.5</t>
   </pm-column>
   <pm-column position='17' dic='-0.8780455111125434' kdic='0.5082488500073471'>
    <a>0.55</a>
    <c>0.05</c>
    <g>0.1</g>
    <t>0.3</t>
   </pm-column>
   <pm-column position='18' dic='-0.2970085626360216' kdic='1.0892857984838689'>
    <a>0.05</a>
    <c>0.0</c>
    <g>0.9</g>
    <t>0.05</t>
   </pm-column>
   <pm-column position='19' dic='-0.49359984427216796' kdic='0.8926945168477223'>
    <a>0.05</a>
    <c>0.8</c>
    <g>0.15</g>
    <t>0.0</t>
   </pm-column>
   <pm-column position='20' dic='-0.9209180227080385' kdic='0.46537633841185216'>
    <a>0.0</a>
    <c>0.35</c>
    <g>0.25</g>
    <t>0.4</t>
   </pm-column>
   <pm-column position='21' dic='-0.9829517952675004' kdic='0.40334256585239026'>
    <a>0.5375</a>
    <c>0.1375</c>
    <g>0.1375</g>
    <t>0.1875</t>
   </pm-column>
  </PPM>
  <PWM length='21' words-count='20.0'>
   <pm-column position='1'>
    <a>0.5534641098724036</a>
    <c>-0.13978978092667235</c>
    <g>-0.3629866916309044</g>
    <t>-0.3629866916309044</t>
   </pm-column>
   <pm-column position='2'>
    <a>-2.0381199450233134</a>
    <c>-1.1900083574670246</c>
    <g>1.1273111210232623</g>
    <t>-0.7378014230031709</t>
   </pm-column>
   <pm-column position='3'>
    <a>-0.1910943086334081</a>
    <c>-2.0381199450233134</c>
    <g>-0.1910943086334081</g>
    <t>0.7964333029239147</t>
   </pm-column>
   <pm-column position='4'>
    <a>0.41991747362515525</a>
    <c>-2.0381199450233134</c>
    <g>-0.1910943086334081</g>
    <t>0.41991747362515525</t>
   </pm-column>
   <pm-column position='5'>
    <a>-1.1900083574670246</a>
    <c>0.41991747362515525</c>
    <g>-0.1910943086334081</g>
    <t>0.29854088102466053</t>
   </pm-column>
   <pm-column position='6'>
    <a>-0.42754299986455174</a>
    <c>-1.1900083574670246</c>
    <g>-0.42754299986455174</g>
    <t>0.8719469418072678</t>
   </pm-column>
   <pm-column position='7'>
    <a>-1.1900083574670246</a>
    <c>-0.7378014230031709</c>
    <g>0.0</g>
    <t>0.7964333029239147</t>
   </pm-column>
   <pm-column position='8'>
    <a>0.0</a>
    <c>-1.1900083574670246</c>
    <g>-0.42754299986455174</g>
    <t>0.7147481495086417</t>
   </pm-column>
   <pm-column position='9'>
    <a>-0.7378014230031709</a>
    <c>-2.0381199450233134</c>
    <g>0.528143565870376</g>
    <t>0.528143565870376</t>
   </pm-column>
   <pm-column position='10'>
    <a>-1.1900083574670246</a>
    <c>-0.42754299986455174</c>
    <g>0.1603701441802004</g>
    <t>0.6257922159275146</t>
   </pm-column>
   <pm-column position='11'>
    <a>-1.1900083574670246</a>
    <c>-0.1910943086334081</c>
    <g>0.0</g>
    <t>0.6257922159275146</t>
   </pm-column>
   <pm-column position='12'>
    <a>-1.1900083574670246</a>
    <c>-1.1900083574670246</c>
    <g>0.1603701441802004</g>
    <t>0.7964333029239147</t>
   </pm-column>
   <pm-column position='13'>
    <a>-0.7378014230031709</a>
    <c>-0.7378014230031709</c>
    <g>0.1603701441802004</g>
    <t>0.6257922159275146</t>
   </pm-column>
   <pm-column position='14'>
    <a>-0.1910943086334081</a>
    <c>-0.42754299986455174</c>
    <g>0.0</g>
    <t>0.41991747362515525</t>
   </pm-column>
   <pm-column position='15'>
    <a>0.0</a>
    <c>0.0</c>
    <g>-0.42754299986455174</g>
    <t>0.29854088102466053</t>
   </pm-column>
   <pm-column position='16'>
    <a>-0.7378014230031709</a>
    <c>0.1603701441802004</c>
    <g>-0.7378014230031709</g>
    <t>0.6257922159275146</t>
   </pm-column>
   <pm-column position='17'>
    <a>0.7147481495086417</a>
    <c>-1.1900083574670246</c>
    <g>-0.7378014230031709</g>
    <t>0.1603701441802004</t>
   </pm-column>
   <pm-column position='18'>
    <a>-1.1900083574670246</a>
    <c>-2.0381199450233134</c>
    <g>1.1821225635097299</g>
    <t>-1.1900083574670246</t>
   </pm-column>
   <pm-column position='19'>
    <a>-1.1900083574670246</a>
    <c>1.0693202745642958</c>
    <g>-0.42754299986455174</g>
    <t>-2.0381199450233134</t>
   </pm-column>
   <pm-column position='20'>
    <a>-2.0381199450233134</a>
    <c>0.29854088102466053</c>
    <g>0.0</g>
    <t>0.41991747362515525</t>
   </pm-column>
   <pm-column position='21'>
    <a>0.6932399701349421</a>
    <c>-0.49655619984871685</c>
    <g>-0.49655619984871685</g>
    <t>-0.24517401151744445</t>
   </pm-column>
  </PWM>
 </motif>
</smallbismark>