<?xml version='1.0' encoding='UTF-8'?>
<smallbismark>
 <motif name='BRAC_HUMAN' id='BRAC_f2' sample-size='40' sequence-count='25' coverage='0.625' length='25'>
  <comment>HOCOMOCO v9; MAR2012; ChIPMunk v3.1</comment>
  <background>
   <a>0.25</a>
   <c>0.25</c>
   <g>0.25</g>
   <t>0.25</t>
  </background>
  <consensus>RSAWARTSACACCTAGGTGTSAAAW</consensus>
  <WPCM words-count='25.0' length='25' dic='-8.269786041744121' kdic='26.38757298625314'>
   <pm-column position='1' dic='-0.9427415669023895' kdic='0.44355279421750105'>
    <a>12.5</a>
    <c>2.5</c>
    <g>8.5</g>
    <t>1.5</t>
   </pm-column>
   <pm-column position='2' dic='-0.9222031599152953' kdic='0.4640912012045949'>
    <a>3.0</a>
    <c>13.0</c>
    <g>8.0</g>
    <t>1.0</t>
   </pm-column>
   <pm-column position='3' dic='-0.43326827421096653' kdic='0.9530260869089243'>
    <a>21.0</a>
    <c>0.0</c>
    <g>1.0</g>
    <t>3.0</t>
   </pm-column>
   <pm-column position='4' dic='-0.7799892374557745' kdic='0.6063051236641159'>
    <a>8.0</a>
    <c>1.0</c>
    <g>1.0</g>
    <t>15.0</t>
   </pm-column>
   <pm-column position='5' dic='-0.6124030477747172' kdic='0.7738913133451735'>
    <a>14.000000000000002</a>
    <c>0.0</c>
    <g>0.0</g>
    <t>11.0</t>
   </pm-column>
   <pm-column position='6' dic='-0.6690856885661833' kdic='0.7172086725537075'>
    <a>8.0</a>
    <c>0.0</c>
    <g>16.0</g>
    <t>1.0</t>
   </pm-column>
   <pm-column position='7' dic='0.0' kdic='1.3862943611198906'>
    <a>0.0</a>
    <c>0.0</c>
    <g>0.0</g>
    <t>25.0</t>
   </pm-column>
   <pm-column position='8' dic='-0.6451008436618713' kdic='0.7411935174580192'>
    <a>2.0</a>
    <c>5.0</c>
    <g>18.0</g>
    <t>0.0</t>
   </pm-column>
   <pm-column position='9' dic='0.0' kdic='1.3862943611198906'>
    <a>25.0</a>
    <c>0.0</c>
    <g>0.0</g>
    <t>0.0</t>
   </pm-column>
   <pm-column position='10' dic='0.0' kdic='1.3862943611198906'>
    <a>0.0</a>
    <c>25.0</c>
    <g>0.0</g>
    <t>0.0</t>
   </pm-column>
   <pm-column position='11' dic='0.0' kdic='1.3862943611198906'>
    <a>25.0</a>
    <c>0.0</c>
    <g>0.0</g>
    <t>0.0</t>
   </pm-column>
   <pm-column position='12' dic='-0.12875503299472796' kdic='1.2575393281251626'>
    <a>0.0</a>
    <c>24.0</c>
    <g>0.0</g>
    <t>1.0</t>
   </pm-column>
   <pm-column position='13' dic='-0.25587718620864564' kdic='1.130417174911245'>
    <a>0.0</a>
    <c>23.0</c>
    <g>1.0</g>
    <t>1.0</t>
   </pm-column>
   <pm-column position='14' dic='0.0' kdic='1.3862943611198906'>
    <a>0.0</a>
    <c>0.0</c>
    <g>0.0</g>
    <t>25.0</t>
   </pm-column>
   <pm-column position='15' dic='0.0' kdic='1.3862943611198906'>
    <a>25.0</a>
    <c>0.0</c>
    <g>0.0</g>
    <t>0.0</t>
   </pm-column>
   <pm-column position='16' dic='-0.12875503299472796' kdic='1.2575393281251623'>
    <a>0.0</a>
    <c>1.0</c>
    <g>24.0</g>
    <t>0.0</t>
   </pm-column>
   <pm-column position='17' dic='0.0' kdic='1.3862943611198906'>
    <a>0.0</a>
    <c>0.0</c>
    <g>25.0</g>
    <t>0.0</t>
   </pm-column>
   <pm-column position='18' dic='-0.12875503299472796' kdic='1.2575393281251623'>
    <a>0.0</a>
    <c>1.0</c>
    <g>0.0</g>
    <t>24.0</t>
   </pm-column>
   <pm-column position='19' dic='0.0' kdic='1.3862943611198906'>
    <a>0.0</a>
    <c>0.0</c>
    <g>25.0</g>
    <t>0.0</t>
   </pm-column>
   <pm-column position='20' dic='-0.25587718620864564' kdic='1.1304171749112448'>
    <a>1.0</a>
    <c>1.0</c>
    <g>0.0</g>
    <t>23.0</t>
   </pm-column>
   <pm-column position='21' dic='-0.6389348164711283' kdic='0.7473595446487623'>
    <a>0.0</a>
    <c>7.000000000000001</c>
    <g>17.0</g>
    <t>1.0</t>
   </pm-column>
   <pm-column position='22' dic='-0.12875503299472796' kdic='1.2575393281251626'>
    <a>24.0</a>
    <c>0.0</c>
    <g>0.0</g>
    <t>1.0</t>
   </pm-column>
   <pm-column position='23' dic='-0.35357106762106666' kdic='1.032723293498824'>
    <a>22.0</a>
    <c>2.0</c>
    <g>0.0</g>
    <t>1.0</t>
   </pm-column>
   <pm-column position='24' dic='-0.30962657607663374' kdic='1.076667785043257'>
    <a>22.0</a>
    <c>0.0</c>
    <g>3.0</g>
    <t>0.0</t>
   </pm-column>
   <pm-column position='25' dic='-0.9360872586918936' kdic='0.4502071024279972'>
    <a>5.5</a>
    <c>2.5</c>
    <g>2.5</g>
    <t>14.499999999999998</t>
   </pm-column>
  </WPCM>
  <PPM words-count='25.0' length='25' kdic='26.38757298625314' dic='-8.269786041744121'>
   <pm-column position='1' dic='-0.9427415669023895' kdic='0.44355279421750105'>
    <a>0.5</a>
    <c>0.1</c>
    <g>0.34</g>
    <t>0.06</t>
   </pm-column>
   <pm-column position='2' dic='-0.9222031599152953' kdic='0.4640912012045949'>
    <a>0.12</a>
    <c>0.52</c>
    <g>0.32</g>
    <t>0.04</t>
   </pm-column>
   <pm-column position='3' dic='-0.43326827421096653' kdic='0.9530260869089243'>
    <a>0.84</a>
    <c>0.0</c>
    <g>0.04</g>
    <t>0.12</t>
   </pm-column>
   <pm-column position='4' dic='-0.7799892374557745' kdic='0.6063051236641159'>
    <a>0.32</a>
    <c>0.04</c>
    <g>0.04</g>
    <t>0.6</t>
   </pm-column>
   <pm-column position='5' dic='-0.6124030477747172' kdic='0.7738913133451735'>
    <a>0.56</a>
    <c>0.0</c>
    <g>0.0</g>
    <t>0.44</t>
   </pm-column>
   <pm-column position='6' dic='-0.6690856885661833' kdic='0.7172086725537075'>
    <a>0.32</a>
    <c>0.0</c>
    <g>0.64</g>
    <t>0.04</t>
   </pm-column>
   <pm-column position='7' dic='0.0' kdic='1.3862943611198906'>
    <a>0.0</a>
    <c>0.0</c>
    <g>0.0</g>
    <t>1.0</t>
   </pm-column>
   <pm-column position='8' dic='-0.6451008436618713' kdic='0.7411935174580192'>
    <a>0.08</a>
    <c>0.2</c>
    <g>0.72</g>
    <t>0.0</t>
   </pm-column>
   <pm-column position='9' dic='0.0' kdic='1.3862943611198906'>
    <a>1.0</a>
    <c>0.0</c>
    <g>0.0</g>
    <t>0.0</t>
   </pm-column>
   <pm-column position='10' dic='0.0' kdic='1.3862943611198906'>
    <a>0.0</a>
    <c>1.0</c>
    <g>0.0</g>
    <t>0.0</t>
   </pm-column>
   <pm-column position='11' dic='0.0' kdic='1.3862943611198906'>
    <a>1.0</a>
    <c>0.0</c>
    <g>0.0</g>
    <t>0.0</t>
   </pm-column>
   <pm-column position='12' dic='-0.12875503299472796' kdic='1.2575393281251626'>
    <a>0.0</a>
    <c>0.96</c>
    <g>0.0</g>
    <t>0.04</t>
   </pm-column>
   <pm-column position='13' dic='-0.25587718620864564' kdic='1.130417174911245'>
    <a>0.0</a>
    <c>0.92</c>
    <g>0.04</g>
    <t>0.04</t>
   </pm-column>
   <pm-column position='14' dic='0.0' kdic='1.3862943611198906'>
    <a>0.0</a>
    <c>0.0</c>
    <g>0.0</g>
    <t>1.0</t>
   </pm-column>
   <pm-column position='15' dic='0.0' kdic='1.3862943611198906'>
    <a>1.0</a>
    <c>0.0</c>
    <g>0.0</g>
    <t>0.0</t>
   </pm-column>
   <pm-column position='16' dic='-0.12875503299472796' kdic='1.2575393281251623'>
    <a>0.0</a>
    <c>0.04</c>
    <g>0.96</g>
    <t>0.0</t>
   </pm-column>
   <pm-column position='17' dic='0.0' kdic='1.3862943611198906'>
    <a>0.0</a>
    <c>0.0</c>
    <g>1.0</g>
    <t>0.0</t>
   </pm-column>
   <pm-column position='18' dic='-0.12875503299472796' kdic='1.2575393281251623'>
    <a>0.0</a>
    <c>0.04</c>
    <g>0.0</g>
    <t>0.96</t>
   </pm-column>
   <pm-column position='19' dic='0.0' kdic='1.3862943611198906'>
    <a>0.0</a>
    <c>0.0</c>
    <g>1.0</g>
    <t>0.0</t>
   </pm-column>
   <pm-column position='20' dic='-0.25587718620864564' kdic='1.1304171749112448'>
    <a>0.04</a>
    <c>0.04</c>
    <g>0.0</g>
    <t>0.92</t>
   </pm-column>
   <pm-column position='21' dic='-0.6389348164711283' kdic='0.7473595446487623'>
    <a>0.0</a>
    <c>0.28</c>
    <g>0.68</g>
    <t>0.04</t>
   </pm-column>
   <pm-column position='22' dic='-0.12875503299472796' kdic='1.2575393281251626'>
    <a>0.96</a>
    <c>0.0</c>
    <g>0.0</g>
    <t>0.04</t>
   </pm-column>
   <pm-column position='23' dic='-0.35357106762106666' kdic='1.032723293498824'>
    <a>0.88</a>
    <c>0.08</c>
    <g>0.0</g>
    <t>0.04</t>
   </pm-column>
   <pm-column position='24' dic='-0.30962657607663374' kdic='1.076667785043257'>
    <a>0.88</a>
    <c>0.0</c>
    <g>0.12</g>
    <t>0.0</t>
   </pm-column>
   <pm-column position='25' dic='-0.9360872586918936' kdic='0.4502071024279972'>
    <a>0.22</a>
    <c>0.1</c>
    <g>0.1</g>
    <t>0.58</t>
   </pm-column>
  </PPM>
  <PWM length='25' words-count='25.0'>
   <pm-column position='1'>
    <a>0.6344220326386114</a>
    <c>-0.7583453146499745</c>
    <g>0.2768249377174389</g>
    <t>-1.1187380072711643</t>
   </pm-column>
   <pm-column position='2'>
    <a>-0.6174546215155439</a>
    <c>0.6713137386620137</c>
    <g>0.22159107438335685</g>
    <t>-1.363291871662442</t>
   </pm-column>
   <pm-column position='3'>
    <a>1.1284296638537157</a>
    <c>-2.17095893363032</c>
    <g>-1.363291871662442</g>
    <t>-0.6174546215155439</t>
   </pm-column>
   <pm-column position='4'>
    <a>0.22159107438335685</a>
    <c>-1.363291871662442</c>
    <g>-1.363291871662442</g>
    <t>0.8066118151579962</t>
   </pm-column>
   <pm-column position='5'>
    <a>0.7412492299442819</a>
    <c>-2.17095893363032</c>
    <g>-2.17095893363032</g>
    <t>0.5148026146746429</t>
   </pm-column>
   <pm-column position='6'>
    <a>0.22159107438335685</a>
    <c>-2.17095893363032</c>
    <g>0.8679629888204621</g>
    <t>-1.363291871662442</t>
   </pm-column>
   <pm-column position='7'>
    <a>-2.17095893363032</a>
    <c>-2.17095893363032</c>
    <g>-2.17095893363032</g>
    <t>1.2968606320846858</t>
   </pm-column>
   <pm-column position='8'>
    <a>-0.9223934083045802</a>
    <c>-0.19502554850799392</c>
    <g>0.9804110982505206</g>
    <t>-2.17095893363032</t>
   </pm-column>
   <pm-column position='9'>
    <a>1.2968606320846858</a>
    <c>-2.17095893363032</c>
    <g>-2.17095893363032</g>
    <t>-2.17095893363032</t>
   </pm-column>
   <pm-column position='10'>
    <a>-2.17095893363032</a>
    <c>1.2968606320846858</c>
    <g>-2.17095893363032</g>
    <t>-2.17095893363032</t>
   </pm-column>
   <pm-column position='11'>
    <a>1.2968606320846858</a>
    <c>-2.17095893363032</c>
    <g>-2.17095893363032</g>
    <t>-2.17095893363032</t>
   </pm-column>
   <pm-column position='12'>
    <a>-2.17095893363032</a>
    <c>1.2573371671650375</c>
    <g>-2.17095893363032</g>
    <t>-1.363291871662442</t>
   </pm-column>
   <pm-column position='13'>
    <a>-2.17095893363032</a>
    <c>1.216187088097265</c>
    <g>-1.363291871662442</g>
    <t>-1.363291871662442</t>
   </pm-column>
   <pm-column position='14'>
    <a>-2.17095893363032</a>
    <c>-2.17095893363032</c>
    <g>-2.17095893363032</g>
    <t>1.2968606320846858</t>
   </pm-column>
   <pm-column position='15'>
    <a>1.2968606320846858</a>
    <c>-2.17095893363032</c>
    <g>-2.17095893363032</g>
    <t>-2.17095893363032</t>
   </pm-column>
   <pm-column position='16'>
    <a>-2.17095893363032</a>
    <c>-1.363291871662442</c>
    <g>1.2573371671650375</g>
    <t>-2.17095893363032</t>
   </pm-column>
   <pm-column position='17'>
    <a>-2.17095893363032</a>
    <c>-2.17095893363032</c>
    <g>1.2968606320846858</g>
    <t>-2.17095893363032</t>
   </pm-column>
   <pm-column position='18'>
    <a>-2.17095893363032</a>
    <c>-1.363291871662442</c>
    <g>-2.17095893363032</g>
    <t>1.2573371671650375</t>
   </pm-column>
   <pm-column position='19'>
    <a>-2.17095893363032</a>
    <c>-2.17095893363032</c>
    <g>1.2968606320846858</g>
    <t>-2.17095893363032</t>
   </pm-column>
   <pm-column position='20'>
    <a>-1.363291871662442</a>
    <c>-1.363291871662442</c>
    <g>-2.17095893363032</g>
    <t>1.216187088097265</t>
   </pm-column>
   <pm-column position='21'>
    <a>-2.17095893363032</a>
    <c>0.10103179674953763</c>
    <g>0.9257667836649688</g>
    <t>-1.363291871662442</t>
   </pm-column>
   <pm-column position='22'>
    <a>1.2573371671650375</a>
    <c>-2.17095893363032</c>
    <g>-2.17095893363032</g>
    <t>-1.363291871662442</t>
   </pm-column>
   <pm-column position='23'>
    <a>1.173270737911115</a>
    <c>-0.9223934083045802</c>
    <g>-2.17095893363032</g>
    <t>-1.363291871662442</t>
   </pm-column>
   <pm-column position='24'>
    <a>1.173270737911115</a>
    <c>-2.17095893363032</c>
    <g>-0.6174546215155439</g>
    <t>-2.17095893363032</t>
   </pm-column>
   <pm-column position='25'>
    <a>-0.11239835472158012</a>
    <c>-0.7583453146499745</c>
    <g>-0.7583453146499745</g>
    <t>0.7744644609575273</t>
   </pm-column>
  </PWM>
 </motif>
</smallbismark>