<?xml version='1.0' encoding='UTF-8'?>
<smallbismark>
 <motif name='HXC13_HUMAN' id='HXC13_do' sample-size='10' sequence-count='10' coverage='1.0' length='23'>
  <comment>HOCOMOCO v9; MAR2012; ChIPMunk v3.1</comment>
  <background>
   <a>0.25</a>
   <c>0.25</c>
   <g>0.25</g>
   <t>0.25</t>
  </background>
  <consensus>nYnnvhddYnMWTnAAWdAGSnv</consensus>
  <WPCM words-count='10.0' length='23' dic='-14.805971366904654' kdic='17.078798938852827'>
   <pm-column position='1' dic='-0.9178836301644852' kdic='0.4684107309554052'>
    <a>1.25</a>
    <c>4.25</c>
    <g>3.25</g>
    <t>1.25</t>
   </pm-column>
   <pm-column position='2' dic='-0.7138866999945458' kdic='0.6724076611253447'>
    <a>1.0</a>
    <c>4.0</c>
    <g>0.0</g>
    <t>5.0</t>
   </pm-column>
   <pm-column position='3' dic='-0.852516136106402' kdic='0.5337782250134886'>
    <a>5.0</a>
    <c>3.0</c>
    <g>1.0</g>
    <t>1.0</t>
   </pm-column>
   <pm-column position='4' dic='-0.8930626469056223' kdic='0.49323171421426826'>
    <a>5.0</a>
    <c>1.0</c>
    <g>2.0</g>
    <t>2.0</t>
   </pm-column>
   <pm-column position='5' dic='-0.9441452092879434' kdic='0.44214915183194703'>
    <a>4.0</a>
    <c>3.0</c>
    <g>2.0</g>
    <t>1.0</t>
   </pm-column>
   <pm-column position='6' dic='-0.9441452092879434' kdic='0.442149151831947'>
    <a>4.0</a>
    <c>2.0</c>
    <g>1.0</g>
    <t>3.0</t>
   </pm-column>
   <pm-column position='7' dic='-0.8342839804268609' kdic='0.5520103806930297'>
    <a>3.0</a>
    <c>0.0</c>
    <g>3.0</g>
    <t>4.0</t>
   </pm-column>
   <pm-column position='8' dic='-0.7138866999828172' kdic='0.6724076611370735'>
    <a>2.0</a>
    <c>0.0</c>
    <g>2.0</g>
    <t>6.0</t>
   </pm-column>
   <pm-column position='9' dic='-0.673340189183597' kdic='0.7129541719362937'>
    <a>1.0</a>
    <c>6.0</c>
    <g>0.0</g>
    <t>3.0</t>
   </pm-column>
   <pm-column position='10' dic='-0.8748304912379495' kdic='0.5114638698819409'>
    <a>4.0</a>
    <c>4.0</c>
    <g>1.0</g>
    <t>1.0</t>
   </pm-column>
   <pm-column position='11' dic='-0.7832014180445397' kdic='0.603092943075351'>
    <a>5.0</a>
    <c>3.0</c>
    <g>2.0</g>
    <t>0.0</t>
   </pm-column>
   <pm-column position='12' dic='-0.7138866999945458' kdic='0.6724076611253449'>
    <a>5.0</a>
    <c>0.0</c>
    <g>1.0</g>
    <t>4.0</t>
   </pm-column>
   <pm-column position='13' dic='0.0' kdic='1.3862943611198906'>
    <a>0.0</a>
    <c>0.0</c>
    <g>0.0</g>
    <t>10.0</t>
   </pm-column>
   <pm-column position='14' dic='-0.552942908751142' kdic='0.8333514523687487'>
    <a>5.0</a>
    <c>0.0</c>
    <g>0.0</g>
    <t>5.0</t>
   </pm-column>
   <pm-column position='15' dic='0.0' kdic='1.3862943611198906'>
    <a>10.0</a>
    <c>0.0</c>
    <g>0.0</g>
    <t>0.0</t>
   </pm-column>
   <pm-column position='16' dic='-0.23025850929940467' kdic='1.1560358518204858'>
    <a>9.0</a>
    <c>0.0</c>
    <g>0.0</g>
    <t>1.0</t>
   </pm-column>
   <pm-column position='17' dic='-0.7138866999945458' kdic='0.6724076611253447'>
    <a>4.0</a>
    <c>1.0</c>
    <g>0.0</g>
    <t>5.0</t>
   </pm-column>
   <pm-column position='18' dic='-0.7138866999828171' kdic='0.6724076611370735'>
    <a>2.0</a>
    <c>0.0</c>
    <g>6.0</g>
    <t>2.0</t>
   </pm-column>
   <pm-column position='19' dic='-0.23025850929940467' kdic='1.1560358518204858'>
    <a>9.0</a>
    <c>0.0</c>
    <g>0.0</g>
    <t>1.0</t>
   </pm-column>
   <pm-column position='20' dic='-0.23025850929940467' kdic='1.1560358518204858'>
    <a>1.0</a>
    <c>0.0</c>
    <g>9.0</g>
    <t>0.0</t>
   </pm-column>
   <pm-column position='21' dic='-0.5886104031391481' kdic='0.7976839579807425'>
    <a>0.0</a>
    <c>2.0</c>
    <g>7.0</g>
    <t>1.0</t>
   </pm-column>
   <pm-column position='22' dic='-0.9729134165387171' kdic='0.41338094458117336'>
    <a>3.0</a>
    <c>3.0</c>
    <g>1.0</g>
    <t>3.0</t>
   </pm-column>
   <pm-column position='23' dic='-0.7138866999828172' kdic='0.6724076611370735'>
    <a>2.0</a>
    <c>2.0</c>
    <g>6.0</g>
    <t>0.0</t>
   </pm-column>
  </WPCM>
  <PPM words-count='10.0' length='23' kdic='17.078798938852827' dic='-14.805971366904654'>
   <pm-column position='1' dic='-0.9178836301644852' kdic='0.4684107309554052'>
    <a>0.125</a>
    <c>0.425</c>
    <g>0.325</g>
    <t>0.125</t>
   </pm-column>
   <pm-column position='2' dic='-0.7138866999945458' kdic='0.6724076611253447'>
    <a>0.1</a>
    <c>0.4</c>
    <g>0.0</g>
    <t>0.5</t>
   </pm-column>
   <pm-column position='3' dic='-0.852516136106402' kdic='0.5337782250134886'>
    <a>0.5</a>
    <c>0.3</c>
    <g>0.1</g>
    <t>0.1</t>
   </pm-column>
   <pm-column position='4' dic='-0.8930626469056223' kdic='0.49323171421426826'>
    <a>0.5</a>
    <c>0.1</c>
    <g>0.2</g>
    <t>0.2</t>
   </pm-column>
   <pm-column position='5' dic='-0.9441452092879434' kdic='0.44214915183194703'>
    <a>0.4</a>
    <c>0.3</c>
    <g>0.2</g>
    <t>0.1</t>
   </pm-column>
   <pm-column position='6' dic='-0.9441452092879434' kdic='0.442149151831947'>
    <a>0.4</a>
    <c>0.2</c>
    <g>0.1</g>
    <t>0.3</t>
   </pm-column>
   <pm-column position='7' dic='-0.8342839804268609' kdic='0.5520103806930297'>
    <a>0.3</a>
    <c>0.0</c>
    <g>0.3</g>
    <t>0.4</t>
   </pm-column>
   <pm-column position='8' dic='-0.7138866999828172' kdic='0.6724076611370735'>
    <a>0.2</a>
    <c>0.0</c>
    <g>0.2</g>
    <t>0.6</t>
   </pm-column>
   <pm-column position='9' dic='-0.673340189183597' kdic='0.7129541719362937'>
    <a>0.1</a>
    <c>0.6</c>
    <g>0.0</g>
    <t>0.3</t>
   </pm-column>
   <pm-column position='10' dic='-0.8748304912379495' kdic='0.5114638698819409'>
    <a>0.4</a>
    <c>0.4</c>
    <g>0.1</g>
    <t>0.1</t>
   </pm-column>
   <pm-column position='11' dic='-0.7832014180445397' kdic='0.603092943075351'>
    <a>0.5</a>
    <c>0.3</c>
    <g>0.2</g>
    <t>0.0</t>
   </pm-column>
   <pm-column position='12' dic='-0.7138866999945458' kdic='0.6724076611253449'>
    <a>0.5</a>
    <c>0.0</c>
    <g>0.1</g>
    <t>0.4</t>
   </pm-column>
   <pm-column position='13' dic='0.0' kdic='1.3862943611198906'>
    <a>0.0</a>
    <c>0.0</c>
    <g>0.0</g>
    <t>1.0</t>
   </pm-column>
   <pm-column position='14' dic='-0.552942908751142' kdic='0.8333514523687487'>
    <a>0.5</a>
    <c>0.0</c>
    <g>0.0</g>
    <t>0.5</t>
   </pm-column>
   <pm-column position='15' dic='0.0' kdic='1.3862943611198906'>
    <a>1.0</a>
    <c>0.0</c>
    <g>0.0</g>
    <t>0.0</t>
   </pm-column>
   <pm-column position='16' dic='-0.23025850929940467' kdic='1.1560358518204858'>
    <a>0.9</a>
    <c>0.0</c>
    <g>0.0</g>
    <t>0.1</t>
   </pm-column>
   <pm-column position='17' dic='-0.7138866999945458' kdic='0.6724076611253447'>
    <a>0.4</a>
    <c>0.1</c>
    <g>0.0</g>
    <t>0.5</t>
   </pm-column>
   <pm-column position='18' dic='-0.7138866999828171' kdic='0.6724076611370735'>
    <a>0.2</a>
    <c>0.0</c>
    <g>0.6</g>
    <t>0.2</t>
   </pm-column>
   <pm-column position='19' dic='-0.23025850929940467' kdic='1.1560358518204858'>
    <a>0.9</a>
    <c>0.0</c>
    <g>0.0</g>
    <t>0.1</t>
   </pm-column>
   <pm-column position='20' dic='-0.23025850929940467' kdic='1.1560358518204858'>
    <a>0.1</a>
    <c>0.0</c>
    <g>0.9</g>
    <t>0.0</t>
   </pm-column>
   <pm-column position='21' dic='-0.5886104031391481' kdic='0.7976839579807425'>
    <a>0.0</a>
    <c>0.2</c>
    <g>0.7</g>
    <t>0.1</t>
   </pm-column>
   <pm-column position='22' dic='-0.9729134165387171' kdic='0.41338094458117336'>
    <a>0.3</a>
    <c>0.3</c>
    <g>0.1</g>
    <t>0.3</t>
   </pm-column>
   <pm-column position='23' dic='-0.7138866999828172' kdic='0.6724076611370735'>
    <a>0.2</a>
    <c>0.2</c>
    <g>0.6</g>
    <t>0.0</t>
   </pm-column>
  </PPM>
  <PWM length='23' words-count='10.0'>
   <pm-column position='1'>
    <a>-0.5215810026620508</a>
    <c>0.45042961912566876</c>
    <g>0.2182123639947748</g>
    <t>-0.5215810026620508</t>
   </pm-column>
   <pm-column position='2'>
    <a>-0.6688495290023142</a>
    <c>0.39723290132525896</c>
    <g>-1.675776965209879</g>
    <t>0.5948931847422818</t>
   </pm-column>
   <pm-column position='3'>
    <a>0.5948931847422818</a>
    <c>0.15063088620391218</c>
    <g>-0.6688495290023142</g>
    <t>-0.6688495290023142</t>
   </pm-column>
   <pm-column position='4'>
    <a>0.5948931847422818</a>
    <c>-0.6688495290023142</c>
    <g>-0.17741456681009707</g>
    <t>-0.17741456681009707</t>
   </pm-column>
   <pm-column position='5'>
    <a>0.39723290132525896</a>
    <c>0.15063088620391218</c>
    <g>-0.17741456681009707</g>
    <t>-0.6688495290023142</t>
   </pm-column>
   <pm-column position='6'>
    <a>0.39723290132525896</a>
    <c>-0.17741456681009707</c>
    <g>-0.6688495290023142</g>
    <t>0.15063088620391218</t>
   </pm-column>
   <pm-column position='7'>
    <a>0.15063088620391218</a>
    <c>-1.675776965209879</c>
    <g>0.15063088620391218</g>
    <t>0.39723290132525896</t>
   </pm-column>
   <pm-column position='8'>
    <a>-0.17741456681009707</a>
    <c>-1.675776965209879</c>
    <g>-0.17741456681009707</g>
    <t>0.7598578164047711</t>
   </pm-column>
   <pm-column position='9'>
    <a>-0.6688495290023142</a>
    <c>0.7598578164047711</c>
    <g>-1.675776965209879</g>
    <t>0.15063088620391218</t>
   </pm-column>
   <pm-column position='10'>
    <a>0.39723290132525896</a>
    <c>0.39723290132525896</c>
    <g>-0.6688495290023142</g>
    <t>-0.6688495290023142</t>
   </pm-column>
   <pm-column position='11'>
    <a>0.5948931847422818</a>
    <c>0.15063088620391218</c>
    <g>-0.17741456681009707</g>
    <t>-1.675776965209879</t>
   </pm-column>
   <pm-column position='12'>
    <a>0.5948931847422818</a>
    <c>-1.675776965209879</c>
    <g>-0.6688495290023142</g>
    <t>0.39723290132525896</t>
   </pm-column>
   <pm-column position='13'>
    <a>-1.675776965209879</a>
    <c>-1.675776965209879</c>
    <g>-1.675776965209879</g>
    <t>1.2350387870366069</t>
   </pm-column>
   <pm-column position='14'>
    <a>0.5948931847422818</a>
    <c>-1.675776965209879</c>
    <g>-1.675776965209879</g>
    <t>0.5948931847422818</t>
   </pm-column>
   <pm-column position='15'>
    <a>1.2350387870366069</a>
    <c>-1.675776965209879</c>
    <g>-1.675776965209879</g>
    <t>-1.675776965209879</t>
   </pm-column>
   <pm-column position='16'>
    <a>1.1357079793516474</a>
    <c>-1.675776965209879</c>
    <g>-1.675776965209879</g>
    <t>-0.6688495290023142</t>
   </pm-column>
   <pm-column position='17'>
    <a>0.39723290132525896</a>
    <c>-0.6688495290023142</c>
    <g>-1.675776965209879</g>
    <t>0.5948931847422818</t>
   </pm-column>
   <pm-column position='18'>
    <a>-0.17741456681009707</a>
    <c>-1.675776965209879</c>
    <g>0.7598578164047711</g>
    <t>-0.17741456681009707</t>
   </pm-column>
   <pm-column position='19'>
    <a>1.1357079793516474</a>
    <c>-1.675776965209879</c>
    <g>-1.675776965209879</g>
    <t>-0.6688495290023142</t>
   </pm-column>
   <pm-column position='20'>
    <a>-0.6688495290023142</a>
    <c>-1.675776965209879</c>
    <g>1.1357079793516474</g>
    <t>-1.675776965209879</t>
   </pm-column>
   <pm-column position='21'>
    <a>-1.675776965209879</a>
    <c>-0.17741456681009707</c>
    <g>0.9014236150186978</g>
    <t>-0.6688495290023142</t>
   </pm-column>
   <pm-column position='22'>
    <a>0.15063088620391218</a>
    <c>0.15063088620391218</c>
    <g>-0.6688495290023142</g>
    <t>0.15063088620391218</t>
   </pm-column>
   <pm-column position='23'>
    <a>-0.17741456681009707</a>
    <c>-0.17741456681009707</c>
    <g>0.7598578164047711</g>
    <t>-1.675776965209879</t>
   </pm-column>
  </PWM>
 </motif>
</smallbismark>