<?xml version='1.0' encoding='UTF-8'?>
<smallbismark>
 <motif name='ONEC2_HUMAN' id='ONEC2_si' sample-size='7' sequence-count='7' coverage='1.0' length='21'>
  <comment>HOCOMOCO v9; MAR2012; ChIPMunk v3.1</comment>
  <background>
   <a>0.25</a>
   <c>0.25</c>
   <g>0.25</g>
   <t>0.25</t>
  </background>
  <consensus>RKvhYdTbATKGATTWTWTTW</consensus>
  <WPCM words-count='7.0' length='21' dic='-10.596858308558568' kdic='18.51532327495913'>
   <pm-column position='1' dic='-0.7658617894521329' kdic='0.6204325716677577'>
    <a>2.078125</a>
    <c>0.0</c>
    <g>2.953125</g>
    <t>1.96875</t>
   </pm-column>
   <pm-column position='2' dic='-0.6677675330261207' kdic='0.71852682809377'>
    <a>0.984375</a>
    <c>0.0</c>
    <g>2.078125</g>
    <t>3.9375</t>
   </pm-column>
   <pm-column position='3' dic='-0.8411300772893993' kdic='0.5451642838304913'>
    <a>0.984375</a>
    <c>3.0625</c>
    <g>2.078125</g>
    <t>0.875</t>
   </pm-column>
   <pm-column position='4' dic='-0.8635097300759912' kdic='0.5227846310438994'>
    <a>1.859375</a>
    <c>1.09375</c>
    <g>0.984375</g>
    <t>3.0625</t>
   </pm-column>
   <pm-column position='5' dic='-0.7711984791857469' kdic='0.6150958819341437'>
    <a>0.984375</a>
    <c>1.09375</c>
    <g>0.984375</g>
    <t>3.9375</t>
   </pm-column>
   <pm-column position='6' dic='-0.8355538295093706' kdic='0.55074053161052'>
    <a>0.984375</a>
    <c>0.875</c>
    <g>3.171875</g>
    <t>1.96875</t>
   </pm-column>
   <pm-column position='7' dic='-0.5129828016212569' kdic='0.8733115594986337'>
    <a>3.171875</a>
    <c>0.0</c>
    <g>0.0</g>
    <t>3.828125</t>
   </pm-column>
   <pm-column position='8' dic='-0.5263235815505966' kdic='0.8599707795692941'>
    <a>0.0</a>
    <c>0.984375</c>
    <g>0.984375</g>
    <t>5.03125</t>
   </pm-column>
   <pm-column position='9' dic='0.0' kdic='1.3862943611198906'>
    <a>7.0</a>
    <c>0.0</c>
    <g>0.0</g>
    <t>0.0</t>
   </pm-column>
   <pm-column position='10' dic='0.0' kdic='1.3862943611198906'>
    <a>0.0</a>
    <c>0.0</c>
    <g>0.0</g>
    <t>7.0</t>
   </pm-column>
   <pm-column position='11' dic='-0.6762693652316657' kdic='0.7100249958882248'>
    <a>0.0</a>
    <c>1.09375</c>
    <g>1.96875</g>
    <t>3.9375</t>
   </pm-column>
   <pm-column position='12' dic='-0.29691277232845514' kdic='1.0893815887914353'>
    <a>1.09375</a>
    <c>0.0</c>
    <g>5.90625</g>
    <t>0.0</t>
   </pm-column>
   <pm-column position='13' dic='0.0' kdic='1.3862943611198906'>
    <a>7.0</a>
    <c>0.0</c>
    <g>0.0</g>
    <t>0.0</t>
   </pm-column>
   <pm-column position='14' dic='-0.43139446759651545' kdic='0.9548998935233751'>
    <a>0.0</a>
    <c>1.96875</c>
    <g>0.0</g>
    <t>5.03125</t>
   </pm-column>
   <pm-column position='15' dic='0.0' kdic='1.3862943611198906'>
    <a>0.0</a>
    <c>0.0</c>
    <g>0.0</g>
    <t>7.0</t>
   </pm-column>
   <pm-column position='16' dic='-0.6349430927560532' kdic='0.7513512683638373'>
    <a>1.96875</a>
    <c>0.875</c>
    <g>0.0</g>
    <t>4.15625</t>
   </pm-column>
   <pm-column position='17' dic='-0.43139446759651545' kdic='0.9548998935233751'>
    <a>1.96875</a>
    <c>0.0</c>
    <g>0.0</g>
    <t>5.03125</t>
   </pm-column>
   <pm-column position='18' dic='-0.6588231639881187' kdic='0.7274711971317718'>
    <a>1.96875</a>
    <c>0.0</c>
    <g>0.984375</g>
    <t>4.046875</t>
   </pm-column>
   <pm-column position='19' dic='-0.5061533988273668' kdic='0.8801409622925238'>
    <a>0.0</a>
    <c>2.953125</c>
    <g>0.0</g>
    <t>4.046875</t>
   </pm-column>
   <pm-column position='20' dic='-0.5099982397113425' kdic='0.8762961214085482'>
    <a>0.0</a>
    <c>3.0625</c>
    <g>0.0</g>
    <t>3.9375</t>
   </pm-column>
   <pm-column position='21' dic='-0.6666415188119222' kdic='0.7196528423079683'>
    <a>1.859375</a>
    <c>1.09375</c>
    <g>0.0</g>
    <t>4.046875</t>
   </pm-column>
  </WPCM>
  <PPM words-count='7.0' length='21' kdic='18.51532327495913' dic='-10.596858308558568'>
   <pm-column position='1' dic='-0.7658617894521329' kdic='0.6204325716677577'>
    <a>0.296875</a>
    <c>0.0</c>
    <g>0.421875</g>
    <t>0.28125</t>
   </pm-column>
   <pm-column position='2' dic='-0.6677675330261207' kdic='0.71852682809377'>
    <a>0.140625</a>
    <c>0.0</c>
    <g>0.296875</g>
    <t>0.5625</t>
   </pm-column>
   <pm-column position='3' dic='-0.8411300772893993' kdic='0.5451642838304913'>
    <a>0.140625</a>
    <c>0.4375</c>
    <g>0.296875</g>
    <t>0.125</t>
   </pm-column>
   <pm-column position='4' dic='-0.8635097300759912' kdic='0.5227846310438994'>
    <a>0.265625</a>
    <c>0.15625</c>
    <g>0.140625</g>
    <t>0.4375</t>
   </pm-column>
   <pm-column position='5' dic='-0.7711984791857469' kdic='0.6150958819341437'>
    <a>0.140625</a>
    <c>0.15625</c>
    <g>0.140625</g>
    <t>0.5625</t>
   </pm-column>
   <pm-column position='6' dic='-0.8355538295093706' kdic='0.55074053161052'>
    <a>0.140625</a>
    <c>0.125</c>
    <g>0.453125</g>
    <t>0.28125</t>
   </pm-column>
   <pm-column position='7' dic='-0.5129828016212569' kdic='0.8733115594986337'>
    <a>0.453125</a>
    <c>0.0</c>
    <g>0.0</g>
    <t>0.546875</t>
   </pm-column>
   <pm-column position='8' dic='-0.5263235815505966' kdic='0.8599707795692941'>
    <a>0.0</a>
    <c>0.140625</c>
    <g>0.140625</g>
    <t>0.71875</t>
   </pm-column>
   <pm-column position='9' dic='0.0' kdic='1.3862943611198906'>
    <a>1.0</a>
    <c>0.0</c>
    <g>0.0</g>
    <t>0.0</t>
   </pm-column>
   <pm-column position='10' dic='0.0' kdic='1.3862943611198906'>
    <a>0.0</a>
    <c>0.0</c>
    <g>0.0</g>
    <t>1.0</t>
   </pm-column>
   <pm-column position='11' dic='-0.6762693652316657' kdic='0.7100249958882248'>
    <a>0.0</a>
    <c>0.15625</c>
    <g>0.28125</g>
    <t>0.5625</t>
   </pm-column>
   <pm-column position='12' dic='-0.29691277232845514' kdic='1.0893815887914353'>
    <a>0.15625</a>
    <c>0.0</c>
    <g>0.84375</g>
    <t>0.0</t>
   </pm-column>
   <pm-column position='13' dic='0.0' kdic='1.3862943611198906'>
    <a>1.0</a>
    <c>0.0</c>
    <g>0.0</g>
    <t>0.0</t>
   </pm-column>
   <pm-column position='14' dic='-0.43139446759651545' kdic='0.9548998935233751'>
    <a>0.0</a>
    <c>0.28125</c>
    <g>0.0</g>
    <t>0.71875</t>
   </pm-column>
   <pm-column position='15' dic='0.0' kdic='1.3862943611198906'>
    <a>0.0</a>
    <c>0.0</c>
    <g>0.0</g>
    <t>1.0</t>
   </pm-column>
   <pm-column position='16' dic='-0.6349430927560532' kdic='0.7513512683638373'>
    <a>0.28125</a>
    <c>0.125</c>
    <g>0.0</g>
    <t>0.59375</t>
   </pm-column>
   <pm-column position='17' dic='-0.43139446759651545' kdic='0.9548998935233751'>
    <a>0.28125</a>
    <c>0.0</c>
    <g>0.0</g>
    <t>0.71875</t>
   </pm-column>
   <pm-column position='18' dic='-0.6588231639881187' kdic='0.7274711971317718'>
    <a>0.28125</a>
    <c>0.0</c>
    <g>0.140625</g>
    <t>0.578125</t>
   </pm-column>
   <pm-column position='19' dic='-0.5061533988273668' kdic='0.8801409622925238'>
    <a>0.0</a>
    <c>0.421875</c>
    <g>0.0</g>
    <t>0.578125</t>
   </pm-column>
   <pm-column position='20' dic='-0.5099982397113425' kdic='0.8762961214085482'>
    <a>0.0</a>
    <c>0.4375</c>
    <g>0.0</g>
    <t>0.5625</t>
   </pm-column>
   <pm-column position='21' dic='-0.6666415188119222' kdic='0.7196528423079683'>
    <a>0.265625</a>
    <c>0.15625</c>
    <g>0.0</g>
    <t>0.578125</t>
   </pm-column>
  </PPM>
  <PWM length='21' words-count='7.0'>
   <pm-column position='1'>
    <a>0.13690141024352398</a>
    <c>-1.5254666506814403</c>
    <g>0.4304538230769754</g>
    <t>0.09331734001502394</t>
   </pm-column>
   <pm-column position='2'>
    <a>-0.4190599101371019</a>
    <c>-1.5254666506814403</c>
    <g>0.13690141024352398</g>
    <t>0.6821370865953074</t>
   </pm-column>
   <pm-column position='3'>
    <a>-0.4190599101371019</a>
    <c>0.461757444190282</c>
    <g>0.13690141024352398</g>
    <t>-0.496331565665126</t>
   </pm-column>
   <pm-column position='4'>
    <a>0.04774679102457585</a>
    <c>-0.3473332525430549</c>
    <g>-0.4190599101371019</g>
    <t>0.461757444190282</t>
   </pm-column>
   <pm-column position='5'>
    <a>-0.4190599101371019</a>
    <c>-0.3473332525430549</c>
    <g>-0.4190599101371019</g>
    <t>0.6821370865953074</t>
   </pm-column>
   <pm-column position='6'>
    <a>-0.4190599101371019</a>
    <c>-0.496331565665126</c>
    <g>0.49211081950548824</g>
    <t>0.09331734001502394</t>
   </pm-column>
   <pm-column position='7'>
    <a>0.49211081950548824</a>
    <c>-1.5254666506814403</c>
    <g>-1.5254666506814403</g>
    <t>0.6571031082790381</t>
   </pm-column>
   <pm-column position='8'>
    <a>-1.5254666506814403</a>
    <c>-0.4190599101371019</c>
    <g>-0.4190599101371019</g>
    <t>0.9030639973545976</t>
   </pm-column>
   <pm-column position='9'>
    <a>1.2081962980190417</a>
    <c>-1.5254666506814403</c>
    <g>-1.5254666506814403</g>
    <t>-1.5254666506814403</t>
   </pm-column>
   <pm-column position='10'>
    <a>-1.5254666506814403</a>
    <c>-1.5254666506814403</c>
    <g>-1.5254666506814403</g>
    <t>1.2081962980190417</t>
   </pm-column>
   <pm-column position='11'>
    <a>-1.5254666506814403</a>
    <c>-0.3473332525430549</c>
    <g>0.09331734001502394</g>
    <t>0.6821370865953074</t>
   </pm-column>
   <pm-column position='12'>
    <a>-0.3473332525430549</a>
    <c>-1.5254666506814403</c>
    <g>1.0502589218195848</g>
    <t>-1.5254666506814403</t>
   </pm-column>
   <pm-column position='13'>
    <a>1.2081962980190417</a>
    <c>-1.5254666506814403</c>
    <g>-1.5254666506814403</g>
    <t>-1.5254666506814403</t>
   </pm-column>
   <pm-column position='14'>
    <a>-1.5254666506814403</a>
    <c>0.09331734001502394</c>
    <g>-1.5254666506814403</g>
    <t>0.9030639973545976</t>
   </pm-column>
   <pm-column position='15'>
    <a>-1.5254666506814403</a>
    <c>-1.5254666506814403</c>
    <g>-1.5254666506814403</g>
    <t>1.2081962980190417</t>
   </pm-column>
   <pm-column position='16'>
    <a>0.09331734001502394</a>
    <c>-0.496331565665126</c>
    <g>-1.5254666506814403</g>
    <t>0.7303999247000525</t>
   </pm-column>
   <pm-column position='17'>
    <a>0.09331734001502394</a>
    <c>-1.5254666506814403</c>
    <g>-1.5254666506814403</g>
    <t>0.9030639973545976</t>
   </pm-column>
   <pm-column position='18'>
    <a>0.09331734001502394</a>
    <c>-1.5254666506814403</c>
    <g>-0.4190599101371019</g>
    <t>0.7065596400862366</t>
   </pm-column>
   <pm-column position='19'>
    <a>-1.5254666506814403</a>
    <c>0.4304538230769754</c>
    <g>-1.5254666506814403</g>
    <t>0.7065596400862366</t>
   </pm-column>
   <pm-column position='20'>
    <a>-1.5254666506814403</a>
    <c>0.461757444190282</c>
    <g>-1.5254666506814403</g>
    <t>0.6821370865953074</t>
   </pm-column>
   <pm-column position='21'>
    <a>0.04774679102457585</a>
    <c>-0.3473332525430549</c>
    <g>-1.5254666506814403</g>
    <t>0.7065596400862366</t>
   </pm-column>
  </PWM>
 </motif>
</smallbismark>