<?xml version='1.0' encoding='UTF-8'?>
<smallbismark>
 <motif name='ONEC2_HUMAN' id='ONEC2_do' sample-size='7' sequence-count='7' coverage='1.0' length='25'>
  <comment>HOCOMOCO v9; MAR2012; ChIPMunk v3.1</comment>
  <background>
   <a>0.25</a>
   <c>0.25</c>
   <g>0.25</g>
   <t>0.25</t>
  </background>
  <consensus>nTWdWRTnYYdTTATYRAhTnddTb</consensus>
  <WPCM words-count='7.0' length='25' dic='-14.160251948348446' kdic='20.49710707964882'>
   <pm-column position='1' dic='-0.8700428008337031' kdic='0.5162515602861876'>
    <a>1.01171875</a>
    <c>2.10546875</c>
    <g>2.87109375</g>
    <t>1.01171875</t>
   </pm-column>
   <pm-column position='2' dic='-0.5014425279482956' kdic='0.8848518331715949'>
    <a>0.0</a>
    <c>2.84375</c>
    <g>0.0</g>
    <t>4.15625</t>
   </pm-column>
   <pm-column position='3' dic='-0.6349430927560532' kdic='0.7513512683638373'>
    <a>1.96875</a>
    <c>0.875</c>
    <g>0.0</g>
    <t>4.15625</t>
   </pm-column>
   <pm-column position='4' dic='-0.7298722067101343' kdic='0.6564221544097563'>
    <a>4.15625</a>
    <c>0.875</c>
    <g>0.984375</g>
    <t>0.984375</t>
   </pm-column>
   <pm-column position='5' dic='-0.6349430927560532' kdic='0.7513512683638374'>
    <a>4.15625</a>
    <c>0.0</c>
    <g>0.875</g>
    <t>1.96875</t>
   </pm-column>
   <pm-column position='6' dic='-0.5468554032389811' kdic='0.8394389578809094'>
    <a>1.09375</a>
    <c>0.0</c>
    <g>4.921875</g>
    <t>0.984375</t>
   </pm-column>
   <pm-column position='7' dic='-0.44342445707935496' kdic='0.9428699040405356'>
    <a>0.0</a>
    <c>0.0</c>
    <g>2.078125</g>
    <t>4.921875</t>
   </pm-column>
   <pm-column position='8' dic='-0.9178480772311433' kdic='0.4684462838887474'>
    <a>0.984375</a>
    <c>2.078125</c>
    <g>2.078125</g>
    <t>1.859375</t>
   </pm-column>
   <pm-column position='9' dic='-0.5202641157933533' kdic='0.8660302453265373'>
    <a>0.875</a>
    <c>1.09375</c>
    <g>0.0</g>
    <t>5.03125</t>
   </pm-column>
   <pm-column position='10' dic='-0.7711984791857469' kdic='0.6150958819341437'>
    <a>0.984375</a>
    <c>1.09375</c>
    <g>0.984375</g>
    <t>3.9375</t>
   </pm-column>
   <pm-column position='11' dic='-0.8355538295093706' kdic='0.55074053161052'>
    <a>0.984375</a>
    <c>0.875</c>
    <g>3.171875</g>
    <t>1.96875</t>
   </pm-column>
   <pm-column position='12' dic='-0.5129828016212569' kdic='0.8733115594986337'>
    <a>3.171875</a>
    <c>0.0</c>
    <g>0.0</g>
    <t>3.828125</t>
   </pm-column>
   <pm-column position='13' dic='-0.43139446759651545' kdic='0.9548998935233751'>
    <a>0.0</a>
    <c>1.96875</c>
    <g>0.0</g>
    <t>5.03125</t>
   </pm-column>
   <pm-column position='14' dic='-0.27380416649342365' kdic='1.112490194626467'>
    <a>6.015625</a>
    <c>0.0</c>
    <g>0.0</g>
    <t>0.984375</t>
   </pm-column>
   <pm-column position='15' dic='-0.27380416649342365' kdic='1.112490194626467'>
    <a>0.984375</a>
    <c>0.0</c>
    <g>0.0</g>
    <t>6.015625</t>
   </pm-column>
   <pm-column position='16' dic='-0.5468554032389811' kdic='0.8394389578809094'>
    <a>0.0</a>
    <c>1.09375</c>
    <g>0.984375</g>
    <t>4.921875</t>
   </pm-column>
   <pm-column position='17' dic='-0.5468554032389811' kdic='0.8394389578809094'>
    <a>1.09375</a>
    <c>0.984375</c>
    <g>4.921875</g>
    <t>0.0</t>
   </pm-column>
   <pm-column position='18' dic='-0.27380416649342365' kdic='1.112490194626467'>
    <a>6.015625</a>
    <c>0.0</c>
    <g>0.0</g>
    <t>0.984375</t>
   </pm-column>
   <pm-column position='19' dic='-0.5263235815505966' kdic='0.8599707795692941'>
    <a>0.984375</a>
    <c>0.984375</c>
    <g>0.0</g>
    <t>5.03125</t>
   </pm-column>
   <pm-column position='20' dic='-0.27380416649342365' kdic='1.112490194626467'>
    <a>0.984375</a>
    <c>0.0</c>
    <g>0.0</g>
    <t>6.015625</t>
   </pm-column>
   <pm-column position='21' dic='-0.8494316500904174' kdic='0.5368627110294731'>
    <a>0.984375</a>
    <c>1.859375</c>
    <g>0.984375</g>
    <t>3.171875</t>
   </pm-column>
   <pm-column position='22' dic='-0.5263235815505966' kdic='0.8599707795692941'>
    <a>0.984375</a>
    <c>0.0</c>
    <g>0.984375</g>
    <t>5.03125</t>
   </pm-column>
   <pm-column position='23' dic='-0.5263235815505966' kdic='0.8599707795692941'>
    <a>0.984375</a>
    <c>0.0</c>
    <g>0.984375</g>
    <t>5.03125</t>
   </pm-column>
   <pm-column position='24' dic='-0.43139446759651545' kdic='0.9548998935233751'>
    <a>0.0</a>
    <c>1.96875</c>
    <g>0.0</g>
    <t>5.03125</t>
   </pm-column>
   <pm-column position='25' dic='-0.7607622612981065' kdic='0.6255320998217841'>
    <a>0.0</a>
    <c>3.0625</c>
    <g>1.96875</g>
    <t>1.96875</t>
   </pm-column>
  </WPCM>
  <PPM words-count='7.0' length='25' kdic='20.49710707964882' dic='-14.160251948348446'>
   <pm-column position='1' dic='-0.8700428008337031' kdic='0.5162515602861876'>
    <a>0.14453125</a>
    <c>0.30078125</c>
    <g>0.41015625</g>
    <t>0.14453125</t>
   </pm-column>
   <pm-column position='2' dic='-0.5014425279482956' kdic='0.8848518331715949'>
    <a>0.0</a>
    <c>0.40625</c>
    <g>0.0</g>
    <t>0.59375</t>
   </pm-column>
   <pm-column position='3' dic='-0.6349430927560532' kdic='0.7513512683638373'>
    <a>0.28125</a>
    <c>0.125</c>
    <g>0.0</g>
    <t>0.59375</t>
   </pm-column>
   <pm-column position='4' dic='-0.7298722067101343' kdic='0.6564221544097563'>
    <a>0.59375</a>
    <c>0.125</c>
    <g>0.140625</g>
    <t>0.140625</t>
   </pm-column>
   <pm-column position='5' dic='-0.6349430927560532' kdic='0.7513512683638374'>
    <a>0.59375</a>
    <c>0.0</c>
    <g>0.125</g>
    <t>0.28125</t>
   </pm-column>
   <pm-column position='6' dic='-0.5468554032389811' kdic='0.8394389578809094'>
    <a>0.15625</a>
    <c>0.0</c>
    <g>0.703125</g>
    <t>0.140625</t>
   </pm-column>
   <pm-column position='7' dic='-0.44342445707935496' kdic='0.9428699040405356'>
    <a>0.0</a>
    <c>0.0</c>
    <g>0.296875</g>
    <t>0.703125</t>
   </pm-column>
   <pm-column position='8' dic='-0.9178480772311433' kdic='0.4684462838887474'>
    <a>0.140625</a>
    <c>0.296875</c>
    <g>0.296875</g>
    <t>0.265625</t>
   </pm-column>
   <pm-column position='9' dic='-0.5202641157933533' kdic='0.8660302453265373'>
    <a>0.125</a>
    <c>0.15625</c>
    <g>0.0</g>
    <t>0.71875</t>
   </pm-column>
   <pm-column position='10' dic='-0.7711984791857469' kdic='0.6150958819341437'>
    <a>0.140625</a>
    <c>0.15625</c>
    <g>0.140625</g>
    <t>0.5625</t>
   </pm-column>
   <pm-column position='11' dic='-0.8355538295093706' kdic='0.55074053161052'>
    <a>0.140625</a>
    <c>0.125</c>
    <g>0.453125</g>
    <t>0.28125</t>
   </pm-column>
   <pm-column position='12' dic='-0.5129828016212569' kdic='0.8733115594986337'>
    <a>0.453125</a>
    <c>0.0</c>
    <g>0.0</g>
    <t>0.546875</t>
   </pm-column>
   <pm-column position='13' dic='-0.43139446759651545' kdic='0.9548998935233751'>
    <a>0.0</a>
    <c>0.28125</c>
    <g>0.0</g>
    <t>0.71875</t>
   </pm-column>
   <pm-column position='14' dic='-0.27380416649342365' kdic='1.112490194626467'>
    <a>0.859375</a>
    <c>0.0</c>
    <g>0.0</g>
    <t>0.140625</t>
   </pm-column>
   <pm-column position='15' dic='-0.27380416649342365' kdic='1.112490194626467'>
    <a>0.140625</a>
    <c>0.0</c>
    <g>0.0</g>
    <t>0.859375</t>
   </pm-column>
   <pm-column position='16' dic='-0.5468554032389811' kdic='0.8394389578809094'>
    <a>0.0</a>
    <c>0.15625</c>
    <g>0.140625</g>
    <t>0.703125</t>
   </pm-column>
   <pm-column position='17' dic='-0.5468554032389811' kdic='0.8394389578809094'>
    <a>0.15625</a>
    <c>0.140625</c>
    <g>0.703125</g>
    <t>0.0</t>
   </pm-column>
   <pm-column position='18' dic='-0.27380416649342365' kdic='1.112490194626467'>
    <a>0.859375</a>
    <c>0.0</c>
    <g>0.0</g>
    <t>0.140625</t>
   </pm-column>
   <pm-column position='19' dic='-0.5263235815505966' kdic='0.8599707795692941'>
    <a>0.140625</a>
    <c>0.140625</c>
    <g>0.0</g>
    <t>0.71875</t>
   </pm-column>
   <pm-column position='20' dic='-0.27380416649342365' kdic='1.112490194626467'>
    <a>0.140625</a>
    <c>0.0</c>
    <g>0.0</g>
    <t>0.859375</t>
   </pm-column>
   <pm-column position='21' dic='-0.8494316500904174' kdic='0.5368627110294731'>
    <a>0.140625</a>
    <c>0.265625</c>
    <g>0.140625</g>
    <t>0.453125</t>
   </pm-column>
   <pm-column position='22' dic='-0.5263235815505966' kdic='0.8599707795692941'>
    <a>0.140625</a>
    <c>0.0</c>
    <g>0.140625</g>
    <t>0.71875</t>
   </pm-column>
   <pm-column position='23' dic='-0.5263235815505966' kdic='0.8599707795692941'>
    <a>0.140625</a>
    <c>0.0</c>
    <g>0.140625</g>
    <t>0.71875</t>
   </pm-column>
   <pm-column position='24' dic='-0.43139446759651545' kdic='0.9548998935233751'>
    <a>0.0</a>
    <c>0.28125</c>
    <g>0.0</g>
    <t>0.71875</t>
   </pm-column>
   <pm-column position='25' dic='-0.7607622612981065' kdic='0.6255320998217841'>
    <a>0.0</a>
    <c>0.4375</c>
    <g>0.28125</g>
    <t>0.28125</t>
   </pm-column>
  </PPM>
  <PWM length='25' words-count='7.0'>
   <pm-column position='1'>
    <a>-0.40064019074245627</a>
    <c>0.14750695562924926</c>
    <g>0.4063157812953983</g>
    <t>-0.40064019074245627</t>
   </pm-column>
   <pm-column position='2'>
    <a>-1.5254666506814403</a>
    <c>0.39813853102682906</c>
    <g>-1.5254666506814403</g>
    <t>0.7303999247000525</t>
   </pm-column>
   <pm-column position='3'>
    <a>0.09331734001502394</a>
    <c>-0.496331565665126</c>
    <g>-1.5254666506814403</g>
    <t>0.7303999247000525</t>
   </pm-column>
   <pm-column position='4'>
    <a>0.7303999247000525</a>
    <c>-0.496331565665126</c>
    <g>-0.4190599101371019</g>
    <t>-0.4190599101371019</t>
   </pm-column>
   <pm-column position='5'>
    <a>0.7303999247000525</a>
    <c>-1.5254666506814403</c>
    <g>-0.496331565665126</g>
    <t>0.09331734001502394</t>
   </pm-column>
   <pm-column position='6'>
    <a>-0.3473332525430549</a>
    <c>-1.5254666506814403</c>
    <g>0.8830424245797034</g>
    <t>-0.4190599101371019</t>
   </pm-column>
   <pm-column position='7'>
    <a>-1.5254666506814403</a>
    <c>-1.5254666506814403</c>
    <g>0.13690141024352398</g>
    <t>0.8830424245797034</t>
   </pm-column>
   <pm-column position='8'>
    <a>-0.4190599101371019</a>
    <c>0.13690141024352398</c>
    <g>0.13690141024352398</g>
    <t>0.04774679102457585</t>
   </pm-column>
   <pm-column position='9'>
    <a>-0.496331565665126</a>
    <c>-0.3473332525430549</c>
    <g>-1.5254666506814403</g>
    <t>0.9030639973545976</t>
   </pm-column>
   <pm-column position='10'>
    <a>-0.4190599101371019</a>
    <c>-0.3473332525430549</c>
    <g>-0.4190599101371019</g>
    <t>0.6821370865953074</t>
   </pm-column>
   <pm-column position='11'>
    <a>-0.4190599101371019</a>
    <c>-0.496331565665126</c>
    <g>0.49211081950548824</g>
    <t>0.09331734001502394</t>
   </pm-column>
   <pm-column position='12'>
    <a>0.49211081950548824</a>
    <c>-1.5254666506814403</c>
    <g>-1.5254666506814403</g>
    <t>0.6571031082790381</t>
   </pm-column>
   <pm-column position='13'>
    <a>-1.5254666506814403</a>
    <c>0.09331734001502394</c>
    <g>-1.5254666506814403</g>
    <t>0.9030639973545976</t>
   </pm-column>
   <pm-column position='14'>
    <a>1.0672234917288645</a>
    <c>-1.5254666506814403</c>
    <g>-1.5254666506814403</g>
    <t>-0.4190599101371019</t>
   </pm-column>
   <pm-column position='15'>
    <a>-0.4190599101371019</a>
    <c>-1.5254666506814403</c>
    <g>-1.5254666506814403</g>
    <t>1.0672234917288645</t>
   </pm-column>
   <pm-column position='16'>
    <a>-1.5254666506814403</a>
    <c>-0.3473332525430549</c>
    <g>-0.4190599101371019</g>
    <t>0.8830424245797034</t>
   </pm-column>
   <pm-column position='17'>
    <a>-0.3473332525430549</a>
    <c>-0.4190599101371019</c>
    <g>0.8830424245797034</g>
    <t>-1.5254666506814403</t>
   </pm-column>
   <pm-column position='18'>
    <a>1.0672234917288645</a>
    <c>-1.5254666506814403</c>
    <g>-1.5254666506814403</g>
    <t>-0.4190599101371019</t>
   </pm-column>
   <pm-column position='19'>
    <a>-0.4190599101371019</a>
    <c>-0.4190599101371019</c>
    <g>-1.5254666506814403</g>
    <t>0.9030639973545976</t>
   </pm-column>
   <pm-column position='20'>
    <a>-0.4190599101371019</a>
    <c>-1.5254666506814403</c>
    <g>-1.5254666506814403</g>
    <t>1.0672234917288645</t>
   </pm-column>
   <pm-column position='21'>
    <a>-0.4190599101371019</a>
    <c>0.04774679102457585</c>
    <g>-0.4190599101371019</g>
    <t>0.49211081950548824</t>
   </pm-column>
   <pm-column position='22'>
    <a>-0.4190599101371019</a>
    <c>-1.5254666506814403</c>
    <g>-0.4190599101371019</g>
    <t>0.9030639973545976</t>
   </pm-column>
   <pm-column position='23'>
    <a>-0.4190599101371019</a>
    <c>-1.5254666506814403</c>
    <g>-0.4190599101371019</g>
    <t>0.9030639973545976</t>
   </pm-column>
   <pm-column position='24'>
    <a>-1.5254666506814403</a>
    <c>0.09331734001502394</c>
    <g>-1.5254666506814403</g>
    <t>0.9030639973545976</t>
   </pm-column>
   <pm-column position='25'>
    <a>-1.5254666506814403</a>
    <c>0.461757444190282</c>
    <g>0.09331734001502394</g>
    <t>0.09331734001502394</t>
   </pm-column>
  </PWM>
 </motif>
</smallbismark>