<?xml version='1.0' encoding='UTF-8'?>
<smallbismark>
 <motif name='PARP1_HUMAN' id='PARP1_do' sample-size='15' sequence-count='15' coverage='1.0' length='20'>
  <comment>HOCOMOCO v9; MAR2012; ChIPMunk v3.1</comment>
  <background>
   <a>0.25</a>
   <c>0.25</c>
   <g>0.25</g>
   <t>0.25</t>
  </background>
  <consensus>MMKRAGdbnvMRMnvSMARv</consensus>
  <WPCM words-count='15.0' length='20' dic='-16.365540090351907' kdic='11.360347132045897'>
   <pm-column position='1' dic='-0.7917533409927969' kdic='0.5945410201270934'>
    <a>7.109999999999999</a>
    <c>6.27</c>
    <g>1.3499999999999999</g>
    <t>0.26999999999999996</t>
   </pm-column>
   <pm-column position='2' dic='-0.7942176006705014' kdic='0.5920767604493894'>
    <a>4.8</a>
    <c>8.040000000000001</c>
    <g>2.1599999999999997</g>
    <t>0.0</t>
   </pm-column>
   <pm-column position='3' dic='-0.8225873396481549' kdic='0.5637070214717357'>
    <a>2.88</a>
    <c>0.0</c>
    <g>4.2</g>
    <t>7.92</t>
   </pm-column>
   <pm-column position='4' dic='-0.6181515470354323' kdic='0.7681428140844581'>
    <a>3.7199999999999998</a>
    <c>0.0</c>
    <g>10.319999999999999</g>
    <t>0.96</t>
   </pm-column>
   <pm-column position='5' dic='-0.37939447969957457' kdic='1.0068998814203158'>
    <a>12.84</a>
    <c>1.0799999999999998</c>
    <g>0.0</g>
    <t>1.0799999999999998</t>
   </pm-column>
   <pm-column position='6' dic='-0.46585080292729847' kdic='0.9204435581925922'>
    <a>1.92</a>
    <c>0.0</c>
    <g>12.120000000000001</g>
    <t>0.96</t>
   </pm-column>
   <pm-column position='7' dic='-0.9742772275924227' kdic='0.41201713352746777'>
    <a>5.159999999999999</a>
    <c>0.96</c>
    <g>2.88</g>
    <t>6.0</t>
   </pm-column>
   <pm-column position='8' dic='-1.000281721544375' kdic='0.38601263957551557'>
    <a>1.92</a>
    <c>2.88</c>
    <g>3.1199999999999997</g>
    <t>7.08</t>
   </pm-column>
   <pm-column position='9' dic='-1.069722873134276' kdic='0.31657148798561446'>
    <a>4.08</a>
    <c>4.2</c>
    <g>1.92</g>
    <t>4.8</t>
   </pm-column>
   <pm-column position='10' dic='-0.9338789943265579' kdic='0.45241536679333255'>
    <a>2.04</a>
    <c>6.119999999999999</c>
    <g>5.88</g>
    <t>0.96</t>
   </pm-column>
   <pm-column position='11' dic='-0.8458750557886883' kdic='0.5404193053312022'>
    <a>9.0</a>
    <c>2.88</c>
    <g>2.04</g>
    <t>1.0799999999999998</t>
   </pm-column>
   <pm-column position='12' dic='-0.8084287894524937' kdic='0.5778655716673968'>
    <a>5.88</a>
    <c>2.04</c>
    <g>7.08</g>
    <t>0.0</t>
   </pm-column>
   <pm-column position='13' dic='-0.682196643293777' kdic='0.7040977178261137'>
    <a>10.08</a>
    <c>2.88</c>
    <g>0.0</g>
    <t>2.04</t>
   </pm-column>
   <pm-column position='14' dic='-1.0759810614948582' kdic='0.3103132996250321'>
    <a>3.84</a>
    <c>3.96</c>
    <g>2.1599999999999997</g>
    <t>5.04</t>
   </pm-column>
   <pm-column position='15' dic='-1.040182356374013' kdic='0.3461120047458774'>
    <a>3.96</a>
    <c>6.119999999999999</c>
    <g>2.88</g>
    <t>2.04</t>
   </pm-column>
   <pm-column position='16' dic='-0.8581229138836743' kdic='0.5281714472362161'>
    <a>2.88</a>
    <c>6.0</c>
    <g>6.119999999999999</g>
    <t>0.0</t>
   </pm-column>
   <pm-column position='17' dic='-0.7588872607020742' kdic='0.6274071004178163'>
    <a>9.12</a>
    <c>3.1199999999999997</c>
    <g>0.0</g>
    <t>2.76</t>
   </pm-column>
   <pm-column position='18' dic='-0.535531435010738' kdic='0.8507629261091528'>
    <a>9.96</a>
    <c>0.0</c>
    <g>0.0</g>
    <t>5.04</t>
   </pm-column>
   <pm-column position='19' dic='-0.8865576160102285' kdic='0.499736745109662'>
    <a>5.04</a>
    <c>3.84</c>
    <g>6.119999999999999</g>
    <t>0.0</t>
   </pm-column>
   <pm-column position='20' dic='-1.0236610307699772' kdic='0.3626333303499132'>
    <a>6.27</a>
    <c>3.5100000000000002</c>
    <g>3.63</g>
    <t>1.5899999999999999</t>
   </pm-column>
  </WPCM>
  <PPM words-count='15.0' length='20' kdic='11.360347132045897' dic='-16.365540090351907'>
   <pm-column position='1' dic='-0.7917533409927969' kdic='0.5945410201270934'>
    <a>0.474</a>
    <c>0.418</c>
    <g>0.09</g>
    <t>0.018</t>
   </pm-column>
   <pm-column position='2' dic='-0.7942176006705014' kdic='0.5920767604493894'>
    <a>0.32</a>
    <c>0.536</c>
    <g>0.144</g>
    <t>0.0</t>
   </pm-column>
   <pm-column position='3' dic='-0.8225873396481549' kdic='0.5637070214717357'>
    <a>0.192</a>
    <c>0.0</c>
    <g>0.28</g>
    <t>0.528</t>
   </pm-column>
   <pm-column position='4' dic='-0.6181515470354323' kdic='0.7681428140844581'>
    <a>0.248</a>
    <c>0.0</c>
    <g>0.688</g>
    <t>0.064</t>
   </pm-column>
   <pm-column position='5' dic='-0.37939447969957457' kdic='1.0068998814203158'>
    <a>0.856</a>
    <c>0.072</c>
    <g>0.0</g>
    <t>0.072</t>
   </pm-column>
   <pm-column position='6' dic='-0.46585080292729847' kdic='0.9204435581925922'>
    <a>0.128</a>
    <c>0.0</c>
    <g>0.808</g>
    <t>0.064</t>
   </pm-column>
   <pm-column position='7' dic='-0.9742772275924227' kdic='0.41201713352746777'>
    <a>0.344</a>
    <c>0.064</c>
    <g>0.192</g>
    <t>0.4</t>
   </pm-column>
   <pm-column position='8' dic='-1.000281721544375' kdic='0.38601263957551557'>
    <a>0.128</a>
    <c>0.192</c>
    <g>0.208</g>
    <t>0.472</t>
   </pm-column>
   <pm-column position='9' dic='-1.069722873134276' kdic='0.31657148798561446'>
    <a>0.272</a>
    <c>0.28</c>
    <g>0.128</g>
    <t>0.32</t>
   </pm-column>
   <pm-column position='10' dic='-0.9338789943265579' kdic='0.45241536679333255'>
    <a>0.136</a>
    <c>0.408</c>
    <g>0.392</g>
    <t>0.064</t>
   </pm-column>
   <pm-column position='11' dic='-0.8458750557886883' kdic='0.5404193053312022'>
    <a>0.6</a>
    <c>0.192</c>
    <g>0.136</g>
    <t>0.072</t>
   </pm-column>
   <pm-column position='12' dic='-0.8084287894524937' kdic='0.5778655716673968'>
    <a>0.392</a>
    <c>0.136</c>
    <g>0.472</g>
    <t>0.0</t>
   </pm-column>
   <pm-column position='13' dic='-0.682196643293777' kdic='0.7040977178261137'>
    <a>0.672</a>
    <c>0.192</c>
    <g>0.0</g>
    <t>0.136</t>
   </pm-column>
   <pm-column position='14' dic='-1.0759810614948582' kdic='0.3103132996250321'>
    <a>0.256</a>
    <c>0.264</c>
    <g>0.144</g>
    <t>0.336</t>
   </pm-column>
   <pm-column position='15' dic='-1.040182356374013' kdic='0.3461120047458774'>
    <a>0.264</a>
    <c>0.408</c>
    <g>0.192</g>
    <t>0.136</t>
   </pm-column>
   <pm-column position='16' dic='-0.8581229138836743' kdic='0.5281714472362161'>
    <a>0.192</a>
    <c>0.4</c>
    <g>0.408</g>
    <t>0.0</t>
   </pm-column>
   <pm-column position='17' dic='-0.7588872607020742' kdic='0.6274071004178163'>
    <a>0.608</a>
    <c>0.208</c>
    <g>0.0</g>
    <t>0.184</t>
   </pm-column>
   <pm-column position='18' dic='-0.535531435010738' kdic='0.8507629261091528'>
    <a>0.664</a>
    <c>0.0</c>
    <g>0.0</g>
    <t>0.336</t>
   </pm-column>
   <pm-column position='19' dic='-0.8865576160102285' kdic='0.499736745109662'>
    <a>0.336</a>
    <c>0.256</c>
    <g>0.408</g>
    <t>0.0</t>
   </pm-column>
   <pm-column position='20' dic='-1.0236610307699772' kdic='0.3626333303499132'>
    <a>0.418</a>
    <c>0.234</c>
    <g>0.242</g>
    <t>0.106</t>
   </pm-column>
  </PPM>
  <PWM length='20' words-count='15.0'>
   <pm-column position='1'>
    <a>0.5647322996042752</a>
    <c>0.45058672959885104</c>
    <g>-0.7811619296825991</g>
    <t>-1.5421679219020976</t>
   </pm-column>
   <pm-column position='2'>
    <a>0.21283480856455042</a>
    <c>0.677551593090391</c>
    <g>-0.4449734090840702</g>
    <t>-1.8777904568536166</t>
   </pm-column>
   <pm-column position='3'>
    <a>-0.218803967393413</a>
    <c>-1.8777904568536166</c>
    <g>0.0968078613992442</g>
    <t>0.6636897763497348</t>
   </pm-column>
   <pm-column position='4'>
    <a>-0.00679964420906755</a>
    <c>-1.8777904568536166</c>
    <g>0.909898660888415</g>
    <t>-0.9948520236941417</t>
   </pm-column>
   <pm-column position='5'>
    <a>1.1162240922969815</a>
    <c>-0.9241100364916981</c>
    <g>-1.8777904568536166</g>
    <t>-0.9241100364916981</t>
   </pm-column>
   <pm-column position='6'>
    <a>-0.533363223411045</a>
    <c>-1.8777904568536166</c>
    <g>1.061486760489991</g>
    <t>-0.9948520236941417</t>
   </pm-column>
   <pm-column position='7'>
    <a>0.27649412765852377</a>
    <c>-0.9948520236941417</c>
    <g>-0.218803967393413</g>
    <t>0.41094567581675395</t>
   </pm-column>
   <pm-column position='8'>
    <a>-0.533363223411045</a>
    <c>-0.218803967393413</c>
    <g>-0.1535104021273675</g>
    <t>0.5608722907513434</t>
   </pm-column>
   <pm-column position='9'>
    <a>0.07189486703683276</a>
    <c>0.0968078613992442</c>
    <g>-0.533363223411045</g>
    <t>0.21283480856455042</t>
   </pm-column>
   <pm-column position='10'>
    <a>-0.48819203908501524</a>
    <c>0.42875819612104044</c>
    <g>0.3928101066216079</g>
    <t>-0.9948520236941417</t>
   </pm-column>
   <pm-column position='11'>
    <a>0.7820282441308504</a>
    <c>-0.218803967393413</c>
    <g>-0.48819203908501524</g>
    <t>-0.9241100364916981</t>
   </pm-column>
   <pm-column position='12'>
    <a>0.3928101066216079</a>
    <c>-0.48819203908501524</c>
    <g>0.5608722907513434</g>
    <t>-1.8777904568536166</t>
   </pm-column>
   <pm-column position='13'>
    <a>0.8878328834718433</a>
    <c>-0.218803967393413</c>
    <g>-1.8777904568536166</g>
    <t>-0.48819203908501524</t>
   </pm-column>
   <pm-column position='14'>
    <a>0.020125846437228118</a>
    <c>0.04634532327123079</c>
    <g>-0.4449734090840702</g>
    <t>0.25572139884977907</t>
   </pm-column>
   <pm-column position='15'>
    <a>0.04634532327123079</a>
    <c>0.42875819612104044</c>
    <g>-0.218803967393413</g>
    <t>-0.48819203908501524</t>
   </pm-column>
   <pm-column position='16'>
    <a>-0.218803967393413</a>
    <c>0.41094567581675395</c>
    <g>0.42875819612104044</g>
    <t>-1.8777904568536166</t>
   </pm-column>
   <pm-column position='17'>
    <a>0.7943525087090789</a>
    <c>-0.1535104021273675</c>
    <g>-1.8777904568536166</g>
    <t>-0.25312233930370914</t>
   </pm-column>
   <pm-column position='18'>
    <a>0.876614680453557</a>
    <c>-1.8777904568536166</c>
    <g>-1.8777904568536166</g>
    <t>0.25572139884977907</t>
   </pm-column>
   <pm-column position='19'>
    <a>0.25572139884977907</a>
    <c>0.020125846437228118</c>
    <g>0.42875819612104044</g>
    <t>-1.8777904568536166</t>
   </pm-column>
   <pm-column position='20'>
    <a>0.45058672959885104</a>
    <c>-0.05573750421397499</c>
    <g>-0.027480468692258855</g>
    <t>-0.6692620811029082</t>
   </pm-column>
  </PWM>
 </motif>
</smallbismark>