<?xml version='1.0' encoding='UTF-8'?>
<smallbismark>
 <motif name='PARP1_HUMAN' id='PARP1_f2' sample-size='15' sequence-count='15' coverage='1.0' length='21'>
  <comment>HOCOMOCO v9; MAR2012; ChIPMunk v3.1</comment>
  <background>
   <a>0.25</a>
   <c>0.25</c>
   <g>0.25</g>
   <t>0.25</t>
  </background>
  <consensus>hnMbKRRRWnMMMRWbYvARv</consensus>
  <WPCM words-count='15.0' length='21' dic='-17.450241006789824' kdic='11.66194057672788'>
   <pm-column position='1' dic='-0.9713643479609673' kdic='0.41493001315892347'>
    <a>6.0600000000000005</a>
    <c>4.5</c>
    <g>0.7799999999999999</g>
    <t>3.66</t>
   </pm-column>
   <pm-column position='2' dic='-1.013845936715286' kdic='0.37244842440460446'>
    <a>2.04</a>
    <c>4.92</c>
    <g>6.0</g>
    <t>2.04</t>
   </pm-column>
   <pm-column position='3' dic='-0.7821644146057767' kdic='0.604129946514114'>
    <a>5.04</a>
    <c>8.040000000000001</c>
    <g>1.92</g>
    <t>0.0</t>
   </pm-column>
   <pm-column position='4' dic='-0.9612997774065352' kdic='0.42499458371335536'>
    <a>0.96</a>
    <c>4.2</c>
    <g>3.0</g>
    <t>6.84</t>
   </pm-column>
   <pm-column position='5' dic='-0.7594418511568037' kdic='0.6268525099630868'>
    <a>2.88</a>
    <c>0.0</c>
    <g>9.12</g>
    <t>3.0</t>
   </pm-column>
   <pm-column position='6' dic='-0.7310948464176289' kdic='0.6551995147022613'>
    <a>6.72</a>
    <c>0.0</c>
    <g>7.199999999999999</g>
    <t>1.0799999999999998</t>
   </pm-column>
   <pm-column position='7' dic='-0.8347673801550599' kdic='0.5515269809648309'>
    <a>8.040000000000001</a>
    <c>0.96</c>
    <g>4.92</g>
    <t>1.0799999999999998</t>
   </pm-column>
   <pm-column position='8' dic='-0.869556811620874' kdic='0.5167375494990166'>
    <a>3.7199999999999998</a>
    <c>0.96</c>
    <g>8.4</g>
    <t>1.92</t>
   </pm-column>
   <pm-column position='9' dic='-0.7978807627893995' kdic='0.5884135983304911'>
    <a>4.92</a>
    <c>0.0</c>
    <g>2.1599999999999997</g>
    <t>7.92</t>
   </pm-column>
   <pm-column position='10' dic='-0.9475358246105413' kdic='0.43875853650934904'>
    <a>2.04</a>
    <c>2.04</c>
    <g>3.0</g>
    <t>7.92</t>
   </pm-column>
   <pm-column position='11' dic='-0.7340352943803801' kdic='0.6522590667395107'>
    <a>4.08</a>
    <c>9.12</c>
    <g>1.7999999999999998</g>
    <t>0.0</t>
   </pm-column>
   <pm-column position='12' dic='-0.6393070222975387' kdic='0.746987338822352'>
    <a>4.08</a>
    <c>9.96</c>
    <g>0.0</g>
    <t>0.96</t>
   </pm-column>
   <pm-column position='13' dic='-0.7185868330551801' kdic='0.6677075280647102'>
    <a>10.08</a>
    <c>3.0</c>
    <g>0.84</g>
    <t>1.0799999999999998</t>
   </pm-column>
   <pm-column position='14' dic='-0.7178527845085789' kdic='0.6684415766113116'>
    <a>6.96</a>
    <c>0.96</c>
    <g>7.08</g>
    <t>0.0</t>
   </pm-column>
   <pm-column position='15' dic='-0.70216064306628' kdic='0.6841337180536103'>
    <a>9.84</a>
    <c>0.0</c>
    <g>2.1599999999999997</g>
    <t>3.0</t>
   </pm-column>
   <pm-column position='16' dic='-1.0027119297189768' kdic='0.3835824314009135'>
    <a>0.96</a>
    <c>5.159999999999999</c>
    <g>3.84</g>
    <t>5.04</t>
   </pm-column>
   <pm-column position='17' dic='-0.8897434871833971' kdic='0.4965508739364933'>
    <a>3.96</a>
    <c>6.0</c>
    <g>0.0</g>
    <t>5.04</t>
   </pm-column>
   <pm-column position='18' dic='-1.0474531051291494' kdic='0.33884125599074105'>
    <a>2.88</a>
    <c>4.92</c>
    <g>5.279999999999999</g>
    <t>1.92</t>
   </pm-column>
   <pm-column position='19' dic='-0.40801982792997055' kdic='0.9782745331899197'>
    <a>12.0</a>
    <c>0.0</c>
    <g>0.0</g>
    <t>3.0</t>
   </pm-column>
   <pm-column position='20' dic='-0.8908590523860606' kdic='0.49543530873382996'>
    <a>5.159999999999999</a>
    <c>0.0</c>
    <g>5.88</g>
    <t>3.96</t>
   </pm-column>
   <pm-column position='21' dic='-1.0305590736954395' kdic='0.35573528742445115'>
    <a>6.54</a>
    <c>3.54</c>
    <g>2.5799999999999996</g>
    <t>2.34</t>
   </pm-column>
  </WPCM>
  <PPM words-count='15.0' length='21' kdic='11.66194057672788' dic='-17.450241006789824'>
   <pm-column position='1' dic='-0.9713643479609673' kdic='0.41493001315892347'>
    <a>0.404</a>
    <c>0.3</c>
    <g>0.052</g>
    <t>0.244</t>
   </pm-column>
   <pm-column position='2' dic='-1.013845936715286' kdic='0.37244842440460446'>
    <a>0.136</a>
    <c>0.328</c>
    <g>0.4</g>
    <t>0.136</t>
   </pm-column>
   <pm-column position='3' dic='-0.7821644146057767' kdic='0.604129946514114'>
    <a>0.336</a>
    <c>0.536</c>
    <g>0.128</g>
    <t>0.0</t>
   </pm-column>
   <pm-column position='4' dic='-0.9612997774065352' kdic='0.42499458371335536'>
    <a>0.064</a>
    <c>0.28</c>
    <g>0.2</g>
    <t>0.456</t>
   </pm-column>
   <pm-column position='5' dic='-0.7594418511568037' kdic='0.6268525099630868'>
    <a>0.192</a>
    <c>0.0</c>
    <g>0.608</g>
    <t>0.2</t>
   </pm-column>
   <pm-column position='6' dic='-0.7310948464176289' kdic='0.6551995147022613'>
    <a>0.448</a>
    <c>0.0</c>
    <g>0.48</g>
    <t>0.072</t>
   </pm-column>
   <pm-column position='7' dic='-0.8347673801550599' kdic='0.5515269809648309'>
    <a>0.536</a>
    <c>0.064</c>
    <g>0.328</g>
    <t>0.072</t>
   </pm-column>
   <pm-column position='8' dic='-0.869556811620874' kdic='0.5167375494990166'>
    <a>0.248</a>
    <c>0.064</c>
    <g>0.56</g>
    <t>0.128</t>
   </pm-column>
   <pm-column position='9' dic='-0.7978807627893995' kdic='0.5884135983304911'>
    <a>0.328</a>
    <c>0.0</c>
    <g>0.144</g>
    <t>0.528</t>
   </pm-column>
   <pm-column position='10' dic='-0.9475358246105413' kdic='0.43875853650934904'>
    <a>0.136</a>
    <c>0.136</c>
    <g>0.2</g>
    <t>0.528</t>
   </pm-column>
   <pm-column position='11' dic='-0.7340352943803801' kdic='0.6522590667395107'>
    <a>0.272</a>
    <c>0.608</c>
    <g>0.12</g>
    <t>0.0</t>
   </pm-column>
   <pm-column position='12' dic='-0.6393070222975387' kdic='0.746987338822352'>
    <a>0.272</a>
    <c>0.664</c>
    <g>0.0</g>
    <t>0.064</t>
   </pm-column>
   <pm-column position='13' dic='-0.7185868330551801' kdic='0.6677075280647102'>
    <a>0.672</a>
    <c>0.2</c>
    <g>0.056</g>
    <t>0.072</t>
   </pm-column>
   <pm-column position='14' dic='-0.7178527845085789' kdic='0.6684415766113116'>
    <a>0.464</a>
    <c>0.064</c>
    <g>0.472</g>
    <t>0.0</t>
   </pm-column>
   <pm-column position='15' dic='-0.70216064306628' kdic='0.6841337180536103'>
    <a>0.656</a>
    <c>0.0</c>
    <g>0.144</g>
    <t>0.2</t>
   </pm-column>
   <pm-column position='16' dic='-1.0027119297189768' kdic='0.3835824314009135'>
    <a>0.064</a>
    <c>0.344</c>
    <g>0.256</g>
    <t>0.336</t>
   </pm-column>
   <pm-column position='17' dic='-0.8897434871833971' kdic='0.4965508739364933'>
    <a>0.264</a>
    <c>0.4</c>
    <g>0.0</g>
    <t>0.336</t>
   </pm-column>
   <pm-column position='18' dic='-1.0474531051291494' kdic='0.33884125599074105'>
    <a>0.192</a>
    <c>0.328</c>
    <g>0.352</g>
    <t>0.128</t>
   </pm-column>
   <pm-column position='19' dic='-0.40801982792997055' kdic='0.9782745331899197'>
    <a>0.8</a>
    <c>0.0</c>
    <g>0.0</g>
    <t>0.2</t>
   </pm-column>
   <pm-column position='20' dic='-0.8908590523860606' kdic='0.49543530873382996'>
    <a>0.344</a>
    <c>0.0</c>
    <g>0.392</g>
    <t>0.264</t>
   </pm-column>
   <pm-column position='21' dic='-1.0305590736954395' kdic='0.35573528742445115'>
    <a>0.436</a>
    <c>0.236</c>
    <g>0.172</g>
    <t>0.156</t>
   </pm-column>
  </PPM>
  <PWM length='21' words-count='15.0'>
   <pm-column position='1'>
    <a>0.41989159617953264</a>
    <c>0.15650317346882148</c>
    <g>-1.1113368477304608</g>
    <t>-0.020539230067217175</t>
   </pm-column>
   <pm-column position='2'>
    <a>-0.48819203908501524</a>
    <c>0.23450799354346588</c>
    <g>0.41094567581675395</g>
    <t>-0.48819203908501524</t>
   </pm-column>
   <pm-column position='3'>
    <a>0.25572139884977907</a>
    <c>0.677551593090391</c>
    <g>-0.533363223411045</g>
    <t>-1.8777904568536166</t>
   </pm-column>
   <pm-column position='4'>
    <a>-0.9948520236941417</a>
    <c>0.0968078613992442</c>
    <g>-0.18562437318835906</g>
    <t>0.5294438030944966</t>
   </pm-column>
   <pm-column position='5'>
    <a>-0.218803967393413</a>
    <c>-1.8777904568536166</c>
    <g>0.7943525087090789</g>
    <t>-0.18562437318835906</t>
   </pm-column>
   <pm-column position='6'>
    <a>0.5133512205901926</a>
    <c>-1.8777904568536166</c>
    <g>0.5762237253159385</g>
    <t>-0.9241100364916981</t>
   </pm-column>
   <pm-column position='7'>
    <a>0.677551593090391</a>
    <c>-0.9948520236941417</c>
    <g>0.23450799354346588</g>
    <t>-0.9241100364916981</t>
   </pm-column>
   <pm-column position='8'>
    <a>-0.00679964420906755</a>
    <c>-0.9948520236941417</c>
    <g>0.7180201355041722</g>
    <t>-0.533363223411045</t>
   </pm-column>
   <pm-column position='9'>
    <a>0.23450799354346588</a>
    <c>-1.8777904568536166</c>
    <g>-0.4449734090840702</g>
    <t>0.6636897763497348</t>
   </pm-column>
   <pm-column position='10'>
    <a>-0.48819203908501524</a>
    <c>-0.48819203908501524</c>
    <g>-0.18562437318835906</g>
    <t>0.6636897763497348</t>
   </pm-column>
   <pm-column position='11'>
    <a>0.07189486703683276</a>
    <c>0.7943525087090789</c>
    <g>-0.5806717714666517</g>
    <t>-1.8777904568536166</t>
   </pm-column>
   <pm-column position='12'>
    <a>0.07189486703683276</a>
    <c>0.876614680453557</c>
    <g>-1.8777904568536166</g>
    <t>-0.9948520236941417</t>
   </pm-column>
   <pm-column position='13'>
    <a>0.8878328834718433</a>
    <c>-0.18562437318835906</c>
    <g>-1.0709820152642513</g>
    <t>-0.9241100364916981</t>
   </pm-column>
   <pm-column position='14'>
    <a>0.545281510571295</a>
    <c>-0.9948520236941417</c>
    <g>0.5608722907513434</g>
    <t>-1.8777904568536166</t>
   </pm-column>
   <pm-column position='15'>
    <a>0.865269200184335</a>
    <c>-1.8777904568536166</c>
    <g>-0.4449734090840702</g>
    <t>-0.18562437318835906</t>
   </pm-column>
   <pm-column position='16'>
    <a>-0.9948520236941417</a>
    <c>0.27649412765852377</c>
    <g>0.020125846437228118</g>
    <t>0.25572139884977907</t>
   </pm-column>
   <pm-column position='17'>
    <a>0.04634532327123079</a>
    <c>0.41094567581675395</c>
    <g>-1.8777904568536166</g>
    <t>0.25572139884977907</t>
   </pm-column>
   <pm-column position='18'>
    <a>-0.218803967393413</a>
    <c>0.23450799354346588</c>
    <g>0.2968441167706172</g>
    <t>-0.533363223411045</t>
   </pm-column>
   <pm-column position='19'>
    <a>1.0520653292745719</a>
    <c>-1.8777904568536166</c>
    <g>-1.8777904568536166</g>
    <t>-0.18562437318835906</t>
   </pm-column>
   <pm-column position='20'>
    <a>0.27649412765852377</a>
    <c>-1.8777904568536166</c>
    <g>0.3928101066216079</g>
    <t>0.04634532327123079</t>
   </pm-column>
   <pm-column position='21'>
    <a>0.48871610439138635</a>
    <c>-0.04859803781045939</c>
    <g>-0.30691460907466833</g>
    <t>-0.38345786866416354</t>
   </pm-column>
  </PWM>
 </motif>
</smallbismark>