<?xml version='1.0' encoding='UTF-8'?>
<smallbismark>
 <motif name='PLAG1_HUMAN' id='PLAG1_do' sample-size='25' sequence-count='25' coverage='1.0' length='22'>
  <comment>HOCOMOCO v9; MAR2012; ChIPMunk v3.1</comment>
  <background>
   <a>0.25</a>
   <c>0.25</c>
   <g>0.25</g>
   <t>0.25</t>
  </background>
  <consensus>nGRGGvnvYnnvdRGGGdbbnb</consensus>
  <WPCM words-count='25.0' length='22' dic='-17.67701491642205' kdic='12.821461028215543'>
   <pm-column position='1' dic='-1.139185712445035' kdic='0.24710864867485527'>
    <a>9.25</a>
    <c>4.25</c>
    <g>7.249999999999999</g>
    <t>4.25</t>
   </pm-column>
   <pm-column position='2' dic='-0.5550491717199031' kdic='0.8312451893999873'>
    <a>3.0</a>
    <c>1.0</c>
    <g>20.0</g>
    <t>1.0</t>
   </pm-column>
   <pm-column position='3' dic='-0.717965340959328' kdic='0.6683290201605624'>
    <a>13.0</a>
    <c>0.0</c>
    <g>11.0</g>
    <t>1.0</t>
   </pm-column>
   <pm-column position='4' dic='-0.43326827421096653' kdic='0.953026086908924'>
    <a>3.0</a>
    <c>0.0</c>
    <g>21.0</g>
    <t>1.0</t>
   </pm-column>
   <pm-column position='5' dic='-0.12875503299472796' kdic='1.2575393281251623'>
    <a>0.0</a>
    <c>1.0</c>
    <g>24.0</g>
    <t>0.0</t>
   </pm-column>
   <pm-column position='6' dic='-0.8922336940245643' kdic='0.4940606670953265'>
    <a>2.0</a>
    <c>11.0</c>
    <g>11.0</g>
    <t>1.0</t>
   </pm-column>
   <pm-column position='7' dic='-1.1179572302662135' kdic='0.268337130853677'>
    <a>6.0</a>
    <c>6.0</c>
    <g>10.0</g>
    <t>3.0</t>
   </pm-column>
   <pm-column position='8' dic='-0.8917175578334755' kdic='0.494576803286415'>
    <a>6.0</a>
    <c>13.0</c>
    <g>6.0</g>
    <t>0.0</t>
   </pm-column>
   <pm-column position='9' dic='-0.9049718432716528' kdic='0.48132251784823765'>
    <a>5.0</a>
    <c>12.0</c>
    <g>0.0</g>
    <t>8.0</t>
   </pm-column>
   <pm-column position='10' dic='-1.1484428323481426' kdic='0.2378515287717481'>
    <a>9.0</a>
    <c>4.0</c>
    <g>7.000000000000001</g>
    <t>5.0</t>
   </pm-column>
   <pm-column position='11' dic='-1.1422768051549992' kdic='0.2440175559648913'>
    <a>7.000000000000001</a>
    <c>3.0</c>
    <g>8.0</g>
    <t>7.000000000000001</t>
   </pm-column>
   <pm-column position='12' dic='-1.1322242280237629' kdic='0.2540701330961276'>
    <a>7.000000000000001</a>
    <c>6.0</c>
    <g>9.0</g>
    <t>3.0</t>
   </pm-column>
   <pm-column position='13' dic='-1.1322242280237629' kdic='0.25407013309612764'>
    <a>9.0</a>
    <c>3.0</c>
    <g>7.000000000000001</g>
    <t>6.0</t>
   </pm-column>
   <pm-column position='14' dic='-0.8023738689708444' kdic='0.5839204921490462'>
    <a>16.0</a>
    <c>1.0</c>
    <g>6.0</g>
    <t>2.0</t>
   </pm-column>
   <pm-column position='15' dic='-0.22815129898390069' kdic='1.15814306213599'>
    <a>0.0</a>
    <c>0.0</c>
    <g>23.0</g>
    <t>2.0</t>
   </pm-column>
   <pm-column position='16' dic='-0.12875503299472796' kdic='1.2575393281251623'>
    <a>0.0</a>
    <c>1.0</c>
    <g>24.0</g>
    <t>0.0</t>
   </pm-column>
   <pm-column position='17' dic='0.0' kdic='1.3862943611198906'>
    <a>0.0</a>
    <c>0.0</c>
    <g>25.0</g>
    <t>0.0</t>
   </pm-column>
   <pm-column position='18' dic='-1.027765453099903' kdic='0.35852890801998727'>
    <a>4.0</a>
    <c>3.0</c>
    <g>13.0</g>
    <t>5.0</t>
   </pm-column>
   <pm-column position='19' dic='-0.977654934357744' kdic='0.4086394267621463'>
    <a>2.0</a>
    <c>3.0</c>
    <g>13.0</g>
    <t>7.000000000000001</t>
   </pm-column>
   <pm-column position='20' dic='-1.008582529887083' kdic='0.37771183123280727'>
    <a>2.0</a>
    <c>3.0</c>
    <g>9.0</g>
    <t>11.0</t>
   </pm-column>
   <pm-column position='21' dic='-1.074911652953622' kdic='0.3113827081662686'>
    <a>12.0</a>
    <c>4.0</c>
    <g>5.0</g>
    <t>4.0</t>
   </pm-column>
   <pm-column position='22' dic='-1.0925481938976873' kdic='0.29374616722220326'>
    <a>2.5</a>
    <c>10.5</c>
    <g>6.5</g>
    <t>5.5</t>
   </pm-column>
  </WPCM>
  <PPM words-count='25.0' length='22' kdic='12.821461028215543' dic='-17.67701491642205'>
   <pm-column position='1' dic='-1.139185712445035' kdic='0.24710864867485527'>
    <a>0.37</a>
    <c>0.17</c>
    <g>0.29</g>
    <t>0.17</t>
   </pm-column>
   <pm-column position='2' dic='-0.5550491717199031' kdic='0.8312451893999873'>
    <a>0.12</a>
    <c>0.04</c>
    <g>0.8</g>
    <t>0.04</t>
   </pm-column>
   <pm-column position='3' dic='-0.717965340959328' kdic='0.6683290201605624'>
    <a>0.52</a>
    <c>0.0</c>
    <g>0.44</g>
    <t>0.04</t>
   </pm-column>
   <pm-column position='4' dic='-0.43326827421096653' kdic='0.953026086908924'>
    <a>0.12</a>
    <c>0.0</c>
    <g>0.84</g>
    <t>0.04</t>
   </pm-column>
   <pm-column position='5' dic='-0.12875503299472796' kdic='1.2575393281251623'>
    <a>0.0</a>
    <c>0.04</c>
    <g>0.96</g>
    <t>0.0</t>
   </pm-column>
   <pm-column position='6' dic='-0.8922336940245643' kdic='0.4940606670953265'>
    <a>0.08</a>
    <c>0.44</c>
    <g>0.44</g>
    <t>0.04</t>
   </pm-column>
   <pm-column position='7' dic='-1.1179572302662135' kdic='0.268337130853677'>
    <a>0.24</a>
    <c>0.24</c>
    <g>0.4</g>
    <t>0.12</t>
   </pm-column>
   <pm-column position='8' dic='-0.8917175578334755' kdic='0.494576803286415'>
    <a>0.24</a>
    <c>0.52</c>
    <g>0.24</g>
    <t>0.0</t>
   </pm-column>
   <pm-column position='9' dic='-0.9049718432716528' kdic='0.48132251784823765'>
    <a>0.2</a>
    <c>0.48</c>
    <g>0.0</g>
    <t>0.32</t>
   </pm-column>
   <pm-column position='10' dic='-1.1484428323481426' kdic='0.2378515287717481'>
    <a>0.36</a>
    <c>0.16</c>
    <g>0.28</g>
    <t>0.2</t>
   </pm-column>
   <pm-column position='11' dic='-1.1422768051549992' kdic='0.2440175559648913'>
    <a>0.28</a>
    <c>0.12</c>
    <g>0.32</g>
    <t>0.28</t>
   </pm-column>
   <pm-column position='12' dic='-1.1322242280237629' kdic='0.2540701330961276'>
    <a>0.28</a>
    <c>0.24</c>
    <g>0.36</g>
    <t>0.12</t>
   </pm-column>
   <pm-column position='13' dic='-1.1322242280237629' kdic='0.25407013309612764'>
    <a>0.36</a>
    <c>0.12</c>
    <g>0.28</g>
    <t>0.24</t>
   </pm-column>
   <pm-column position='14' dic='-0.8023738689708444' kdic='0.5839204921490462'>
    <a>0.64</a>
    <c>0.04</c>
    <g>0.24</g>
    <t>0.08</t>
   </pm-column>
   <pm-column position='15' dic='-0.22815129898390069' kdic='1.15814306213599'>
    <a>0.0</a>
    <c>0.0</c>
    <g>0.92</g>
    <t>0.08</t>
   </pm-column>
   <pm-column position='16' dic='-0.12875503299472796' kdic='1.2575393281251623'>
    <a>0.0</a>
    <c>0.04</c>
    <g>0.96</g>
    <t>0.0</t>
   </pm-column>
   <pm-column position='17' dic='0.0' kdic='1.3862943611198906'>
    <a>0.0</a>
    <c>0.0</c>
    <g>1.0</g>
    <t>0.0</t>
   </pm-column>
   <pm-column position='18' dic='-1.027765453099903' kdic='0.35852890801998727'>
    <a>0.16</a>
    <c>0.12</c>
    <g>0.52</g>
    <t>0.2</t>
   </pm-column>
   <pm-column position='19' dic='-0.977654934357744' kdic='0.4086394267621463'>
    <a>0.08</a>
    <c>0.12</c>
    <g>0.52</g>
    <t>0.28</t>
   </pm-column>
   <pm-column position='20' dic='-1.008582529887083' kdic='0.37771183123280727'>
    <a>0.08</a>
    <c>0.12</c>
    <g>0.36</g>
    <t>0.44</t>
   </pm-column>
   <pm-column position='21' dic='-1.074911652953622' kdic='0.3113827081662686'>
    <a>0.48</a>
    <c>0.16</c>
    <g>0.2</g>
    <t>0.16</t>
   </pm-column>
   <pm-column position='22' dic='-1.0925481938976873' kdic='0.29374616722220326'>
    <a>0.1</a>
    <c>0.42</c>
    <g>0.26</g>
    <t>0.22</t>
   </pm-column>
  </PPM>
  <PWM length='22' words-count='25.0'>
   <pm-column position='1'>
    <a>0.35434532378678174</a>
    <c>-0.3333744946581588</c>
    <g>0.13256137702276732</g>
    <t>-0.3333744946581588</t>
   </pm-column>
   <pm-column position='2'>
    <a>-0.6174546215155439</a>
    <c>-1.363291871662442</c>
    <g>1.0814830854730741</g>
    <t>-1.363291871662442</t>
   </pm-column>
   <pm-column position='3'>
    <a>0.6713137386620137</a>
    <c>-2.17095893363032</c>
    <g>0.5148026146746429</g>
    <t>-1.363291871662442</t>
   </pm-column>
   <pm-column position='4'>
    <a>-0.6174546215155439</a>
    <c>-2.17095893363032</c>
    <g>1.1284296638537157</g>
    <t>-1.363291871662442</t>
   </pm-column>
   <pm-column position='5'>
    <a>-2.17095893363032</a>
    <c>-1.363291871662442</c>
    <g>1.2573371671650375</g>
    <t>-2.17095893363032</t>
   </pm-column>
   <pm-column position='6'>
    <a>-0.9223934083045802</a>
    <c>0.5148026146746429</c>
    <g>0.5148026146746429</g>
    <t>-1.363291871662442</t>
   </pm-column>
   <pm-column position='7'>
    <a>-0.03608041274763541</a>
    <c>-0.03608041274763541</c>
    <g>0.4262862306925011</g>
    <t>-0.6174546215155439</t>
   </pm-column>
   <pm-column position='8'>
    <a>-0.03608041274763541</a>
    <c>0.6713137386620137</c>
    <g>-0.03608041274763541</g>
    <t>-2.17095893363032</t>
   </pm-column>
   <pm-column position='9'>
    <a>-0.19502554850799392</a>
    <c>0.5961170230410265</c>
    <g>-2.17095893363032</g>
    <t>0.22159107438335685</t>
   </pm-column>
   <pm-column position='10'>
    <a>0.32916704752712717</a>
    <c>-0.384098197547004</c>
    <g>0.10103179674953763</g>
    <t>-0.19502554850799392</t>
   </pm-column>
   <pm-column position='11'>
    <a>0.10103179674953763</a>
    <c>-0.6174546215155439</c>
    <g>0.22159107438335685</g>
    <t>0.10103179674953763</t>
   </pm-column>
   <pm-column position='12'>
    <a>0.10103179674953763</a>
    <c>-0.03608041274763541</c>
    <g>0.32916704752712717</g>
    <t>-0.6174546215155439</t>
   </pm-column>
   <pm-column position='13'>
    <a>0.32916704752712717</a>
    <c>-0.6174546215155439</c>
    <g>0.10103179674953763</g>
    <t>-0.03608041274763541</t>
   </pm-column>
   <pm-column position='14'>
    <a>0.8679629888204621</a>
    <c>-1.363291871662442</c>
    <g>-0.03608041274763541</g>
    <t>-0.9223934083045802</t>
   </pm-column>
   <pm-column position='15'>
    <a>-2.17095893363032</a>
    <c>-2.17095893363032</c>
    <g>1.216187088097265</g>
    <t>-0.9223934083045802</t>
   </pm-column>
   <pm-column position='16'>
    <a>-2.17095893363032</a>
    <c>-1.363291871662442</c>
    <g>1.2573371671650375</g>
    <t>-2.17095893363032</t>
   </pm-column>
   <pm-column position='17'>
    <a>-2.17095893363032</a>
    <c>-2.17095893363032</c>
    <g>1.2968606320846858</g>
    <t>-2.17095893363032</t>
   </pm-column>
   <pm-column position='18'>
    <a>-0.384098197547004</a>
    <c>-0.6174546215155439</c>
    <g>0.6713137386620137</g>
    <t>-0.19502554850799392</t>
   </pm-column>
   <pm-column position='19'>
    <a>-0.9223934083045802</a>
    <c>-0.6174546215155439</c>
    <g>0.6713137386620137</g>
    <t>0.10103179674953763</t>
   </pm-column>
   <pm-column position='20'>
    <a>-0.9223934083045802</a>
    <c>-0.6174546215155439</c>
    <g>0.32916704752712717</g>
    <t>0.5148026146746429</t>
   </pm-column>
   <pm-column position='21'>
    <a>0.5961170230410265</a>
    <c>-0.384098197547004</c>
    <g>-0.19502554850799392</g>
    <t>-0.384098197547004</t>
   </pm-column>
   <pm-column position='22'>
    <a>-0.7583453146499745</a>
    <c>0.47152349689225315</c>
    <g>0.034823823267961906</g>
    <t>-0.11239835472158012</t>
   </pm-column>
  </PWM>
 </motif>
</smallbismark>