<?xml version='1.0' encoding='UTF-8'?>
<smallbismark>
 <motif name='TF3A_HUMAN' id='TF3A_f2' sample-size='20' sequence-count='11' coverage='0.55' length='25'>
  <comment>HOCOMOCO v9; MAR2012; ChIPMunk v3.1</comment>
  <background>
   <a>0.25</a>
   <c>0.25</c>
   <g>0.25</g>
   <t>0.25</t>
  </background>
  <consensus>TGGTTAGTACCTGGATGGGAGACCG</consensus>
  <WPCM words-count='9.07166217854757' length='25' dic='-2.1208154893591606' kdic='32.5365435386381'>
   <pm-column position='1' dic='-0.20135726465188072' kdic='1.1849370964680097'>
    <a>0.0</a>
    <c>0.0</c>
    <g>0.8246965616861426</g>
    <t>8.246965616861425</t>
   </pm-column>
   <pm-column position='2' dic='-0.20135726465188072' kdic='1.1849370964680097'>
    <a>0.0</a>
    <c>0.0</c>
    <g>8.246965616861425</g>
    <t>0.8246965616861426</t>
   </pm-column>
   <pm-column position='3' dic='-0.20135726465188072' kdic='1.1849370964680097'>
    <a>0.0</a>
    <c>0.8246965616861426</c>
    <g>8.246965616861425</g>
    <t>0.0</t>
   </pm-column>
   <pm-column position='4' dic='-0.20135726465188072' kdic='1.1849370964680097'>
    <a>0.0</a>
    <c>0.0</c>
    <g>0.8246965616861426</g>
    <t>8.246965616861425</t>
   </pm-column>
   <pm-column position='5' dic='-0.20135726465188072' kdic='1.1849370964680097'>
    <a>0.8246965616861426</a>
    <c>0.0</c>
    <g>0.0</g>
    <t>8.246965616861425</t>
   </pm-column>
   <pm-column position='6' dic='-0.20135726465188072' kdic='1.1849370964680097'>
    <a>8.246965616861425</a>
    <c>0.8246965616861426</c>
    <g>0.0</g>
    <t>0.0</t>
   </pm-column>
   <pm-column position='7' dic='-0.20135726465188072' kdic='1.1849370964680097'>
    <a>0.8246965616861426</a>
    <c>0.0</c>
    <g>8.246965616861425</g>
    <t>0.0</t>
   </pm-column>
   <pm-column position='8' dic='-0.20135726465188072' kdic='1.1849370964680097'>
    <a>0.0</a>
    <c>0.8246965616861426</c>
    <g>0.0</g>
    <t>8.246965616861425</t>
   </pm-column>
   <pm-column position='9' dic='0.0' kdic='1.3862943611198906'>
    <a>9.07166217854757</a>
    <c>0.0</c>
    <g>0.0</g>
    <t>0.0</t>
   </pm-column>
   <pm-column position='10' dic='0.0' kdic='1.3862943611198906'>
    <a>0.0</a>
    <c>9.07166217854757</c>
    <g>0.0</g>
    <t>0.0</t>
   </pm-column>
   <pm-column position='11' dic='-0.5099573721441153' kdic='0.8763369889757754'>
    <a>0.0</a>
    <c>5.772875931802996</c>
    <g>0.0</g>
    <t>3.298786246744574</t>
   </pm-column>
   <pm-column position='12' dic='0.0' kdic='1.3862943611198906'>
    <a>0.0</a>
    <c>0.0</c>
    <g>0.0</g>
    <t>9.07166217854757</t>
   </pm-column>
   <pm-column position='13' dic='0.0' kdic='1.3862943611198906'>
    <a>0.0</a>
    <c>0.0</c>
    <g>9.07166217854757</g>
    <t>0.0</t>
   </pm-column>
   <pm-column position='14' dic='0.0' kdic='1.3862943611198906'>
    <a>0.0</a>
    <c>0.0</c>
    <g>9.07166217854757</g>
    <t>0.0</t>
   </pm-column>
   <pm-column position='15' dic='0.0' kdic='1.3862943611198906'>
    <a>9.07166217854757</a>
    <c>0.0</c>
    <g>0.0</g>
    <t>0.0</t>
   </pm-column>
   <pm-column position='16' dic='0.0' kdic='1.3862943611198906'>
    <a>0.0</a>
    <c>0.0</c>
    <g>0.0</g>
    <t>9.07166217854757</t>
   </pm-column>
   <pm-column position='17' dic='0.0' kdic='1.3862943611198906'>
    <a>0.0</a>
    <c>0.0</c>
    <g>9.07166217854757</g>
    <t>0.0</t>
   </pm-column>
   <pm-column position='18' dic='0.0' kdic='1.3862943611198906'>
    <a>0.0</a>
    <c>0.0</c>
    <g>9.07166217854757</g>
    <t>0.0</t>
   </pm-column>
   <pm-column position='19' dic='0.0' kdic='1.3862943611198906'>
    <a>0.0</a>
    <c>0.0</c>
    <g>9.07166217854757</g>
    <t>0.0</t>
   </pm-column>
   <pm-column position='20' dic='0.0' kdic='1.3862943611198906'>
    <a>9.07166217854757</a>
    <c>0.0</c>
    <g>0.0</g>
    <t>0.0</t>
   </pm-column>
   <pm-column position='21' dic='0.0' kdic='1.3862943611198906'>
    <a>0.0</a>
    <c>0.0</c>
    <g>9.07166217854757</g>
    <t>0.0</t>
   </pm-column>
   <pm-column position='22' dic='0.0' kdic='1.3862943611198906'>
    <a>9.07166217854757</a>
    <c>0.0</c>
    <g>0.0</g>
    <t>0.0</t>
   </pm-column>
   <pm-column position='23' dic='0.0' kdic='1.3862943611198906'>
    <a>0.0</a>
    <c>9.07166217854757</c>
    <g>0.0</g>
    <t>0.0</t>
   </pm-column>
   <pm-column position='24' dic='0.0' kdic='1.3862943611198906'>
    <a>0.0</a>
    <c>9.07166217854757</c>
    <g>0.0</g>
    <t>0.0</t>
   </pm-column>
   <pm-column position='25' dic='0.0' kdic='1.3862943611198906'>
    <a>0.0</a>
    <c>0.0</c>
    <g>9.07166217854757</g>
    <t>0.0</t>
   </pm-column>
  </WPCM>
  <PPM words-count='9.07166217854757' length='25' kdic='32.5365435386381' dic='-2.1208154893591606'>
   <pm-column position='1' dic='-0.20135726465188072' kdic='1.1849370964680097'>
    <a>0.0</a>
    <c>0.0</c>
    <g>0.0909090909090909</g>
    <t>0.909090909090909</t>
   </pm-column>
   <pm-column position='2' dic='-0.20135726465188072' kdic='1.1849370964680097'>
    <a>0.0</a>
    <c>0.0</c>
    <g>0.909090909090909</g>
    <t>0.0909090909090909</t>
   </pm-column>
   <pm-column position='3' dic='-0.20135726465188072' kdic='1.1849370964680097'>
    <a>0.0</a>
    <c>0.0909090909090909</c>
    <g>0.909090909090909</g>
    <t>0.0</t>
   </pm-column>
   <pm-column position='4' dic='-0.20135726465188072' kdic='1.1849370964680097'>
    <a>0.0</a>
    <c>0.0</c>
    <g>0.0909090909090909</g>
    <t>0.909090909090909</t>
   </pm-column>
   <pm-column position='5' dic='-0.20135726465188072' kdic='1.1849370964680097'>
    <a>0.0909090909090909</a>
    <c>0.0</c>
    <g>0.0</g>
    <t>0.909090909090909</t>
   </pm-column>
   <pm-column position='6' dic='-0.20135726465188072' kdic='1.1849370964680097'>
    <a>0.909090909090909</a>
    <c>0.0909090909090909</c>
    <g>0.0</g>
    <t>0.0</t>
   </pm-column>
   <pm-column position='7' dic='-0.20135726465188072' kdic='1.1849370964680097'>
    <a>0.0909090909090909</a>
    <c>0.0</c>
    <g>0.909090909090909</g>
    <t>0.0</t>
   </pm-column>
   <pm-column position='8' dic='-0.20135726465188072' kdic='1.1849370964680097'>
    <a>0.0</a>
    <c>0.0909090909090909</c>
    <g>0.0</g>
    <t>0.909090909090909</t>
   </pm-column>
   <pm-column position='9' dic='0.0' kdic='1.3862943611198906'>
    <a>1.0</a>
    <c>0.0</c>
    <g>0.0</g>
    <t>0.0</t>
   </pm-column>
   <pm-column position='10' dic='0.0' kdic='1.3862943611198906'>
    <a>0.0</a>
    <c>1.0</c>
    <g>0.0</g>
    <t>0.0</t>
   </pm-column>
   <pm-column position='11' dic='-0.5099573721441153' kdic='0.8763369889757754'>
    <a>0.0</a>
    <c>0.636363636363636</c>
    <g>0.0</g>
    <t>0.363636363636364</t>
   </pm-column>
   <pm-column position='12' dic='0.0' kdic='1.3862943611198906'>
    <a>0.0</a>
    <c>0.0</c>
    <g>0.0</g>
    <t>1.0</t>
   </pm-column>
   <pm-column position='13' dic='0.0' kdic='1.3862943611198906'>
    <a>0.0</a>
    <c>0.0</c>
    <g>1.0</g>
    <t>0.0</t>
   </pm-column>
   <pm-column position='14' dic='0.0' kdic='1.3862943611198906'>
    <a>0.0</a>
    <c>0.0</c>
    <g>1.0</g>
    <t>0.0</t>
   </pm-column>
   <pm-column position='15' dic='0.0' kdic='1.3862943611198906'>
    <a>1.0</a>
    <c>0.0</c>
    <g>0.0</g>
    <t>0.0</t>
   </pm-column>
   <pm-column position='16' dic='0.0' kdic='1.3862943611198906'>
    <a>0.0</a>
    <c>0.0</c>
    <g>0.0</g>
    <t>1.0</t>
   </pm-column>
   <pm-column position='17' dic='0.0' kdic='1.3862943611198906'>
    <a>0.0</a>
    <c>0.0</c>
    <g>1.0</g>
    <t>0.0</t>
   </pm-column>
   <pm-column position='18' dic='0.0' kdic='1.3862943611198906'>
    <a>0.0</a>
    <c>0.0</c>
    <g>1.0</g>
    <t>0.0</t>
   </pm-column>
   <pm-column position='19' dic='0.0' kdic='1.3862943611198906'>
    <a>0.0</a>
    <c>0.0</c>
    <g>1.0</g>
    <t>0.0</t>
   </pm-column>
   <pm-column position='20' dic='0.0' kdic='1.3862943611198906'>
    <a>1.0</a>
    <c>0.0</c>
    <g>0.0</g>
    <t>0.0</t>
   </pm-column>
   <pm-column position='21' dic='0.0' kdic='1.3862943611198906'>
    <a>0.0</a>
    <c>0.0</c>
    <g>1.0</g>
    <t>0.0</t>
   </pm-column>
   <pm-column position='22' dic='0.0' kdic='1.3862943611198906'>
    <a>1.0</a>
    <c>0.0</c>
    <g>0.0</g>
    <t>0.0</t>
   </pm-column>
   <pm-column position='23' dic='0.0' kdic='1.3862943611198906'>
    <a>0.0</a>
    <c>1.0</c>
    <g>0.0</g>
    <t>0.0</t>
   </pm-column>
   <pm-column position='24' dic='0.0' kdic='1.3862943611198906'>
    <a>0.0</a>
    <c>1.0</c>
    <g>0.0</g>
    <t>0.0</t>
   </pm-column>
   <pm-column position='25' dic='0.0' kdic='1.3862943611198906'>
    <a>0.0</a>
    <c>0.0</c>
    <g>1.0</g>
    <t>0.0</t>
   </pm-column>
  </PPM>
  <PWM length='25' words-count='9.07166217854757'>
   <pm-column position='1'>
    <a>-1.631951054523329</a>
    <c>-1.631951054523329</c>
    <g>-0.7172845680103789</g>
    <t>1.138098623650758</t>
   </pm-column>
   <pm-column position='2'>
    <a>-1.631951054523329</a>
    <c>-1.631951054523329</c>
    <g>1.138098623650758</g>
    <t>-0.7172845680103789</t>
   </pm-column>
   <pm-column position='3'>
    <a>-1.631951054523329</a>
    <c>-0.7172845680103789</c>
    <g>1.138098623650758</g>
    <t>-1.631951054523329</t>
   </pm-column>
   <pm-column position='4'>
    <a>-1.631951054523329</a>
    <c>-1.631951054523329</c>
    <g>-0.7172845680103789</g>
    <t>1.138098623650758</t>
   </pm-column>
   <pm-column position='5'>
    <a>-0.7172845680103789</a>
    <c>-1.631951054523329</c>
    <g>-1.631951054523329</g>
    <t>1.138098623650758</t>
   </pm-column>
   <pm-column position='6'>
    <a>1.138098623650758</a>
    <c>-0.7172845680103789</c>
    <g>-1.631951054523329</g>
    <t>-1.631951054523329</t>
   </pm-column>
   <pm-column position='7'>
    <a>-0.7172845680103789</a>
    <c>-1.631951054523329</c>
    <g>1.138098623650758</g>
    <t>-1.631951054523329</t>
   </pm-column>
   <pm-column position='8'>
    <a>-1.631951054523329</a>
    <c>-0.7172845680103789</c>
    <g>-1.631951054523329</g>
    <t>1.138098623650758</t>
   </pm-column>
   <pm-column position='9'>
    <a>1.2276962549768213</a>
    <c>-1.631951054523329</c>
    <g>-1.631951054523329</g>
    <t>-1.631951054523329</t>
   </pm-column>
   <pm-column position='10'>
    <a>-1.631951054523329</a>
    <c>1.2276962549768213</c>
    <g>-1.631951054523329</g>
    <t>-1.631951054523329</t>
   </pm-column>
   <pm-column position='11'>
    <a>-1.631951054523329</a>
    <c>0.8079232546724374</c>
    <g>-1.631951054523329</g>
    <t>0.31163793559913616</t>
   </pm-column>
   <pm-column position='12'>
    <a>-1.631951054523329</a>
    <c>-1.631951054523329</c>
    <g>-1.631951054523329</g>
    <t>1.2276962549768213</t>
   </pm-column>
   <pm-column position='13'>
    <a>-1.631951054523329</a>
    <c>-1.631951054523329</c>
    <g>1.2276962549768213</g>
    <t>-1.631951054523329</t>
   </pm-column>
   <pm-column position='14'>
    <a>-1.631951054523329</a>
    <c>-1.631951054523329</c>
    <g>1.2276962549768213</g>
    <t>-1.631951054523329</t>
   </pm-column>
   <pm-column position='15'>
    <a>1.2276962549768213</a>
    <c>-1.631951054523329</c>
    <g>-1.631951054523329</g>
    <t>-1.631951054523329</t>
   </pm-column>
   <pm-column position='16'>
    <a>-1.631951054523329</a>
    <c>-1.631951054523329</c>
    <g>-1.631951054523329</g>
    <t>1.2276962549768213</t>
   </pm-column>
   <pm-column position='17'>
    <a>-1.631951054523329</a>
    <c>-1.631951054523329</c>
    <g>1.2276962549768213</g>
    <t>-1.631951054523329</t>
   </pm-column>
   <pm-column position='18'>
    <a>-1.631951054523329</a>
    <c>-1.631951054523329</c>
    <g>1.2276962549768213</g>
    <t>-1.631951054523329</t>
   </pm-column>
   <pm-column position='19'>
    <a>-1.631951054523329</a>
    <c>-1.631951054523329</c>
    <g>1.2276962549768213</g>
    <t>-1.631951054523329</t>
   </pm-column>
   <pm-column position='20'>
    <a>1.2276962549768213</a>
    <c>-1.631951054523329</c>
    <g>-1.631951054523329</g>
    <t>-1.631951054523329</t>
   </pm-column>
   <pm-column position='21'>
    <a>-1.631951054523329</a>
    <c>-1.631951054523329</c>
    <g>1.2276962549768213</g>
    <t>-1.631951054523329</t>
   </pm-column>
   <pm-column position='22'>
    <a>1.2276962549768213</a>
    <c>-1.631951054523329</c>
    <g>-1.631951054523329</g>
    <t>-1.631951054523329</t>
   </pm-column>
   <pm-column position='23'>
    <a>-1.631951054523329</a>
    <c>1.2276962549768213</c>
    <g>-1.631951054523329</g>
    <t>-1.631951054523329</t>
   </pm-column>
   <pm-column position='24'>
    <a>-1.631951054523329</a>
    <c>1.2276962549768213</c>
    <g>-1.631951054523329</g>
    <t>-1.631951054523329</t>
   </pm-column>
   <pm-column position='25'>
    <a>-1.631951054523329</a>
    <c>-1.631951054523329</c>
    <g>1.2276962549768213</g>
    <t>-1.631951054523329</t>
   </pm-column>
  </PWM>
 </motif>
</smallbismark>