<?xml version='1.0' encoding='UTF-8'?>
<smallbismark>
 <motif name='ARNT_HUMAN' id='ARNT_f1' sample-size='341' sequence-count='254' coverage='0.7448680351906158' length='8'>
  <comment>HOCOMOCO v9; MAR2012; ChIPMunk v3.1</comment>
  <background>
   <a>0.25</a>
   <c>0.25</c>
   <g>0.25</g>
   <t>0.25</t>
  </background>
  <consensus>bYACGTGh</consensus>
  <WPCM words-count='267.797987828358' length='8' dic='-4.023270667710265' kdic='7.067084221248862'>
   <pm-column position='1' dic='-1.2548706645952998' kdic='0.13142369652459324'>
    <a>27.550631911630212</a>
    <c>66.00168602813004</c>
    <g>63.373873799223624</g>
    <t>110.87179608937437</t>
   </pm-column>
   <pm-column position='2' dic='-0.9959602394043164' kdic='0.39033412171557363'>
    <a>12.600657370002327</a>
    <c>139.09054332457524</c>
    <g>16.49976800533919</g>
    <t>99.60701912844105</t>
   </pm-column>
   <pm-column position='3' dic='-0.6780772548496196' kdic='0.7082171062702707'>
    <a>145.56476622128977</a>
    <c>0.0</c>
    <g>122.2332216070682</g>
    <t>0.0</t>
   </pm-column>
   <pm-column position='4' dic='0.0' kdic='1.3862943611198906'>
    <a>0.0</a>
    <c>267.797987828358</c>
    <g>0.0</g>
    <t>0.0</t>
   </pm-column>
   <pm-column position='5' dic='0.0' kdic='1.3862943611198906'>
    <a>0.0</a>
    <c>0.0</c>
    <g>267.797987828358</g>
    <t>0.0</t>
   </pm-column>
   <pm-column position='6' dic='0.0' kdic='1.3862943611198906'>
    <a>0.0</a>
    <c>0.0</c>
    <g>0.0</g>
    <t>267.797987828358</t>
   </pm-column>
   <pm-column position='7' dic='0.0' kdic='1.3862943611198906'>
    <a>0.0</a>
    <c>0.0</c>
    <g>267.797987828358</g>
    <t>0.0</t>
   </pm-column>
   <pm-column position='8' dic='-1.0943625088610291' kdic='0.291931852258862'>
    <a>50.292137903721574</a>
    <c>148.1170035267162</c>
    <g>14.29589379818168</g>
    <t>55.09295259973866</t>
   </pm-column>
  </WPCM>
  <PPM words-count='267.797987828358' length='8' kdic='7.067084221248862' dic='-4.023270667710265'>
   <pm-column position='1' dic='-1.2548706645952998' kdic='0.13142369652459324'>
    <a>0.102878412698487</a>
    <c>0.246460724232301</c>
    <g>0.23664805816182</g>
    <t>0.414012804907393</t>
   </pm-column>
   <pm-column position='2' dic='-0.9959602394043164' kdic='0.39033412171557363'>
    <a>0.0470528455877666</a>
    <c>0.519386065789724</c>
    <g>0.0616127407794958</g>
    <t>0.371948347843013</t>
   </pm-column>
   <pm-column position='3' dic='-0.6780772548496196' kdic='0.7082171062702707'>
    <a>0.543561837046318</a>
    <c>0.0</c>
    <g>0.456438162953682</g>
    <t>0.0</t>
   </pm-column>
   <pm-column position='4' dic='0.0' kdic='1.3862943611198906'>
    <a>0.0</a>
    <c>1.0</c>
    <g>0.0</g>
    <t>0.0</t>
   </pm-column>
   <pm-column position='5' dic='0.0' kdic='1.3862943611198906'>
    <a>0.0</a>
    <c>0.0</c>
    <g>1.0</g>
    <t>0.0</t>
   </pm-column>
   <pm-column position='6' dic='0.0' kdic='1.3862943611198906'>
    <a>0.0</a>
    <c>0.0</c>
    <g>0.0</g>
    <t>1.0</t>
   </pm-column>
   <pm-column position='7' dic='0.0' kdic='1.3862943611198906'>
    <a>0.0</a>
    <c>0.0</c>
    <g>1.0</g>
    <t>0.0</t>
   </pm-column>
   <pm-column position='8' dic='-1.0943625088610291' kdic='0.291931852258862'>
    <a>0.187798789346975</a>
    <c>0.553092294411301</c>
    <g>0.0533831262665964</g>
    <t>0.205725789975128</t>
   </pm-column>
  </PPM>
  <PWM length='8' words-count='267.797987828358'>
   <pm-column position='1'>
    <a>-0.8590907925614459</a>
    <c>-0.013964672859107007</c>
    <g>-0.05373383552450195</g>
    <t>0.49630245538652007</t>
   </pm-column>
   <pm-column position='2'>
    <a>-1.5856686135847144</a>
    <c>0.7205243208172097</c>
    <g>-1.3399471485699241</g>
    <t>0.3905673582684044</t>
   </pm-column>
   <pm-column position='3'>
    <a>0.7655777797533608</a>
    <c>-3.88987188556944</c>
    <g>0.5927010639030038</g>
    <t>-3.88987188556944</t>
   </pm-column>
   <pm-column position='4'>
    <a>-3.88987188556944</a>
    <c>1.3708395746052415</c>
    <g>-3.88987188556944</g>
    <t>-3.88987188556944</t>
   </pm-column>
   <pm-column position='5'>
    <a>-3.88987188556944</a>
    <c>-3.88987188556944</c>
    <g>1.3708395746052415</g>
    <t>-3.88987188556944</t>
   </pm-column>
   <pm-column position='6'>
    <a>-3.88987188556944</a>
    <c>-3.88987188556944</c>
    <g>-3.88987188556944</g>
    <t>1.3708395746052415</t>
   </pm-column>
   <pm-column position='7'>
    <a>-3.88987188556944</a>
    <c>-3.88987188556944</c>
    <g>1.3708395746052415</g>
    <t>-3.88987188556944</t>
   </pm-column>
   <pm-column position='8'>
    <a>-0.2793400173649344</a>
    <c>0.7827953132161941</c>
    <g>-1.4713549208445822</g>
    <t>-0.19052580379636241</t>
   </pm-column>
  </PWM>
 </motif>
</smallbismark>