<?xml version='1.0' encoding='UTF-8'?>
<smallbismark>
 <motif name='BACH1_HUMAN' id='BACH1_si' sample-size='8' sequence-count='8' coverage='1.0' length='14'>
  <comment>HOCOMOCO v9; MAR2012; ChIPMunk v3.1</comment>
  <background>
   <a>0.25</a>
   <c>0.25</c>
   <g>0.25</g>
   <t>0.25</t>
  </background>
  <consensus>YGCTGAGTCAYGST</consensus>
  <WPCM words-count='8.0' length='14' dic='-3.584263817505475' kdic='15.82385723817299'>
   <pm-column position='1' dic='-0.6527598670593607' kdic='0.7335344940605298'>
    <a>1.095890410958904</a>
    <c>1.972602739726024</c>
    <g>0.0</g>
    <t>4.931506849315072</t>
   </pm-column>
   <pm-column position='2' dic='-0.22874143121696688' kdic='1.157552929902924'>
    <a>0.87671232876712</a>
    <c>0.0</c>
    <g>7.12328767123288</g>
    <t>0.0</t>
   </pm-column>
   <pm-column position='3' dic='0.0' kdic='1.3862943611198906'>
    <a>0.0</a>
    <c>8.0</c>
    <g>0.0</g>
    <t>0.0</t>
   </pm-column>
   <pm-column position='4' dic='-0.22874143121696688' kdic='1.157552929902924'>
    <a>0.0</a>
    <c>0.87671232876712</c>
    <g>0.0</g>
    <t>7.12328767123288</t>
   </pm-column>
   <pm-column position='5' dic='0.0' kdic='1.3862943611198906'>
    <a>0.0</a>
    <c>0.0</c>
    <g>8.0</g>
    <t>0.0</t>
   </pm-column>
   <pm-column position='6' dic='-0.22874143121696688' kdic='1.157552929902924'>
    <a>7.12328767123288</a>
    <c>0.0</c>
    <g>0.0</g>
    <t>0.87671232876712</t>
   </pm-column>
   <pm-column position='7' dic='-0.41324635191705006' kdic='0.9730480092028392'>
    <a>0.0</a>
    <c>1.972602739726024</c>
    <g>6.027397260273968</g>
    <t>0.0</t>
   </pm-column>
   <pm-column position='8' dic='0.0' kdic='1.3862943611198906'>
    <a>0.0</a>
    <c>0.0</c>
    <g>0.0</g>
    <t>8.0</t>
   </pm-column>
   <pm-column position='9' dic='0.0' kdic='1.3862943611198906'>
    <a>0.0</a>
    <c>8.0</c>
    <g>0.0</g>
    <t>0.0</t>
   </pm-column>
   <pm-column position='10' dic='0.0' kdic='1.3862943611198906'>
    <a>8.0</a>
    <c>0.0</c>
    <g>0.0</g>
    <t>0.0</t>
   </pm-column>
   <pm-column position='11' dic='-0.7186497764331063' kdic='0.6676445846867827'>
    <a>1.095890410958904</a>
    <c>3.068493150684928</c>
    <g>0.0</g>
    <t>3.83561643835616</t>
   </pm-column>
   <pm-column position='12' dic='-0.49131708062399815' kdic='0.8949772804958911'>
    <a>0.87671232876712</a>
    <c>0.0</c>
    <g>6.027397260273968</g>
    <t>1.095890410958904</t>
   </pm-column>
   <pm-column position='13' dic='-0.6220664478210591' kdic='0.7642279132988314'>
    <a>0.0</a>
    <c>2.08219178082192</c>
    <g>5.04109589041096</g>
    <t>0.87671232876712</t>
   </pm-column>
   <pm-column position='14' dic='0.0' kdic='1.3862943611198906'>
    <a>0.0</a>
    <c>0.0</c>
    <g>0.0</g>
    <t>8.0</t>
   </pm-column>
  </WPCM>
  <PPM words-count='8.0' length='14' kdic='15.82385723817299' dic='-3.584263817505475'>
   <pm-column position='1' dic='-0.6527598670593607' kdic='0.7335344940605298'>
    <a>0.136986301369863</a>
    <c>0.246575342465753</c>
    <g>0.0</g>
    <t>0.616438356164384</t>
   </pm-column>
   <pm-column position='2' dic='-0.22874143121696688' kdic='1.157552929902924'>
    <a>0.10958904109589</a>
    <c>0.0</c>
    <g>0.89041095890411</g>
    <t>0.0</t>
   </pm-column>
   <pm-column position='3' dic='0.0' kdic='1.3862943611198906'>
    <a>0.0</a>
    <c>1.0</c>
    <g>0.0</g>
    <t>0.0</t>
   </pm-column>
   <pm-column position='4' dic='-0.22874143121696688' kdic='1.157552929902924'>
    <a>0.0</a>
    <c>0.10958904109589</c>
    <g>0.0</g>
    <t>0.89041095890411</t>
   </pm-column>
   <pm-column position='5' dic='0.0' kdic='1.3862943611198906'>
    <a>0.0</a>
    <c>0.0</c>
    <g>1.0</g>
    <t>0.0</t>
   </pm-column>
   <pm-column position='6' dic='-0.22874143121696688' kdic='1.157552929902924'>
    <a>0.89041095890411</a>
    <c>0.0</c>
    <g>0.0</g>
    <t>0.10958904109589</t>
   </pm-column>
   <pm-column position='7' dic='-0.41324635191705006' kdic='0.9730480092028392'>
    <a>0.0</a>
    <c>0.246575342465753</c>
    <g>0.753424657534246</g>
    <t>0.0</t>
   </pm-column>
   <pm-column position='8' dic='0.0' kdic='1.3862943611198906'>
    <a>0.0</a>
    <c>0.0</c>
    <g>0.0</g>
    <t>1.0</t>
   </pm-column>
   <pm-column position='9' dic='0.0' kdic='1.3862943611198906'>
    <a>0.0</a>
    <c>1.0</c>
    <g>0.0</g>
    <t>0.0</t>
   </pm-column>
   <pm-column position='10' dic='0.0' kdic='1.3862943611198906'>
    <a>1.0</a>
    <c>0.0</c>
    <g>0.0</g>
    <t>0.0</t>
   </pm-column>
   <pm-column position='11' dic='-0.7186497764331063' kdic='0.6676445846867827'>
    <a>0.136986301369863</a>
    <c>0.383561643835616</c>
    <g>0.0</g>
    <t>0.47945205479452</t>
   </pm-column>
   <pm-column position='12' dic='-0.49131708062399815' kdic='0.8949772804958911'>
    <a>0.10958904109589</a>
    <c>0.0</c>
    <g>0.753424657534246</g>
    <t>0.136986301369863</t>
   </pm-column>
   <pm-column position='13' dic='-0.6220664478210591' kdic='0.7642279132988314'>
    <a>0.0</a>
    <c>0.26027397260274</c>
    <g>0.63013698630137</g>
    <t>0.10958904109589</t>
   </pm-column>
   <pm-column position='14' dic='0.0' kdic='1.3862943611198906'>
    <a>0.0</a>
    <c>0.0</c>
    <g>0.0</g>
    <t>1.0</t>
   </pm-column>
  </PPM>
  <PWM length='14' words-count='8.0'>
   <pm-column position='1'>
    <a>-0.44440375933172377</a>
    <c>-0.010932068957584641</c>
    <g>-1.5783984904108685</g>
    <t>0.7716629485941454</t>
   </pm-column>
   <pm-column position='2'>
    <a>-0.5901823234526162</a>
    <c>-1.5783984904108685</c>
    <g>1.1096060702321155</g>
    <t>-1.5783984904108685</t>
   </pm-column>
   <pm-column position='3'>
    <a>-1.5783984904108685</a>
    <c>1.2181964566417396</c>
    <g>-1.5783984904108685</g>
    <t>-1.5783984904108685</t>
   </pm-column>
   <pm-column position='4'>
    <a>-1.5783984904108685</a>
    <c>-0.5901823234526162</c>
    <g>-1.5783984904108685</g>
    <t>1.1096060702321155</t>
   </pm-column>
   <pm-column position='5'>
    <a>-1.5783984904108685</a>
    <c>-1.5783984904108685</c>
    <g>1.2181964566417396</g>
    <t>-1.5783984904108685</t>
   </pm-column>
   <pm-column position='6'>
    <a>1.1096060702321155</a>
    <c>-1.5783984904108685</c>
    <g>-1.5783984904108685</g>
    <t>-0.5901823234526162</t>
   </pm-column>
   <pm-column position='7'>
    <a>-1.5783984904108685</a>
    <c>-0.010932068957584641</c>
    <g>0.9548427845520463</g>
    <t>-1.5783984904108685</t>
   </pm-column>
   <pm-column position='8'>
    <a>-1.5783984904108685</a>
    <c>-1.5783984904108685</c>
    <g>-1.5783984904108685</g>
    <t>1.2181964566417396</t>
   </pm-column>
   <pm-column position='9'>
    <a>-1.5783984904108685</a>
    <c>1.2181964566417396</c>
    <g>-1.5783984904108685</g>
    <t>-1.5783984904108685</t>
   </pm-column>
   <pm-column position='10'>
    <a>1.2181964566417396</a>
    <c>-1.5783984904108685</c>
    <g>-1.5783984904108685</g>
    <t>-1.5783984904108685</t>
   </pm-column>
   <pm-column position='11'>
    <a>-0.44440375933172377</a>
    <c>0.35348997488171263</c>
    <g>-1.5783984904108685</g>
    <t>0.5472305957455479</t>
   </pm-column>
   <pm-column position='12'>
    <a>-0.5901823234526162</a>
    <c>-1.5783984904108685</c>
    <g>0.9548427845520463</g>
    <t>-0.44440375933172377</t>
   </pm-column>
   <pm-column position='13'>
    <a>-1.5783984904108685</a>
    <c>0.03209693102916929</c>
    <g>0.7915665881520505</g>
    <t>-0.5901823234526162</t>
   </pm-column>
   <pm-column position='14'>
    <a>-1.5783984904108685</a>
    <c>-1.5783984904108685</c>
    <g>-1.5783984904108685</g>
    <t>1.2181964566417396</t>
   </pm-column>
  </PWM>
 </motif>
</smallbismark>