<?xml version='1.0' encoding='UTF-8'?>
<smallbismark>
 <motif name='CEBPZ_HUMAN' id='CEBPZ_si' sample-size='48' sequence-count='28' coverage='0.5833333333333334' length='11'>
  <comment>HOCOMOCO v9; MAR2012; ChIPMunk v3.1</comment>
  <background>
   <a>0.25</a>
   <c>0.25</c>
   <g>0.25</g>
   <t>0.25</t>
  </background>
  <consensus>dSTSATTGGCT</consensus>
  <WPCM words-count='25.9141104294479' length='11' dic='-3.959558919355982' kdic='11.28967905296281'>
   <pm-column position='1' dic='-1.0350956336983426' kdic='0.35119872742154706'>
    <a>8.131901840490803</a>
    <c>0.8435582822085896</c>
    <g>8.94171779141105</g>
    <t>7.996932515337438</t>
   </pm-column>
   <pm-column position='2' dic='-0.6917107211148374' kdic='0.6945836400050526'>
    <a>0.0</a>
    <c>17.81595092024543</c>
    <g>5.803680981595094</g>
    <t>2.294478527607367</t>
   </pm-column>
   <pm-column position='3' dic='-0.5390879106893822' kdic='0.8472064504305082'>
    <a>0.6748466257668732</a>
    <c>5.668711656441728</c>
    <g>0.0</g>
    <t>19.57055214723929</t>
   </pm-column>
   <pm-column position='4' dic='-0.7551520779046174' kdic='0.6311422832152722'>
    <a>0.0</a>
    <c>9.447852760736204</c>
    <g>14.71165644171781</g>
    <t>1.7546012269938673</t>
   </pm-column>
   <pm-column position='5' dic='0.0' kdic='1.3862943611198908'>
    <a>25.9141104294479</a>
    <c>0.0</c>
    <g>0.0</g>
    <t>0.0</t>
   </pm-column>
   <pm-column position='6' dic='0.0' kdic='1.3862943611198908'>
    <a>0.0</a>
    <c>0.0</c>
    <g>0.0</g>
    <t>25.9141104294479</t>
   </pm-column>
   <pm-column position='7' dic='0.0' kdic='1.3862943611198908'>
    <a>0.0</a>
    <c>0.0</c>
    <g>0.0</g>
    <t>25.9141104294479</t>
   </pm-column>
   <pm-column position='8' dic='0.0' kdic='1.3862943611198908'>
    <a>0.0</a>
    <c>0.0</c>
    <g>25.9141104294479</g>
    <t>0.0</t>
   </pm-column>
   <pm-column position='9' dic='0.0' kdic='1.3862943611198908'>
    <a>0.0</a>
    <c>0.0</c>
    <g>25.9141104294479</g>
    <t>0.0</t>
   </pm-column>
   <pm-column position='10' dic='-0.4850005721844137' kdic='0.9012937889354766'>
    <a>0.6748466257668732</a>
    <c>20.650306748466296</c>
    <g>0.0</g>
    <t>4.588957055214724</t>
   </pm-column>
   <pm-column position='11' dic='-0.4535120037643886' kdic='0.932782357355502'>
    <a>0.16871165644171818</a>
    <c>3.4079754601227137</c>
    <g>0.8435582822085896</g>
    <t>21.493865030674876</t>
   </pm-column>
  </WPCM>
  <PPM words-count='25.9141104294479' length='11' kdic='11.28967905296281' dic='-3.959558919355982'>
   <pm-column position='1' dic='-1.0350956336983426' kdic='0.35119872742154706'>
    <a>0.313802083333333</a>
    <c>0.0325520833333333</c>
    <g>0.345052083333333</g>
    <t>0.30859375</t>
   </pm-column>
   <pm-column position='2' dic='-0.6917107211148374' kdic='0.6945836400050526'>
    <a>0.0</a>
    <c>0.6875</c>
    <g>0.223958333333333</g>
    <t>0.0885416666666667</t>
   </pm-column>
   <pm-column position='3' dic='-0.5390879106893822' kdic='0.8472064504305082'>
    <a>0.0260416666666667</a>
    <c>0.21875</c>
    <g>0.0</g>
    <t>0.755208333333333</t>
   </pm-column>
   <pm-column position='4' dic='-0.7551520779046174' kdic='0.6311422832152722'>
    <a>0.0</a>
    <c>0.364583333333333</c>
    <g>0.567708333333333</g>
    <t>0.0677083333333333</t>
   </pm-column>
   <pm-column position='5' dic='0.0' kdic='1.3862943611198908'>
    <a>1.0</a>
    <c>0.0</c>
    <g>0.0</g>
    <t>0.0</t>
   </pm-column>
   <pm-column position='6' dic='0.0' kdic='1.3862943611198908'>
    <a>0.0</a>
    <c>0.0</c>
    <g>0.0</g>
    <t>1.0</t>
   </pm-column>
   <pm-column position='7' dic='0.0' kdic='1.3862943611198908'>
    <a>0.0</a>
    <c>0.0</c>
    <g>0.0</g>
    <t>1.0</t>
   </pm-column>
   <pm-column position='8' dic='0.0' kdic='1.3862943611198908'>
    <a>0.0</a>
    <c>0.0</c>
    <g>1.0</g>
    <t>0.0</t>
   </pm-column>
   <pm-column position='9' dic='0.0' kdic='1.3862943611198908'>
    <a>0.0</a>
    <c>0.0</c>
    <g>1.0</g>
    <t>0.0</t>
   </pm-column>
   <pm-column position='10' dic='-0.4850005721844137' kdic='0.9012937889354766'>
    <a>0.0260416666666667</a>
    <c>0.796875</c>
    <g>0.0</g>
    <t>0.177083333333333</t>
   </pm-column>
   <pm-column position='11' dic='-0.4535120037643886' kdic='0.932782357355502'>
    <a>0.00651041666666667</a>
    <c>0.131510416666667</c>
    <g>0.0325520833333333</g>
    <t>0.829427083333333</t>
   </pm-column>
  </PPM>
  <PWM length='11' words-count='25.9141104294479'>
   <pm-column position='1'>
    <a>0.20435300582190474</a>
    <c>-1.4816459125237622</c>
    <g>0.2910138390947552</g>
    <t>0.18915023601944753</t>
   </pm-column>
   <pm-column position='2'>
    <a>-2.192975978851668</a>
    <c>0.9379456355006828</c>
    <g>-0.09710944333924056</g>
    <t>-0.8527727685801278</t>
   </pm-column>
   <pm-column position='3'>
    <a>-1.5890104988227904</a>
    <c>-0.11771651229763776</c>
    <g>-2.192975978851668</g>
    <t>1.0279538520384064</t>
   </pm-column>
   <pm-column position='4'>
    <a>-2.192975978851668</a>
    <c>0.3415952226355665</c>
    <g>0.7556657421285421</g>
    <t>-1.0435651708105833</t>
   </pm-column>
   <pm-column position='5'>
    <a>1.2988958513336382</a>
    <c>-2.192975978851668</c>
    <g>-2.192975978851668</g>
    <t>-2.192975978851668</t>
   </pm-column>
   <pm-column position='6'>
    <a>-2.192975978851668</a>
    <c>-2.192975978851668</c>
    <g>-2.192975978851668</g>
    <t>1.2988958513336382</t>
   </pm-column>
   <pm-column position='7'>
    <a>-2.192975978851668</a>
    <c>-2.192975978851668</c>
    <g>-2.192975978851668</g>
    <t>1.2988958513336382</t>
   </pm-column>
   <pm-column position='8'>
    <a>-2.192975978851668</a>
    <c>-2.192975978851668</c>
    <g>1.2988958513336382</g>
    <t>-2.192975978851668</t>
   </pm-column>
   <pm-column position='9'>
    <a>-2.192975978851668</a>
    <c>-2.192975978851668</c>
    <g>1.2988958513336382</g>
    <t>-2.192975978851668</t>
   </pm-column>
   <pm-column position='10'>
    <a>-1.5890104988227904</a>
    <c>1.079568638031582</c>
    <g>-2.192975978851668</g>
    <t>-0.29991833819661445</t>
   </pm-column>
   <pm-column position='11'>
    <a>-2.0045566509980404</a>
    <c>-0.5465773004910058</c>
    <g>-1.4816459125237622</g>
    <t>1.1181170759316377</t>
   </pm-column>
  </PWM>
 </motif>
</smallbismark>