<?xml version='1.0' encoding='UTF-8'?>
<smallbismark>
 <motif name='E2F7_HUMAN' id='E2F7_f1' sample-size='5' sequence-count='5' coverage='1.0' length='13'>
  <comment>HOCOMOCO v9; MAR2012; ChIPMunk v3.1</comment>
  <background>
   <a>0.25</a>
   <c>0.25</c>
   <g>0.25</g>
   <t>0.25</t>
  </background>
  <consensus>nAdGGCGCGAAAn</consensus>
  <WPCM words-count='5.0' length='13' dic='-3.135121717694945' kdic='14.886704976863633'>
   <pm-column position='1' dic='-0.58317757610443' kdic='0.8031167850154606'>
    <a>2.25</a>
    <c>0.25</c>
    <g>0.25</g>
    <t>2.25</t>
   </pm-column>
   <pm-column position='2' dic='-0.46051701858679533' kdic='0.9257773425330953'>
    <a>3.0</a>
    <c>0.0</c>
    <g>0.0</g>
    <t>2.0</t>
   </pm-column>
   <pm-column position='3' dic='-0.6802394763089605' kdic='0.7060548848109299'>
    <a>2.0</a>
    <c>0.0</c>
    <g>2.0</g>
    <t>1.0</t>
   </pm-column>
   <pm-column position='4' dic='-0.3218875824868075' kdic='1.064406778633083'>
    <a>1.0</a>
    <c>0.0</c>
    <g>4.0</g>
    <t>0.0</t>
   </pm-column>
   <pm-column position='5' dic='0.0' kdic='1.3862943611198906'>
    <a>0.0</a>
    <c>0.0</c>
    <g>5.0</g>
    <t>0.0</t>
   </pm-column>
   <pm-column position='6' dic='0.0' kdic='1.3862943611198906'>
    <a>0.0</a>
    <c>5.0</c>
    <g>0.0</g>
    <t>0.0</t>
   </pm-column>
   <pm-column position='7' dic='0.0' kdic='1.3862943611198906'>
    <a>0.0</a>
    <c>0.0</c>
    <g>5.0</g>
    <t>0.0</t>
   </pm-column>
   <pm-column position='8' dic='-0.3218875824868075' kdic='1.064406778633083'>
    <a>0.0</a>
    <c>4.0</c>
    <g>1.0</g>
    <t>0.0</t>
   </pm-column>
   <pm-column position='9' dic='0.0' kdic='1.3862943611198906'>
    <a>0.0</a>
    <c>0.0</c>
    <g>5.0</g>
    <t>0.0</t>
   </pm-column>
   <pm-column position='10' dic='0.0' kdic='1.3862943611198906'>
    <a>5.0</a>
    <c>0.0</c>
    <g>0.0</g>
    <t>0.0</t>
   </pm-column>
   <pm-column position='11' dic='0.0' kdic='1.3862943611198906'>
    <a>5.0</a>
    <c>0.0</c>
    <g>0.0</g>
    <t>0.0</t>
   </pm-column>
   <pm-column position='12' dic='0.0' kdic='1.3862943611198906'>
    <a>5.0</a>
    <c>0.0</c>
    <g>0.0</g>
    <t>0.0</t>
   </pm-column>
   <pm-column position='13' dic='-0.7674124817211443' kdic='0.6188818793987462'>
    <a>1.75</a>
    <c>1.75</c>
    <g>0.75</g>
    <t>0.75</t>
   </pm-column>
  </WPCM>
  <PPM words-count='5.0' length='13' kdic='14.886704976863633' dic='-3.135121717694945'>
   <pm-column position='1' dic='-0.58317757610443' kdic='0.8031167850154606'>
    <a>0.45</a>
    <c>0.05</c>
    <g>0.05</g>
    <t>0.45</t>
   </pm-column>
   <pm-column position='2' dic='-0.46051701858679533' kdic='0.9257773425330953'>
    <a>0.6</a>
    <c>0.0</c>
    <g>0.0</g>
    <t>0.4</t>
   </pm-column>
   <pm-column position='3' dic='-0.6802394763089605' kdic='0.7060548848109299'>
    <a>0.4</a>
    <c>0.0</c>
    <g>0.4</g>
    <t>0.2</t>
   </pm-column>
   <pm-column position='4' dic='-0.3218875824868075' kdic='1.064406778633083'>
    <a>0.2</a>
    <c>0.0</c>
    <g>0.8</g>
    <t>0.0</t>
   </pm-column>
   <pm-column position='5' dic='0.0' kdic='1.3862943611198906'>
    <a>0.0</a>
    <c>0.0</c>
    <g>1.0</g>
    <t>0.0</t>
   </pm-column>
   <pm-column position='6' dic='0.0' kdic='1.3862943611198906'>
    <a>0.0</a>
    <c>1.0</c>
    <g>0.0</g>
    <t>0.0</t>
   </pm-column>
   <pm-column position='7' dic='0.0' kdic='1.3862943611198906'>
    <a>0.0</a>
    <c>0.0</c>
    <g>1.0</g>
    <t>0.0</t>
   </pm-column>
   <pm-column position='8' dic='-0.3218875824868075' kdic='1.064406778633083'>
    <a>0.0</a>
    <c>0.8</c>
    <g>0.2</g>
    <t>0.0</t>
   </pm-column>
   <pm-column position='9' dic='0.0' kdic='1.3862943611198906'>
    <a>0.0</a>
    <c>0.0</c>
    <g>1.0</g>
    <t>0.0</t>
   </pm-column>
   <pm-column position='10' dic='0.0' kdic='1.3862943611198906'>
    <a>1.0</a>
    <c>0.0</c>
    <g>0.0</g>
    <t>0.0</t>
   </pm-column>
   <pm-column position='11' dic='0.0' kdic='1.3862943611198906'>
    <a>1.0</a>
    <c>0.0</c>
    <g>0.0</g>
    <t>0.0</t>
   </pm-column>
   <pm-column position='12' dic='0.0' kdic='1.3862943611198906'>
    <a>1.0</a>
    <c>0.0</c>
    <g>0.0</g>
    <t>0.0</t>
   </pm-column>
   <pm-column position='13' dic='-0.7674124817211443' kdic='0.6188818793987462'>
    <a>0.35</a>
    <c>0.35</c>
    <g>0.15</g>
    <t>0.15</t>
   </pm-column>
  </PPM>
  <PWM length='13' words-count='5.0'>
   <pm-column position='1'>
    <a>0.47324535976468196</a>
    <c>-0.9293637753866322</c>
    <g>-0.9293637753866322</g>
    <t>0.47324535976468196</t>
   </pm-column>
   <pm-column position='2'>
    <a>0.7222649019023392</a>
    <c>-1.4126136189803458</c>
    <g>-1.4126136189803458</g>
    <t>0.37424711710297043</t>
   </pm-column>
   <pm-column position='3'>
    <a>0.37424711710297043</a>
    <c>-1.4126136189803458</c>
    <g>0.37424711710297043</g>
    <t>-0.16404809365460568</t>
   </pm-column>
   <pm-column position='4'>
    <a>-0.16404809365460568</a>
    <c>-1.4126136189803458</c>
    <g>0.9799363890333314</g>
    <t>-1.4126136189803458</t>
   </pm-column>
   <pm-column position='5'>
    <a>-1.4126136189803458</a>
    <c>-1.4126136189803458</c>
    <g>1.1846315453424756</g>
    <t>-1.4126136189803458</t>
   </pm-column>
   <pm-column position='6'>
    <a>-1.4126136189803458</a>
    <c>1.1846315453424756</c>
    <g>-1.4126136189803458</g>
    <t>-1.4126136189803458</t>
   </pm-column>
   <pm-column position='7'>
    <a>-1.4126136189803458</a>
    <c>-1.4126136189803458</c>
    <g>1.1846315453424756</g>
    <t>-1.4126136189803458</t>
   </pm-column>
   <pm-column position='8'>
    <a>-1.4126136189803458</a>
    <c>0.9799363890333314</c>
    <g>-0.16404809365460568</g>
    <t>-1.4126136189803458</t>
   </pm-column>
   <pm-column position='9'>
    <a>-1.4126136189803458</a>
    <c>-1.4126136189803458</c>
    <g>1.1846315453424756</g>
    <t>-1.4126136189803458</t>
   </pm-column>
   <pm-column position='10'>
    <a>1.1846315453424756</a>
    <c>-1.4126136189803458</c>
    <g>-1.4126136189803458</g>
    <t>-1.4126136189803458</t>
   </pm-column>
   <pm-column position='11'>
    <a>1.1846315453424756</a>
    <c>-1.4126136189803458</c>
    <g>-1.4126136189803458</g>
    <t>-1.4126136189803458</t>
   </pm-column>
   <pm-column position='12'>
    <a>1.1846315453424756</a>
    <c>-1.4126136189803458</c>
    <g>-1.4126136189803458</g>
    <t>-1.4126136189803458</t>
   </pm-column>
   <pm-column position='13'>
    <a>0.2643604188924491</a>
    <c>0.2643604188924491</c>
    <g>-0.3603926926211898</g>
    <t>-0.3603926926211898</t>
   </pm-column>
  </PWM>
 </motif>
</smallbismark>