<?xml version='1.0' encoding='UTF-8'?>
<smallbismark>
 <motif name='E4F1_HUMAN' id='E4F1_f1' sample-size='9' sequence-count='9' coverage='1.0' length='9'>
  <comment>HOCOMOCO v9; MAR2012; ChIPMunk v3.1</comment>
  <background>
   <a>0.25</a>
   <c>0.25</c>
   <g>0.25</g>
   <t>0.25</t>
  </background>
  <consensus>nGTGACGTM</consensus>
  <WPCM words-count='9.0' length='9' dic='-2.9686250433209205' kdic='9.508024206758094'>
   <pm-column position='1' dic='-0.9402334262520304' kdic='0.4460609348678603'>
    <a>1.520270270270271</a>
    <c>3.831081081081084</c>
    <g>1.520270270270271</g>
    <t>2.128378378378374</t>
   </pm-column>
   <pm-column position='2' dic='-0.4031989436005069' kdic='0.9830954175193843'>
    <a>0.6081081081081083</a>
    <c>0.0</c>
    <g>7.297297297297298</g>
    <t>1.094594594594598</t>
   </pm-column>
   <pm-column position='3' dic='0.0' kdic='1.3862943611198906'>
    <a>0.0</a>
    <c>0.0</c>
    <g>0.0</g>
    <t>9.0</t>
   </pm-column>
   <pm-column position='4' dic='-0.5416000463662335' kdic='0.844694314753657'>
    <a>0.0</a>
    <c>0.0</c>
    <g>4.743243243243243</g>
    <t>4.256756756756757</t>
   </pm-column>
   <pm-column position='5' dic='0.0' kdic='1.3862943611198906'>
    <a>9.0</a>
    <c>0.0</c>
    <g>0.0</g>
    <t>0.0</t>
   </pm-column>
   <pm-column position='6' dic='0.0' kdic='1.3862943611198906'>
    <a>0.0</a>
    <c>9.0</c>
    <g>0.0</g>
    <t>0.0</t>
   </pm-column>
   <pm-column position='7' dic='0.0' kdic='1.3862943611198906'>
    <a>0.0</a>
    <c>0.0</c>
    <g>9.0</g>
    <t>0.0</t>
   </pm-column>
   <pm-column position='8' dic='-0.2834940752829643' kdic='1.1028002858369264'>
    <a>1.2162162162162151</a>
    <c>0.0</c>
    <g>0.0</g>
    <t>7.783783783783785</t>
   </pm-column>
   <pm-column position='9' dic='-0.8000985518191853' kdic='0.5861958093007051'>
    <a>1.672297297297299</a>
    <c>5.199324324324326</c>
    <g>1.064189189189187</g>
    <t>1.064189189189187</t>
   </pm-column>
  </WPCM>
  <PPM words-count='9.0' length='9' kdic='9.508024206758094' dic='-2.9686250433209205'>
   <pm-column position='1' dic='-0.9402334262520304' kdic='0.4460609348678603'>
    <a>0.168918918918919</a>
    <c>0.425675675675676</c>
    <g>0.168918918918919</g>
    <t>0.236486486486486</t>
   </pm-column>
   <pm-column position='2' dic='-0.4031989436005069' kdic='0.9830954175193843'>
    <a>0.0675675675675676</a>
    <c>0.0</c>
    <g>0.810810810810811</g>
    <t>0.121621621621622</t>
   </pm-column>
   <pm-column position='3' dic='0.0' kdic='1.3862943611198906'>
    <a>0.0</a>
    <c>0.0</c>
    <g>0.0</g>
    <t>1.0</t>
   </pm-column>
   <pm-column position='4' dic='-0.5416000463662335' kdic='0.844694314753657'>
    <a>0.0</a>
    <c>0.0</c>
    <g>0.527027027027027</g>
    <t>0.472972972972973</t>
   </pm-column>
   <pm-column position='5' dic='0.0' kdic='1.3862943611198906'>
    <a>1.0</a>
    <c>0.0</c>
    <g>0.0</g>
    <t>0.0</t>
   </pm-column>
   <pm-column position='6' dic='0.0' kdic='1.3862943611198906'>
    <a>0.0</a>
    <c>1.0</c>
    <g>0.0</g>
    <t>0.0</t>
   </pm-column>
   <pm-column position='7' dic='0.0' kdic='1.3862943611198906'>
    <a>0.0</a>
    <c>0.0</c>
    <g>1.0</g>
    <t>0.0</t>
   </pm-column>
   <pm-column position='8' dic='-0.2834940752829643' kdic='1.1028002858369264'>
    <a>0.135135135135135</a>
    <c>0.0</c>
    <g>0.0</g>
    <t>0.864864864864865</t>
   </pm-column>
   <pm-column position='9' dic='-0.8000985518191853' kdic='0.5861958093007051'>
    <a>0.185810810810811</a>
    <c>0.577702702702703</c>
    <g>0.118243243243243</g>
    <t>0.118243243243243</t>
   </pm-column>
  </PPM>
  <PWM length='9' words-count='9.0'>
   <pm-column position='1'>
    <a>-0.30202762516565296</a>
    <c>0.44776554723235973</c>
    <g>-0.30202762516565296</g>
    <t>-0.04441914386640782</t>
   </pm-column>
   <pm-column position='2'>
    <a>-0.8831831566066758</a>
    <c>-1.6284709338205443</c>
    <g>1.0307091746881627</g>
    <t>-0.5322996638467463</t>
   </pm-column>
   <pm-column position='3'>
    <a>-1.6284709338205443</a>
    <c>-1.6284709338205443</c>
    <g>-1.6284709338205443</g>
    <t>1.2270969159322809</t>
   </pm-column>
   <pm-column position='4'>
    <a>-1.6284709338205443</a>
    <c>-1.6284709338205443</c>
    <g>0.6369284747219734</g>
    <t>0.5405066443852082</t>
   </pm-column>
   <pm-column position='5'>
    <a>1.2270969159322809</a>
    <c>-1.6284709338205443</c>
    <g>-1.6284709338205443</g>
    <t>-1.6284709338205443</t>
   </pm-column>
   <pm-column position='6'>
    <a>-1.6284709338205443</a>
    <c>1.2270969159322809</c>
    <g>-1.6284709338205443</g>
    <t>-1.6284709338205443</t>
   </pm-column>
   <pm-column position='7'>
    <a>-1.6284709338205443</a>
    <c>-1.6284709338205443</c>
    <g>1.2270969159322809</g>
    <t>-1.6284709338205443</t>
   </pm-column>
   <pm-column position='8'>
    <a>-0.4609249792920874</a>
    <c>-1.6284709338205443</c>
    <g>-1.6284709338205443</g>
    <t>1.0908627462703535</t>
   </pm-column>
   <pm-column position='9'>
    <a>-0.2311423747001692</a>
    <c>0.7195900661989917</c>
    <g>-0.5509687405170972</g>
    <t>-0.5509687405170972</t>
   </pm-column>
  </PWM>
 </motif>
</smallbismark>