<?xml version='1.0' encoding='UTF-8'?>
<smallbismark>
 <motif name='FEV_HUMAN' id='FEV_f1' sample-size='13' sequence-count='13' coverage='1.0' length='10'>
  <comment>HOCOMOCO v9; MAR2012; ChIPMunk v3.1</comment>
  <background>
   <a>0.25</a>
   <c>0.25</c>
   <g>0.25</g>
   <t>0.25</t>
  </background>
  <consensus>MMGGAAATdn</consensus>
  <WPCM words-count='13.0' length='10' dic='-3.978747089968559' kdic='9.884196521230347'>
   <pm-column position='1' dic='-0.6967068609556416' kdic='0.6895875001642486'>
    <a>2.0000000000000018</a>
    <c>8.999999999999995</c>
    <g>0.9999999999999997</g>
    <t>0.9999999999999997</t>
   </pm-column>
   <pm-column position='2' dic='-0.6121982233701933' kdic='0.7740961377496972'>
    <a>8.999999999999995</a>
    <c>3.000000000000003</c>
    <g>0.9999999999999997</g>
    <t>0.0</t>
   </pm-column>
   <pm-column position='3' dic='0.0' kdic='1.3862943611198906'>
    <a>0.0</a>
    <c>0.0</c>
    <g>13.0</g>
    <t>0.0</t>
   </pm-column>
   <pm-column position='4' dic='0.0' kdic='1.3862943611198906'>
    <a>0.0</a>
    <c>0.0</c>
    <g>13.0</g>
    <t>0.0</t>
   </pm-column>
   <pm-column position='5' dic='0.0' kdic='1.3862943611198906'>
    <a>13.0</a>
    <c>0.0</c>
    <g>0.0</g>
    <t>0.0</t>
   </pm-column>
   <pm-column position='6' dic='-0.19730379672781048' kdic='1.18899056439208'>
    <a>12.0</a>
    <c>0.0</c>
    <g>0.0</g>
    <t>0.9999999999999997</t>
   </pm-column>
   <pm-column position='7' dic='-0.5729039446190695' kdic='0.813390416500821'>
    <a>6.999999999999994</a>
    <c>0.0</c>
    <g>6.000000000000006</g>
    <t>0.0</t>
   </pm-column>
   <pm-column position='8' dic='0.0' kdic='1.3862943611198906'>
    <a>0.0</a>
    <c>0.0</c>
    <g>0.0</g>
    <t>13.0</t>
   </pm-column>
   <pm-column position='9' dic='-0.8775818807419481' kdic='0.5087124803779438'>
    <a>5.000000000000005</a>
    <c>0.0</c>
    <g>4.0000000000000036</g>
    <t>4.0000000000000036</t>
   </pm-column>
   <pm-column position='10' dic='-1.0220523835538964' kdic='0.3642419775659929'>
    <a>5.499999999999999</a>
    <c>2.499999999999996</c>
    <g>2.499999999999996</g>
    <t>2.499999999999996</t>
   </pm-column>
  </WPCM>
  <PPM words-count='13.0' length='10' kdic='9.884196521230347' dic='-3.978747089968559'>
   <pm-column position='1' dic='-0.6967068609556416' kdic='0.6895875001642486'>
    <a>0.153846153846154</a>
    <c>0.692307692307692</c>
    <g>0.0769230769230769</g>
    <t>0.0769230769230769</t>
   </pm-column>
   <pm-column position='2' dic='-0.6121982233701933' kdic='0.7740961377496972'>
    <a>0.692307692307692</a>
    <c>0.230769230769231</c>
    <g>0.0769230769230769</g>
    <t>0.0</t>
   </pm-column>
   <pm-column position='3' dic='0.0' kdic='1.3862943611198906'>
    <a>0.0</a>
    <c>0.0</c>
    <g>1.0</g>
    <t>0.0</t>
   </pm-column>
   <pm-column position='4' dic='0.0' kdic='1.3862943611198906'>
    <a>0.0</a>
    <c>0.0</c>
    <g>1.0</g>
    <t>0.0</t>
   </pm-column>
   <pm-column position='5' dic='0.0' kdic='1.3862943611198906'>
    <a>1.0</a>
    <c>0.0</c>
    <g>0.0</g>
    <t>0.0</t>
   </pm-column>
   <pm-column position='6' dic='-0.19730379672781048' kdic='1.18899056439208'>
    <a>0.923076923076923</a>
    <c>0.0</c>
    <g>0.0</g>
    <t>0.0769230769230769</t>
   </pm-column>
   <pm-column position='7' dic='-0.5729039446190695' kdic='0.813390416500821'>
    <a>0.538461538461538</a>
    <c>0.0</c>
    <g>0.461538461538462</g>
    <t>0.0</t>
   </pm-column>
   <pm-column position='8' dic='0.0' kdic='1.3862943611198906'>
    <a>0.0</a>
    <c>0.0</c>
    <g>0.0</g>
    <t>1.0</t>
   </pm-column>
   <pm-column position='9' dic='-0.8775818807419481' kdic='0.5087124803779438'>
    <a>0.384615384615385</a>
    <c>0.0</c>
    <g>0.307692307692308</g>
    <t>0.307692307692308</t>
   </pm-column>
   <pm-column position='10' dic='-1.0220523835538964' kdic='0.3642419775659929'>
    <a>0.423076923076923</a>
    <c>0.192307692307692</c>
    <g>0.192307692307692</g>
    <t>0.192307692307692</t>
   </pm-column>
  </PPM>
  <PWM length='10' words-count='13.0'>
   <pm-column position='1'>
    <a>-0.38747969264071386</a>
    <c>0.9073222659396065</c>
    <g>-0.8632767565664918</g>
    <t>-0.8632767565664918</t>
   </pm-column>
   <pm-column position='2'>
    <a>0.9073222659396065</a>
    <c>-0.06640363686887359</c>
    <g>-0.8632767565664918</g>
    <t>-1.803082815523819</t>
   </pm-column>
   <pm-column position='3'>
    <a>-1.803082815523819</a>
    <c>-1.803082815523819</c>
    <g>1.254370173178728</g>
    <t>-1.803082815523819</t>
   </pm-column>
   <pm-column position='4'>
    <a>-1.803082815523819</a>
    <c>-1.803082815523819</c>
    <g>1.254370173178728</g>
    <t>-1.803082815523819</t>
   </pm-column>
   <pm-column position='5'>
    <a>1.254370173178728</a>
    <c>-1.803082815523819</c>
    <g>-1.803082815523819</g>
    <t>-1.803082815523819</t>
   </pm-column>
   <pm-column position='6'>
    <a>1.178237085548261</a>
    <c>-1.803082815523819</c>
    <g>-1.803082815523819</g>
    <t>-0.8632767565664918</t>
   </pm-column>
   <pm-column position='7'>
    <a>0.674832356327344</a>
    <c>-1.803082815523819</c>
    <g>0.5345711032659582</g>
    <t>-1.803082815523819</t>
   </pm-column>
   <pm-column position='8'>
    <a>-1.803082815523819</a>
    <c>-1.803082815523819</c>
    <g>-1.803082815523819</g>
    <t>1.254370173178728</t>
   </pm-column>
   <pm-column position='9'>
    <a>0.3713762387085514</a>
    <c>-1.803082815523819</c>
    <g>0.17625380950322045</g>
    <t>0.17625380950322045</t>
   </pm-column>
   <pm-column position='10'>
    <a>0.4562990537736492</a>
    <c>-0.21411040972926235</c>
    <g>-0.21411040972926235</g>
    <t>-0.21411040972926235</t>
   </pm-column>
  </PWM>
 </motif>
</smallbismark>