<?xml version='1.0' encoding='UTF-8'?>
<smallbismark>
 <motif name='FOXF1_HUMAN' id='FOXF1_f1' sample-size='9' sequence-count='8' coverage='0.8888888888888888' length='11'>
  <comment>HOCOMOCO v9; MAR2012; ChIPMunk v3.1</comment>
  <background>
   <a>0.25</a>
   <c>0.25</c>
   <g>0.25</g>
   <t>0.25</t>
  </background>
  <consensus>nTGTTTATbWW</consensus>
  <WPCM words-count='8.0' length='11' dic='-3.8235980575609476' kdic='11.425639914757848'>
   <pm-column position='1' dic='-0.9051144959618168' kdic='0.48117986515807365'>
    <a>3.323529411764704</a>
    <c>1.205882352941176</c>
    <g>1.205882352941176</g>
    <t>2.264705882352944</t>
   </pm-column>
   <pm-column position='2' dic='0.0' kdic='1.3862943611198906'>
    <a>0.0</a>
    <c>0.0</c>
    <g>0.0</g>
    <t>8.0</t>
   </pm-column>
   <pm-column position='3' dic='-0.27147571707077867' kdic='1.114818644049112'>
    <a>1.058823529411768</a>
    <c>0.0</c>
    <g>6.941176470588232</g>
    <t>0.0</t>
   </pm-column>
   <pm-column position='4' dic='0.0' kdic='1.3862943611198906'>
    <a>0.0</a>
    <c>0.0</c>
    <g>0.0</g>
    <t>8.0</t>
   </pm-column>
   <pm-column position='5' dic='0.0' kdic='1.3862943611198906'>
    <a>0.0</a>
    <c>0.0</c>
    <g>0.0</g>
    <t>8.0</t>
   </pm-column>
   <pm-column position='6' dic='0.0' kdic='1.3862943611198906'>
    <a>0.0</a>
    <c>0.0</c>
    <g>0.0</g>
    <t>8.0</t>
   </pm-column>
   <pm-column position='7' dic='-0.4870002218628706' kdic='0.8992941392570203'>
    <a>5.882352941176472</a>
    <c>0.5294117647058824</c>
    <g>1.588235294117648</g>
    <t>0.0</t>
   </pm-column>
   <pm-column position='8' dic='-0.27147571707077867' kdic='1.114818644049112'>
    <a>0.0</a>
    <c>1.058823529411768</c>
    <g>0.0</g>
    <t>6.941176470588232</t>
   </pm-column>
   <pm-column position='9' dic='-0.6058624239729026' kdic='0.7804319371469872'>
    <a>0.147058823529412</a>
    <c>1.205882352941176</c>
    <g>1.205882352941176</g>
    <t>5.441176470588232</t>
   </pm-column>
   <pm-column position='10' dic='-0.7010257488004217' kdic='0.6852686123194689'>
    <a>2.117647058823528</a>
    <c>1.352941176470592</c>
    <g>0.0</g>
    <t>4.52941176470588</t>
   </pm-column>
   <pm-column position='11' dic='-0.5816437328213786' kdic='0.804650628298512'>
    <a>3.47058823529412</a>
    <c>0.0</c>
    <g>0.2941176470588232</g>
    <t>4.235294117647056</t>
   </pm-column>
  </WPCM>
  <PPM words-count='8.0' length='11' kdic='11.425639914757848' dic='-3.8235980575609476'>
   <pm-column position='1' dic='-0.9051144959618168' kdic='0.48117986515807365'>
    <a>0.415441176470588</a>
    <c>0.150735294117647</c>
    <g>0.150735294117647</g>
    <t>0.283088235294118</t>
   </pm-column>
   <pm-column position='2' dic='0.0' kdic='1.3862943611198906'>
    <a>0.0</a>
    <c>0.0</c>
    <g>0.0</g>
    <t>1.0</t>
   </pm-column>
   <pm-column position='3' dic='-0.27147571707077867' kdic='1.114818644049112'>
    <a>0.132352941176471</a>
    <c>0.0</c>
    <g>0.867647058823529</g>
    <t>0.0</t>
   </pm-column>
   <pm-column position='4' dic='0.0' kdic='1.3862943611198906'>
    <a>0.0</a>
    <c>0.0</c>
    <g>0.0</g>
    <t>1.0</t>
   </pm-column>
   <pm-column position='5' dic='0.0' kdic='1.3862943611198906'>
    <a>0.0</a>
    <c>0.0</c>
    <g>0.0</g>
    <t>1.0</t>
   </pm-column>
   <pm-column position='6' dic='0.0' kdic='1.3862943611198906'>
    <a>0.0</a>
    <c>0.0</c>
    <g>0.0</g>
    <t>1.0</t>
   </pm-column>
   <pm-column position='7' dic='-0.4870002218628706' kdic='0.8992941392570203'>
    <a>0.735294117647059</a>
    <c>0.0661764705882353</c>
    <g>0.198529411764706</g>
    <t>0.0</t>
   </pm-column>
   <pm-column position='8' dic='-0.27147571707077867' kdic='1.114818644049112'>
    <a>0.0</a>
    <c>0.132352941176471</c>
    <g>0.0</g>
    <t>0.867647058823529</t>
   </pm-column>
   <pm-column position='9' dic='-0.6058624239729026' kdic='0.7804319371469872'>
    <a>0.0183823529411765</a>
    <c>0.150735294117647</c>
    <g>0.150735294117647</g>
    <t>0.680147058823529</t>
   </pm-column>
   <pm-column position='10' dic='-0.7010257488004217' kdic='0.6852686123194689'>
    <a>0.264705882352941</a>
    <c>0.169117647058824</c>
    <g>0.0</g>
    <t>0.566176470588235</t>
   </pm-column>
   <pm-column position='11' dic='-0.5816437328213786' kdic='0.804650628298512'>
    <a>0.433823529411765</a>
    <c>0.0</c>
    <g>0.0367647058823529</g>
    <t>0.529411764705882</t>
   </pm-column>
  </PPM>
  <PWM length='11' words-count='8.0'>
   <pm-column position='1'>
    <a>0.4221512395025383</a>
    <c>-0.3785459666010619</c>
    <g>-0.3785459666010619</g>
    <t>0.09988862519211263</t>
   </pm-column>
   <pm-column position='2'>
    <a>-1.5783984904108685</a>
    <c>-1.5783984904108685</c>
    <g>-1.5783984904108685</g>
    <t>1.2181964566417396</t>
   </pm-column>
   <pm-column position='3'>
    <a>-0.4676119627432817</a>
    <c>-1.5783984904108685</c>
    <g>1.0854908959212504</g>
    <t>-1.5783984904108685</t>
   </pm-column>
   <pm-column position='4'>
    <a>-1.5783984904108685</a>
    <c>-1.5783984904108685</c>
    <g>-1.5783984904108685</g>
    <t>1.2181964566417396</t>
   </pm-column>
   <pm-column position='5'>
    <a>-1.5783984904108685</a>
    <c>-1.5783984904108685</c>
    <g>-1.5783984904108685</g>
    <t>1.2181964566417396</t>
   </pm-column>
   <pm-column position='6'>
    <a>-1.5783984904108685</a>
    <c>-1.5783984904108685</c>
    <g>-1.5783984904108685</g>
    <t>1.2181964566417396</t>
   </pm-column>
   <pm-column position='7'>
    <a>0.9324402654826957</a>
    <c>-0.8761067639318546</c>
    <g>-0.17841847895339066</g>
    <t>-1.5783984904108685</t>
   </pm-column>
   <pm-column position='8'>
    <a>-1.5783984904108685</a>
    <c>-0.4676119627432817</c>
    <g>-1.5783984904108685</g>
    <t>1.0854908959212504</t>
   </pm-column>
   <pm-column position='9'>
    <a>-1.3292898637932216</a>
    <c>-0.3785459666010619</c>
    <g>-0.3785459666010619</g>
    <t>0.8610409376978522</t>
   </pm-column>
   <pm-column position='10'>
    <a>0.045630823882764154</a>
    <c>-0.2967680261963686</c>
    <g>-1.5783984904108685</g>
    <t>0.6950406068343549</t>
   </pm-column>
   <pm-column position='11'>
    <a>0.45970016347305803</a>
    <c>-1.5783984904108685</c>
    <g>-1.1300253978479822</g>
    <t>0.6350256908506252</t>
   </pm-column>
  </PWM>
 </motif>
</smallbismark>