<?xml version='1.0' encoding='UTF-8'?>
<smallbismark>
 <motif name='FOXP3_HUMAN' id='FOXP3_f1' sample-size='9' sequence-count='9' coverage='1.0' length='9'>
  <comment>HOCOMOCO v9; MAR2012; ChIPMunk v3.1</comment>
  <background>
   <a>0.25</a>
   <c>0.25</c>
   <g>0.25</g>
   <t>0.25</t>
  </background>
  <consensus>WATKTGWTT</consensus>
  <WPCM words-count='9.0' length='9' dic='-3.6206892689529795' kdic='8.855959981126034'>
   <pm-column position='1' dic='-0.6132961192659642' kdic='0.7729982418539267'>
    <a>5.875000000000002</a>
    <c>0.0</c>
    <g>0.8749999999999998</g>
    <t>2.25</t>
   </pm-column>
   <pm-column position='2' dic='-0.2673469245623507' kdic='1.1189474365575398'>
    <a>7.875</a>
    <c>0.0</c>
    <g>0.0</g>
    <t>1.125</t>
   </pm-column>
   <pm-column position='3' dic='0.0' kdic='1.3862943611198906'>
    <a>0.0</a>
    <c>0.0</c>
    <g>0.0</g>
    <t>9.0</t>
   </pm-column>
   <pm-column position='4' dic='-0.7701807136356149' kdic='0.6161136474842741'>
    <a>0.0</a>
    <c>1.749999999999996</c>
    <g>2.8749999999999956</g>
    <t>4.374999999999999</t>
   </pm-column>
   <pm-column position='5' dic='-0.21430342081932865' kdic='1.1719909403005622'>
    <a>0.0</a>
    <c>0.0</c>
    <g>0.8749999999999998</g>
    <t>8.125000000000002</t>
   </pm-column>
   <pm-column position='6' dic='-0.21430342081932865' kdic='1.1719909403005622'>
    <a>0.0</a>
    <c>0.0</c>
    <g>8.125000000000002</g>
    <t>0.8749999999999998</t>
   </pm-column>
   <pm-column position='7' dic='-0.7630023811096821' kdic='0.6232919800102085'>
    <a>3.375</a>
    <c>0.0</c>
    <g>1.5000000000000029</g>
    <t>4.1249999999999964</t>
   </pm-column>
   <pm-column position='8' dic='-0.41232007836424484' kdic='0.9739742827556463'>
    <a>1.125</a>
    <c>0.0</c>
    <g>0.6249999999999997</g>
    <t>7.250000000000004</t>
   </pm-column>
   <pm-column position='9' dic='-0.3659362103764649' kdic='1.0203581507434256'>
    <a>1.749999999999996</a>
    <c>0.0</c>
    <g>0.0</g>
    <t>7.250000000000004</t>
   </pm-column>
  </WPCM>
  <PPM words-count='9.0' length='9' kdic='8.855959981126034' dic='-3.6206892689529795'>
   <pm-column position='1' dic='-0.6132961192659642' kdic='0.7729982418539267'>
    <a>0.652777777777778</a>
    <c>0.0</c>
    <g>0.0972222222222222</g>
    <t>0.25</t>
   </pm-column>
   <pm-column position='2' dic='-0.2673469245623507' kdic='1.1189474365575398'>
    <a>0.875</a>
    <c>0.0</c>
    <g>0.0</g>
    <t>0.125</t>
   </pm-column>
   <pm-column position='3' dic='0.0' kdic='1.3862943611198906'>
    <a>0.0</a>
    <c>0.0</c>
    <g>0.0</g>
    <t>1.0</t>
   </pm-column>
   <pm-column position='4' dic='-0.7701807136356149' kdic='0.6161136474842741'>
    <a>0.0</a>
    <c>0.194444444444444</c>
    <g>0.319444444444444</g>
    <t>0.486111111111111</t>
   </pm-column>
   <pm-column position='5' dic='-0.21430342081932865' kdic='1.1719909403005622'>
    <a>0.0</a>
    <c>0.0</c>
    <g>0.0972222222222222</g>
    <t>0.902777777777778</t>
   </pm-column>
   <pm-column position='6' dic='-0.21430342081932865' kdic='1.1719909403005622'>
    <a>0.0</a>
    <c>0.0</c>
    <g>0.902777777777778</g>
    <t>0.0972222222222222</t>
   </pm-column>
   <pm-column position='7' dic='-0.7630023811096821' kdic='0.6232919800102085'>
    <a>0.375</a>
    <c>0.0</c>
    <g>0.166666666666667</g>
    <t>0.458333333333333</t>
   </pm-column>
   <pm-column position='8' dic='-0.41232007836424484' kdic='0.9739742827556463'>
    <a>0.125</a>
    <c>0.0</c>
    <g>0.0694444444444444</g>
    <t>0.805555555555556</t>
   </pm-column>
   <pm-column position='9' dic='-0.3659362103764649' kdic='1.0203581507434256'>
    <a>0.194444444444444</a>
    <c>0.0</c>
    <g>0.0</g>
    <t>0.805555555555556</t>
   </pm-column>
  </PPM>
  <PWM length='9' words-count='9.0'>
   <pm-column position='1'>
    <a>0.830717050972553</a>
    <c>-1.6284709338205443</c>
    <g>-0.6756868019957034</g>
    <t>0.0</t>
   </pm-column>
   <pm-column position='2'>
    <a>1.1017495352140219</a>
    <c>-1.6284709338205443</c>
    <g>-1.6284709338205443</g>
    <t>-0.5139727436108892</t>
   </pm-column>
   <pm-column position='3'>
    <a>-1.6284709338205443</a>
    <c>-1.6284709338205443</c>
    <g>-1.6284709338205443</g>
    <t>1.2270969159322809</t>
   </pm-column>
   <pm-column position='4'>
    <a>-1.6284709338205443</a>
    <c>-0.19676417983216551</c>
    <g>0.20152728471775913</g>
    <t>0.5648117994224381</t>
   </pm-column>
   <pm-column position='5'>
    <a>-1.6284709338205443</a>
    <c>-1.6284709338205443</c>
    <g>-0.6756868019957034</g>
    <t>1.1309937583947167</t>
   </pm-column>
   <pm-column position='6'>
    <a>-1.6284709338205443</a>
    <c>-1.6284709338205443</c>
    <g>1.1309937583947167</g>
    <t>-0.6756868019957034</t>
   </pm-column>
   <pm-column position='7'>
    <a>0.33781797621629384</a>
    <c>-1.6284709338205443</c>
    <g>-0.3118703111980949</g>
    <t>0.5127091525239957</t>
   </pm-column>
   <pm-column position='8'>
    <a>-0.5139727436108892</a>
    <c>-1.6284709338205443</c>
    <g>-0.868694123164479</g>
    <t>1.0246631930068335</t>
   </pm-column>
   <pm-column position='9'>
    <a>-0.19676417983216551</a>
    <c>-1.6284709338205443</c>
    <g>-1.6284709338205443</g>
    <t>1.0246631930068335</t>
   </pm-column>
  </PWM>
 </motif>
</smallbismark>