<?xml version='1.0' encoding='UTF-8'?>
<smallbismark>
 <motif name='FOXQ1_HUMAN' id='FOXQ1_f1' sample-size='18' sequence-count='13' coverage='0.7222222222222222' length='12'>
  <comment>HOCOMOCO v9; MAR2012; ChIPMunk v3.1</comment>
  <background>
   <a>0.25</a>
   <c>0.25</c>
   <g>0.25</g>
   <t>0.25</t>
  </background>
  <consensus>nRTTGTTTATKT</consensus>
  <WPCM words-count='13.0' length='12' dic='-3.5639284281543664' kdic='13.071603905284322'>
   <pm-column position='1' dic='-1.0013847970830283' kdic='0.38490956403686316'>
    <a>4.0000000000000036</a>
    <c>4.0000000000000036</c>
    <g>0.9999999999999997</g>
    <t>4.0000000000000036</t>
   </pm-column>
   <pm-column position='2' dic='-0.6121982233701933' kdic='0.7740961377496972'>
    <a>8.999999999999995</a>
    <c>0.9999999999999997</c>
    <g>3.000000000000003</g>
    <t>0.0</t>
   </pm-column>
   <pm-column position='3' dic='-0.5195849307253297' kdic='0.8667094303945609'>
    <a>0.9999999999999997</a>
    <c>2.0000000000000018</c>
    <g>0.0</g>
    <t>9.999999999999998</t>
   </pm-column>
   <pm-column position='4' dic='0.0' kdic='1.3862943611198906'>
    <a>0.0</a>
    <c>0.0</c>
    <g>0.0</g>
    <t>13.0</t>
   </pm-column>
   <pm-column position='5' dic='0.0' kdic='1.3862943611198906'>
    <a>0.0</a>
    <c>0.0</c>
    <g>13.0</g>
    <t>0.0</t>
   </pm-column>
   <pm-column position='6' dic='0.0' kdic='1.3862943611198906'>
    <a>0.0</a>
    <c>0.0</c>
    <g>0.0</g>
    <t>13.0</t>
   </pm-column>
   <pm-column position='7' dic='0.0' kdic='1.3862943611198906'>
    <a>0.0</a>
    <c>0.0</c>
    <g>0.0</g>
    <t>13.0</t>
   </pm-column>
   <pm-column position='8' dic='0.0' kdic='1.3862943611198906'>
    <a>0.0</a>
    <c>0.0</c>
    <g>0.0</g>
    <t>13.0</t>
   </pm-column>
   <pm-column position='9' dic='0.0' kdic='1.3862943611198906'>
    <a>13.0</a>
    <c>0.0</c>
    <g>0.0</g>
    <t>0.0</t>
   </pm-column>
   <pm-column position='10' dic='-0.19730379672781048' kdic='1.18899056439208'>
    <a>0.0</a>
    <c>0.0</c>
    <g>0.9999999999999997</g>
    <t>12.0</t>
   </pm-column>
   <pm-column position='11' dic='-0.7278964846561619' kdic='0.6583978764637288'>
    <a>2.0000000000000018</a>
    <c>0.0</c>
    <g>3.000000000000003</g>
    <t>7.999999999999995</t>
   </pm-column>
   <pm-column position='12' dic='-0.5055601955918422' kdic='0.8807341655280483'>
    <a>0.0</a>
    <c>4.0000000000000036</c>
    <g>0.0</g>
    <t>8.999999999999995</t>
   </pm-column>
  </WPCM>
  <PPM words-count='13.0' length='12' kdic='13.071603905284322' dic='-3.5639284281543664'>
   <pm-column position='1' dic='-1.0013847970830283' kdic='0.38490956403686316'>
    <a>0.307692307692308</a>
    <c>0.307692307692308</c>
    <g>0.0769230769230769</g>
    <t>0.307692307692308</t>
   </pm-column>
   <pm-column position='2' dic='-0.6121982233701933' kdic='0.7740961377496972'>
    <a>0.692307692307692</a>
    <c>0.0769230769230769</c>
    <g>0.230769230769231</g>
    <t>0.0</t>
   </pm-column>
   <pm-column position='3' dic='-0.5195849307253297' kdic='0.8667094303945609'>
    <a>0.0769230769230769</a>
    <c>0.153846153846154</c>
    <g>0.0</g>
    <t>0.769230769230769</t>
   </pm-column>
   <pm-column position='4' dic='0.0' kdic='1.3862943611198906'>
    <a>0.0</a>
    <c>0.0</c>
    <g>0.0</g>
    <t>1.0</t>
   </pm-column>
   <pm-column position='5' dic='0.0' kdic='1.3862943611198906'>
    <a>0.0</a>
    <c>0.0</c>
    <g>1.0</g>
    <t>0.0</t>
   </pm-column>
   <pm-column position='6' dic='0.0' kdic='1.3862943611198906'>
    <a>0.0</a>
    <c>0.0</c>
    <g>0.0</g>
    <t>1.0</t>
   </pm-column>
   <pm-column position='7' dic='0.0' kdic='1.3862943611198906'>
    <a>0.0</a>
    <c>0.0</c>
    <g>0.0</g>
    <t>1.0</t>
   </pm-column>
   <pm-column position='8' dic='0.0' kdic='1.3862943611198906'>
    <a>0.0</a>
    <c>0.0</c>
    <g>0.0</g>
    <t>1.0</t>
   </pm-column>
   <pm-column position='9' dic='0.0' kdic='1.3862943611198906'>
    <a>1.0</a>
    <c>0.0</c>
    <g>0.0</g>
    <t>0.0</t>
   </pm-column>
   <pm-column position='10' dic='-0.19730379672781048' kdic='1.18899056439208'>
    <a>0.0</a>
    <c>0.0</c>
    <g>0.0769230769230769</g>
    <t>0.923076923076923</t>
   </pm-column>
   <pm-column position='11' dic='-0.7278964846561619' kdic='0.6583978764637288'>
    <a>0.153846153846154</a>
    <c>0.0</c>
    <g>0.230769230769231</g>
    <t>0.615384615384615</t>
   </pm-column>
   <pm-column position='12' dic='-0.5055601955918422' kdic='0.8807341655280483'>
    <a>0.0</a>
    <c>0.307692307692308</c>
    <g>0.0</g>
    <t>0.692307692307692</t>
   </pm-column>
  </PPM>
  <PWM length='12' words-count='13.0'>
   <pm-column position='1'>
    <a>0.17625380950322045</a>
    <c>0.17625380950322045</c>
    <g>-0.8632767565664918</g>
    <t>0.17625380950322045</t>
   </pm-column>
   <pm-column position='2'>
    <a>0.9073222659396065</a>
    <c>-0.8632767565664918</c>
    <g>-0.06640363686887359</g>
    <t>-1.803082815523819</t>
   </pm-column>
   <pm-column position='3'>
    <a>-0.8632767565664918</a>
    <c>-0.38747969264071386</c>
    <g>-1.803082815523819</g>
    <t>1.0060095792938895</t>
   </pm-column>
   <pm-column position='4'>
    <a>-1.803082815523819</a>
    <c>-1.803082815523819</c>
    <g>-1.803082815523819</g>
    <t>1.254370173178728</t>
   </pm-column>
   <pm-column position='5'>
    <a>-1.803082815523819</a>
    <c>-1.803082815523819</c>
    <g>1.254370173178728</g>
    <t>-1.803082815523819</t>
   </pm-column>
   <pm-column position='6'>
    <a>-1.803082815523819</a>
    <c>-1.803082815523819</c>
    <g>-1.803082815523819</g>
    <t>1.254370173178728</t>
   </pm-column>
   <pm-column position='7'>
    <a>-1.803082815523819</a>
    <c>-1.803082815523819</c>
    <g>-1.803082815523819</g>
    <t>1.254370173178728</t>
   </pm-column>
   <pm-column position='8'>
    <a>-1.803082815523819</a>
    <c>-1.803082815523819</c>
    <g>-1.803082815523819</g>
    <t>1.254370173178728</t>
   </pm-column>
   <pm-column position='9'>
    <a>1.254370173178728</a>
    <c>-1.803082815523819</c>
    <g>-1.803082815523819</g>
    <t>-1.803082815523819</t>
   </pm-column>
   <pm-column position='10'>
    <a>-1.803082815523819</a>
    <c>-1.803082815523819</c>
    <g>-0.8632767565664918</g>
    <t>1.178237085548261</t>
   </pm-column>
   <pm-column position='11'>
    <a>-0.38747969264071386</a>
    <c>-1.803082815523819</c>
    <g>-0.06640363686887359</g>
    <t>0.7978185939849661</t>
   </pm-column>
   <pm-column position='12'>
    <a>-1.803082815523819</a>
    <c>0.17625380950322045</c>
    <g>-1.803082815523819</g>
    <t>0.9073222659396065</t>
   </pm-column>
  </PWM>
 </motif>
</smallbismark>