<?xml version='1.0' encoding='UTF-8'?>
<smallbismark>
 <motif name='HBP1_HUMAN' id='HBP1_f1' sample-size='5' sequence-count='5' coverage='1.0' length='9'>
  <comment>HOCOMOCO v9; MAR2012; ChIPMunk v3.1</comment>
  <background>
   <a>0.25</a>
   <c>0.25</c>
   <g>0.25</g>
   <t>0.25</t>
  </background>
  <consensus>TCAATSRnY</consensus>
  <WPCM words-count='5.0' length='9' dic='-2.4974171394391895' kdic='9.979232110639828'>
   <pm-column position='1' dic='0.0' kdic='1.3862943611198906'>
    <a>0.0</a>
    <c>0.0</c>
    <g>0.0</g>
    <t>5.0</t>
   </pm-column>
   <pm-column position='2' dic='-0.26187678432521844' kdic='1.124417576794672'>
    <a>0.0</a>
    <c>4.196428571428569</c>
    <g>0.80357142857143</g>
    <t>0.0</t>
   </pm-column>
   <pm-column position='3' dic='0.0' kdic='1.3862943611198906'>
    <a>5.0</a>
    <c>0.0</c>
    <g>0.0</g>
    <t>0.0</t>
   </pm-column>
   <pm-column position='4' dic='0.0' kdic='1.3862943611198906'>
    <a>5.0</a>
    <c>0.0</c>
    <g>0.0</g>
    <t>0.0</t>
   </pm-column>
   <pm-column position='5' dic='0.0' kdic='1.3862943611198906'>
    <a>0.0</a>
    <c>0.0</c>
    <g>0.0</g>
    <t>5.0</t>
   </pm-column>
   <pm-column position='6' dic='-0.520338196480938' kdic='0.8659561646389541'>
    <a>0.80357142857143</a>
    <c>0.892857142857145</c>
    <g>3.30357142857143</g>
    <t>0.0</t>
   </pm-column>
   <pm-column position='7' dic='-0.6447459462177978' kdic='0.7415484149020927'>
    <a>2.5</a>
    <c>0.0</c>
    <g>1.607142857142855</g>
    <t>0.892857142857145</t>
   </pm-column>
   <pm-column position='8' dic='-0.47710890761432456' kdic='0.909185453505566'>
    <a>2.5</a>
    <c>0.0</c>
    <g>2.5</g>
    <t>0.0</t>
   </pm-column>
   <pm-column position='9' dic='-0.5933473048009108' kdic='0.7929470563189793'>
    <a>0.40178571428571397</a>
    <c>1.294642857142855</c>
    <g>0.40178571428571397</g>
    <t>2.9017857142857153</t>
   </pm-column>
  </WPCM>
  <PPM words-count='5.0' length='9' kdic='9.979232110639828' dic='-2.4974171394391895'>
   <pm-column position='1' dic='0.0' kdic='1.3862943611198906'>
    <a>0.0</a>
    <c>0.0</c>
    <g>0.0</g>
    <t>1.0</t>
   </pm-column>
   <pm-column position='2' dic='-0.26187678432521844' kdic='1.124417576794672'>
    <a>0.0</a>
    <c>0.839285714285714</c>
    <g>0.160714285714286</g>
    <t>0.0</t>
   </pm-column>
   <pm-column position='3' dic='0.0' kdic='1.3862943611198906'>
    <a>1.0</a>
    <c>0.0</c>
    <g>0.0</g>
    <t>0.0</t>
   </pm-column>
   <pm-column position='4' dic='0.0' kdic='1.3862943611198906'>
    <a>1.0</a>
    <c>0.0</c>
    <g>0.0</g>
    <t>0.0</t>
   </pm-column>
   <pm-column position='5' dic='0.0' kdic='1.3862943611198906'>
    <a>0.0</a>
    <c>0.0</c>
    <g>0.0</g>
    <t>1.0</t>
   </pm-column>
   <pm-column position='6' dic='-0.520338196480938' kdic='0.8659561646389541'>
    <a>0.160714285714286</a>
    <c>0.178571428571429</c>
    <g>0.660714285714286</g>
    <t>0.0</t>
   </pm-column>
   <pm-column position='7' dic='-0.6447459462177978' kdic='0.7415484149020927'>
    <a>0.5</a>
    <c>0.0</c>
    <g>0.321428571428571</g>
    <t>0.178571428571429</t>
   </pm-column>
   <pm-column position='8' dic='-0.47710890761432456' kdic='0.909185453505566'>
    <a>0.5</a>
    <c>0.0</c>
    <g>0.5</g>
    <t>0.0</t>
   </pm-column>
   <pm-column position='9' dic='-0.5933473048009108' kdic='0.7929470563189793'>
    <a>0.0803571428571428</a>
    <c>0.258928571428571</c>
    <g>0.0803571428571428</g>
    <t>0.580357142857143</t>
   </pm-column>
  </PPM>
  <PWM length='9' words-count='5.0'>
   <pm-column position='1'>
    <a>-1.4126136189803458</a>
    <c>-1.4126136189803458</c>
    <g>-1.4126136189803458</g>
    <t>1.1846315453424756</t>
   </pm-column>
   <pm-column position='2'>
    <a>-1.4126136189803458</a>
    <c>1.0235885481018905</c>
    <g>-0.314952447833935</g>
    <t>-1.4126136189803458</t>
   </pm-column>
   <pm-column position='3'>
    <a>1.1846315453424756</a>
    <c>-1.4126136189803458</c>
    <g>-1.4126136189803458</g>
    <t>-1.4126136189803458</t>
   </pm-column>
   <pm-column position='4'>
    <a>1.1846315453424756</a>
    <c>-1.4126136189803458</c>
    <g>-1.4126136189803458</g>
    <t>-1.4126136189803458</t>
   </pm-column>
   <pm-column position='5'>
    <a>-1.4126136189803458</a>
    <c>-1.4126136189803458</c>
    <g>-1.4126136189803458</g>
    <t>1.1846315453424756</t>
   </pm-column>
   <pm-column position='6'>
    <a>-0.314952447833935</a>
    <c>-0.24352629714798146</c>
    <g>0.8077302308644506</g>
    <t>-1.4126136189803458</t>
   </pm-column>
   <pm-column position='7'>
    <a>0.5633197661419806</a>
    <c>-1.4126136189803458</c>
    <g>0.19568284382456577</g>
    <t>-0.24352629714798146</t>
   </pm-column>
   <pm-column position='8'>
    <a>0.5633197661419806</a>
    <c>-1.4126136189803458</c>
    <g>0.5633197661419806</g>
    <t>-1.4126136189803458</t>
   </pm-column>
   <pm-column position='9'>
    <a>-0.7201796917396822</a>
    <c>0.02665910916928114</c>
    <g>-0.7201796917396822</g>
    <t>0.6929735459348874</t>
   </pm-column>
  </PWM>
 </motif>
</smallbismark>