<?xml version='1.0' encoding='UTF-8'?>
<smallbismark>
 <motif id='HNF4G_f1' name='HNF4G_HUMAN' sample-size='7' sequence-count='7' coverage='1.0' length='12'>
  <comment>HOCOMOCO v9; MAR2012; ChIPMunk v3.1</comment>
  <background>
   <a>0.25</a>
   <c>0.25</c>
   <g>0.25</g>
   <t>0.25</t>
  </background>
  <consensus>GGSCAMAGYMCA</consensus>
  <WPCM words-count='7.0' length='12' dic='-4.07045635905023' kdic='12.565075974388458'>
   <pm-column position='1' dic='-0.5041085537790796' kdic='0.8821858073408115'>
    <a>0.24019607843137272</a>
    <c>1.612745098039215</c>
    <g>4.906862745098041</g>
    <t>0.24019607843137272</t>
   </pm-column>
   <pm-column position='2' dic='-0.42590030671415285' kdic='0.9603940544057378'>
    <a>0.0</a>
    <c>0.0</c>
    <g>5.0784313725490176</g>
    <t>1.921568627450983</t>
   </pm-column>
   <pm-column position='3' dic='-0.7495601633178605' kdic='0.6367341978020302'>
    <a>1.0980392156862728</a>
    <c>3.568627450980396</c>
    <g>1.9901960784313721</g>
    <t>0.3431372549019604</t>
   </pm-column>
   <pm-column position='4' dic='0.0' kdic='1.3862943611198906'>
    <a>0.0</a>
    <c>7.0</c>
    <g>0.0</g>
    <t>0.0</t>
   </pm-column>
   <pm-column position='5' dic='-0.46938498494569664' kdic='0.9169093761741942'>
    <a>5.147058823529413</a>
    <c>1.372549019607843</c>
    <g>0.0</g>
    <t>0.48039215686274467</t>
   </pm-column>
   <pm-column position='6' dic='-0.610893918421846' kdic='0.7754004426980431'>
    <a>4.529411764705877</a>
    <c>1.372549019607843</c>
    <g>1.0980392156862728</g>
    <t>0.0</t>
   </pm-column>
   <pm-column position='7' dic='-0.13608543125948763' kdic='1.2502089298604029'>
    <a>6.519607843137256</a>
    <c>0.0</c>
    <g>0.48039215686274467</g>
    <t>0.0</t>
   </pm-column>
   <pm-column position='8' dic='0.0' kdic='1.3862943611198906'>
    <a>0.0</a>
    <c>0.0</c>
    <g>7.0</g>
    <t>0.0</t>
   </pm-column>
   <pm-column position='9' dic='-0.5527919092790982' kdic='0.8335024518407926'>
    <a>0.0</a>
    <c>1.372549019607843</c>
    <g>0.823529411764703</g>
    <t>4.803921568627454</t>
   </pm-column>
   <pm-column position='10' dic='-0.6217310913330085' kdic='0.7645632697868823'>
    <a>1.372549019607843</a>
    <c>4.460784313725489</c>
    <g>0.0</g>
    <t>1.166666666666669</t>
   </pm-column>
   <pm-column position='11' dic='0.0' kdic='1.3862943611198906'>
    <a>0.0</a>
    <c>7.0</c>
    <g>0.0</g>
    <t>0.0</t>
   </pm-column>
   <pm-column position='12' dic='0.0' kdic='1.3862943611198906'>
    <a>7.0</a>
    <c>0.0</c>
    <g>0.0</g>
    <t>0.0</t>
   </pm-column>
  </WPCM>
  <PPM length='12' words-count='7.0' kdic='12.565075974388458' dic='-4.07045635905023'>
   <pm-column position='1' dic='-0.5041085537790796' kdic='0.8821858073408115'>
    <a>0.0343137254901961</a>
    <c>0.230392156862745</c>
    <g>0.700980392156863</g>
    <t>0.0343137254901961</t>
   </pm-column>
   <pm-column position='2' dic='-0.42590030671415285' kdic='0.9603940544057378'>
    <a>0.0</a>
    <c>0.0</c>
    <g>0.725490196078431</g>
    <t>0.274509803921569</t>
   </pm-column>
   <pm-column position='3' dic='-0.7495601633178605' kdic='0.6367341978020302'>
    <a>0.156862745098039</a>
    <c>0.509803921568628</c>
    <g>0.284313725490196</g>
    <t>0.0490196078431372</t>
   </pm-column>
   <pm-column position='4' dic='0.0' kdic='1.3862943611198906'>
    <a>0.0</a>
    <c>1.0</c>
    <g>0.0</g>
    <t>0.0</t>
   </pm-column>
   <pm-column position='5' dic='-0.46938498494569664' kdic='0.9169093761741942'>
    <a>0.735294117647059</a>
    <c>0.196078431372549</c>
    <g>0.0</g>
    <t>0.0686274509803921</t>
   </pm-column>
   <pm-column position='6' dic='-0.610893918421846' kdic='0.7754004426980431'>
    <a>0.647058823529411</a>
    <c>0.196078431372549</c>
    <g>0.156862745098039</g>
    <t>0.0</t>
   </pm-column>
   <pm-column position='7' dic='-0.13608543125948763' kdic='1.2502089298604029'>
    <a>0.931372549019608</a>
    <c>0.0</c>
    <g>0.0686274509803921</g>
    <t>0.0</t>
   </pm-column>
   <pm-column position='8' dic='0.0' kdic='1.3862943611198906'>
    <a>0.0</a>
    <c>0.0</c>
    <g>1.0</g>
    <t>0.0</t>
   </pm-column>
   <pm-column position='9' dic='-0.5527919092790982' kdic='0.8335024518407926'>
    <a>0.0</a>
    <c>0.196078431372549</c>
    <g>0.117647058823529</g>
    <t>0.686274509803922</t>
   </pm-column>
   <pm-column position='10' dic='-0.6217310913330085' kdic='0.7645632697868823'>
    <a>0.196078431372549</a>
    <c>0.637254901960784</c>
    <g>0.0</g>
    <t>0.166666666666667</t>
   </pm-column>
   <pm-column position='11' dic='0.0' kdic='1.3862943611198906'>
    <a>0.0</a>
    <c>1.0</c>
    <g>0.0</g>
    <t>0.0</t>
   </pm-column>
   <pm-column position='12' dic='0.0' kdic='1.3862943611198906'>
    <a>1.0</a>
    <c>0.0</c>
    <g>0.0</g>
    <t>0.0</t>
   </pm-column>
  </PPM>
  <PWM length='12' words-count='7.0'>
   <pm-column position='1'>
    <a>-1.1241799491693578</a>
    <c>-0.0633349976068502</c>
    <g>0.8802628112693925</g>
    <t>-1.1241799491693578</t>
   </pm-column>
   <pm-column position='2'>
    <a>-1.5254666506814403</a>
    <c>-1.5254666506814403</c>
    <g>0.9115785160463231</g>
    <t>0.0739135985161739</t>
   </pm-column>
   <pm-column position='3'>
    <a>-0.34462262702693763</a>
    <c>0.5950744781513775</c>
    <g>0.10201427571666563</g>
    <t>-0.991695891886112</t>
   </pm-column>
   <pm-column position='4'>
    <a>-1.5254666506814403</a>
    <c>1.2081962980190417</c>
    <g>-1.5254666506814403</g>
    <t>-1.5254666506814403</t>
   </pm-column>
   <pm-column position='5'>
    <a>0.9238352728491518</a>
    <c>-0.18484910593414827</c>
    <g>-1.5254666506814403</g>
    <t>-0.8385936454615858</t>
   </pm-column>
   <pm-column position='6'>
    <a>0.8077086339619639</a>
    <c>-0.18484910593414827</c>
    <g>-0.34462262702693763</g>
    <t>-1.5254666506814403</t>
   </pm-column>
   <pm-column position='7'>
    <a>1.1418770113155765</a>
    <c>-1.5254666506814403</c>
    <g>-0.8385936454615858</g>
    <t>-1.5254666506814403</t>
   </pm-column>
   <pm-column position='8'>
    <a>-1.5254666506814403</a>
    <c>-1.5254666506814403</c>
    <g>1.2081962980190417</g>
    <t>-1.5254666506814403</t>
   </pm-column>
   <pm-column position='9'>
    <a>-1.5254666506814403</a>
    <c>-0.18484910593414827</c>
    <g>-0.5348696583389028</g>
    <t>0.8609915882325934</t>
   </pm-column>
   <pm-column position='10'>
    <a>-0.18484910593414827</a>
    <c>0.7939321619742534</c>
    <g>-1.5254666506814403</g>
    <t>-0.3022230473984265</t>
   </pm-column>
   <pm-column position='11'>
    <a>-1.5254666506814403</a>
    <c>1.2081962980190417</c>
    <g>-1.5254666506814403</g>
    <t>-1.5254666506814403</t>
   </pm-column>
   <pm-column position='12'>
    <a>1.2081962980190417</a>
    <c>-1.5254666506814403</c>
    <g>-1.5254666506814403</g>
    <t>-1.5254666506814403</t>
   </pm-column>
  </PWM>
 </motif>
</smallbismark>