<?xml version='1.0' encoding='UTF-8'?>
<smallbismark>
 <motif name='HXA1_HUMAN' id='HXA1_f1' sample-size='8' sequence-count='8' coverage='1.0' length='10'>
  <comment>HOCOMOCO v9; MAR2012; ChIPMunk v3.1</comment>
  <background>
   <a>0.25</a>
   <c>0.25</c>
   <g>0.25</g>
   <t>0.25</t>
  </background>
  <consensus>nTGATGGATG</consensus>
  <WPCM words-count='8.0' length='10' dic='-2.7007300158593823' kdic='11.162213595339527'>
   <pm-column position='1' dic='-0.8471599951352964' kdic='0.5391343659845955'>
    <a>1.216216216216216</a>
    <c>1.324324324324328</c>
    <g>1.324324324324328</g>
    <t>4.135135135135136</t>
   </pm-column>
   <pm-column position='2' dic='-0.49841649199740345' kdic='0.8878778691224872'>
    <a>0.0</a>
    <c>0.0</c>
    <g>2.91891891891892</g>
    <t>5.08108108108108</t>
   </pm-column>
   <pm-column position='3' dic='-0.2757584996793525' kdic='1.110535861440538'>
    <a>1.08108108108108</a>
    <c>0.0</c>
    <g>6.91891891891892</g>
    <t>0.0</t>
   </pm-column>
   <pm-column position='4' dic='0.0' kdic='1.3862943611198906'>
    <a>8.0</a>
    <c>0.0</c>
    <g>0.0</g>
    <t>0.0</t>
   </pm-column>
   <pm-column position='5' dic='0.0' kdic='1.3862943611198906'>
    <a>0.0</a>
    <c>0.0</c>
    <g>0.0</g>
    <t>8.0</t>
   </pm-column>
   <pm-column position='6' dic='-0.4100060489406413' kdic='0.9762883121792492'>
    <a>0.0</a>
    <c>0.0</c>
    <g>6.054054054054056</g>
    <t>1.945945945945944</t>
   </pm-column>
   <pm-column position='7' dic='0.0' kdic='1.3862943611198906'>
    <a>0.0</a>
    <c>0.0</c>
    <g>8.0</g>
    <t>0.0</t>
   </pm-column>
   <pm-column position='8' dic='-0.2757584996793525' kdic='1.110535861440538'>
    <a>6.91891891891892</a>
    <c>1.08108108108108</c>
    <g>0.0</g>
    <t>0.0</t>
   </pm-column>
   <pm-column position='9' dic='0.0' kdic='1.3862943611198906'>
    <a>0.0</a>
    <c>0.0</c>
    <g>0.0</g>
    <t>8.0</t>
   </pm-column>
   <pm-column position='10' dic='-0.39363048042733617' kdic='0.9926638806925551'>
    <a>0.5135135135135136</a>
    <c>0.5135135135135136</c>
    <g>6.459459459459464</g>
    <t>0.5135135135135136</t>
   </pm-column>
  </WPCM>
  <PPM words-count='8.0' length='10' kdic='11.162213595339527' dic='-2.7007300158593823'>
   <pm-column position='1' dic='-0.8471599951352964' kdic='0.5391343659845955'>
    <a>0.152027027027027</a>
    <c>0.165540540540541</c>
    <g>0.165540540540541</g>
    <t>0.516891891891892</t>
   </pm-column>
   <pm-column position='2' dic='-0.49841649199740345' kdic='0.8878778691224872'>
    <a>0.0</a>
    <c>0.0</c>
    <g>0.364864864864865</g>
    <t>0.635135135135135</t>
   </pm-column>
   <pm-column position='3' dic='-0.2757584996793525' kdic='1.110535861440538'>
    <a>0.135135135135135</a>
    <c>0.0</c>
    <g>0.864864864864865</g>
    <t>0.0</t>
   </pm-column>
   <pm-column position='4' dic='0.0' kdic='1.3862943611198906'>
    <a>1.0</a>
    <c>0.0</c>
    <g>0.0</g>
    <t>0.0</t>
   </pm-column>
   <pm-column position='5' dic='0.0' kdic='1.3862943611198906'>
    <a>0.0</a>
    <c>0.0</c>
    <g>0.0</g>
    <t>1.0</t>
   </pm-column>
   <pm-column position='6' dic='-0.4100060489406413' kdic='0.9762883121792492'>
    <a>0.0</a>
    <c>0.0</c>
    <g>0.756756756756757</g>
    <t>0.243243243243243</t>
   </pm-column>
   <pm-column position='7' dic='0.0' kdic='1.3862943611198906'>
    <a>0.0</a>
    <c>0.0</c>
    <g>1.0</g>
    <t>0.0</t>
   </pm-column>
   <pm-column position='8' dic='-0.2757584996793525' kdic='1.110535861440538'>
    <a>0.864864864864865</a>
    <c>0.135135135135135</c>
    <g>0.0</g>
    <t>0.0</t>
   </pm-column>
   <pm-column position='9' dic='0.0' kdic='1.3862943611198906'>
    <a>0.0</a>
    <c>0.0</c>
    <g>0.0</g>
    <t>1.0</t>
   </pm-column>
   <pm-column position='10' dic='-0.39363048042733617' kdic='0.9926638806925551'>
    <a>0.0641891891891892</a>
    <c>0.0641891891891892</c>
    <g>0.807432432432433</g>
    <t>0.0641891891891892</t>
   </pm-column>
  </PPM>
  <PWM length='10' words-count='8.0'>
   <pm-column position='1'>
    <a>-0.37257575674629995</a>
    <c>-0.31216620928537253</c>
    <g>-0.31216620928537253</g>
    <t>0.613737451064376</t>
   </pm-column>
   <pm-column position='2'>
    <a>-1.5783984904108685</a>
    <c>-1.5783984904108685</c>
    <g>0.31091305764266053</g>
    <t>0.7987312052513044</t>
   </pm-column>
   <pm-column position='3'>
    <a>-0.4536116246176843</a>
    <c>-1.5783984904108685</c>
    <g>1.082503266008832</g>
    <t>-1.5783984904108685</t>
   </pm-column>
   <pm-column position='4'>
    <a>1.2181964566417396</a>
    <c>-1.5783984904108685</c>
    <g>-1.5783984904108685</g>
    <t>-1.5783984904108685</t>
   </pm-column>
   <pm-column position='5'>
    <a>-1.5783984904108685</a>
    <c>-1.5783984904108685</c>
    <g>-1.5783984904108685</g>
    <t>1.2181964566417396</t>
   </pm-column>
   <pm-column position='6'>
    <a>-1.5783984904108685</a>
    <c>-1.5783984904108685</c>
    <g>0.9589059627926886</g>
    <t>-0.021684631256288625</t>
   </pm-column>
   <pm-column position='7'>
    <a>-1.5783984904108685</a>
    <c>-1.5783984904108685</c>
    <g>1.2181964566417396</g>
    <t>-1.5783984904108685</t>
   </pm-column>
   <pm-column position='8'>
    <a>1.082503266008832</a>
    <c>-0.4536116246176843</c>
    <g>-1.5783984904108685</g>
    <t>-1.5783984904108685</t>
   </pm-column>
   <pm-column position='9'>
    <a>-1.5783984904108685</a>
    <c>-1.5783984904108685</c>
    <g>-1.5783984904108685</g>
    <t>1.2181964566417396</t>
   </pm-column>
   <pm-column position='10'>
    <a>-0.8913744182925766</a>
    <c>-0.8913744182925766</c>
    <g>1.0187479712219218</g>
    <t>-0.8913744182925766</t>
   </pm-column>
  </PWM>
 </motif>
</smallbismark>