<?xml version='1.0' encoding='UTF-8'?>
<smallbismark>
 <motif name='HXB1_HUMAN' id='HXB1_f1' sample-size='18' sequence-count='15' coverage='0.8333333333333334' length='10'>
  <comment>HOCOMOCO v9; MAR2012; ChIPMunk v3.1</comment>
  <background>
   <a>0.25</a>
   <c>0.25</c>
   <g>0.25</g>
   <t>0.25</t>
  </background>
  <consensus>WGATGGATGG</consensus>
  <WPCM words-count='14.8401253918495' length='10' dic='-1.9630967360157703' kdic='11.899846875183137'>
   <pm-column position='1' dic='-0.6742720715962974' kdic='0.7120222895235937'>
    <a>4.570532915360497</a>
    <c>0.0</c>
    <g>1.015673981191221</g>
    <t>9.253918495297787</t>
   </pm-column>
   <pm-column position='2' dic='0.0' kdic='1.3862943611198906'>
    <a>0.0</a>
    <c>0.0</c>
    <g>14.8401253918495</g>
    <t>0.0</t>
   </pm-column>
   <pm-column position='3' dic='0.0' kdic='1.3862943611198906'>
    <a>14.8401253918495</a>
    <c>0.0</c>
    <g>0.0</g>
    <t>0.0</t>
   </pm-column>
   <pm-column position='4' dic='0.0' kdic='1.3862943611198906'>
    <a>0.0</a>
    <c>0.0</c>
    <g>0.0</g>
    <t>14.8401253918495</t>
   </pm-column>
   <pm-column position='5' dic='-0.5570837061451949' kdic='0.8292106549746958'>
    <a>0.0</a>
    <c>0.0</c>
    <g>9.253918495297787</g>
    <t>5.5862068965517135</t>
   </pm-column>
   <pm-column position='6' dic='0.0' kdic='1.3862943611198906'>
    <a>0.0</a>
    <c>0.0</c>
    <g>14.8401253918495</g>
    <t>0.0</t>
   </pm-column>
   <pm-column position='7' dic='0.0' kdic='1.3862943611198906'>
    <a>14.8401253918495</a>
    <c>0.0</c>
    <g>0.0</g>
    <t>0.0</t>
   </pm-column>
   <pm-column position='8' dic='0.0' kdic='1.3862943611198906'>
    <a>0.0</a>
    <c>0.0</c>
    <g>0.0</g>
    <t>14.8401253918495</t>
   </pm-column>
   <pm-column position='9' dic='-0.3683557955281899' kdic='1.0179385655917006'>
    <a>0.0</a>
    <c>2.539184952978049</c>
    <g>12.300940438871452</g>
    <t>0.0</t>
   </pm-column>
   <pm-column position='10' dic='-0.3633851627460883' kdic='1.022909198373803'>
    <a>1.015673981191221</a>
    <c>1.015673981191221</c>
    <g>12.808777429467067</g>
    <t>0.0</t>
   </pm-column>
  </WPCM>
  <PPM words-count='14.8401253918495' length='10' kdic='11.899846875183137' dic='-1.9630967360157703'>
   <pm-column position='1' dic='-0.6742720715962974' kdic='0.7120222895235937'>
    <a>0.307984790874525</a>
    <c>0.0</c>
    <g>0.0684410646387833</g>
    <t>0.623574144486692</t>
   </pm-column>
   <pm-column position='2' dic='0.0' kdic='1.3862943611198906'>
    <a>0.0</a>
    <c>0.0</c>
    <g>1.0</g>
    <t>0.0</t>
   </pm-column>
   <pm-column position='3' dic='0.0' kdic='1.3862943611198906'>
    <a>1.0</a>
    <c>0.0</c>
    <g>0.0</g>
    <t>0.0</t>
   </pm-column>
   <pm-column position='4' dic='0.0' kdic='1.3862943611198906'>
    <a>0.0</a>
    <c>0.0</c>
    <g>0.0</g>
    <t>1.0</t>
   </pm-column>
   <pm-column position='5' dic='-0.5570837061451949' kdic='0.8292106549746958'>
    <a>0.0</a>
    <c>0.0</c>
    <g>0.623574144486692</g>
    <t>0.376425855513308</t>
   </pm-column>
   <pm-column position='6' dic='0.0' kdic='1.3862943611198906'>
    <a>0.0</a>
    <c>0.0</c>
    <g>1.0</g>
    <t>0.0</t>
   </pm-column>
   <pm-column position='7' dic='0.0' kdic='1.3862943611198906'>
    <a>1.0</a>
    <c>0.0</c>
    <g>0.0</g>
    <t>0.0</t>
   </pm-column>
   <pm-column position='8' dic='0.0' kdic='1.3862943611198906'>
    <a>0.0</a>
    <c>0.0</c>
    <g>0.0</g>
    <t>1.0</t>
   </pm-column>
   <pm-column position='9' dic='-0.3683557955281899' kdic='1.0179385655917006'>
    <a>0.0</a>
    <c>0.171102661596958</c>
    <g>0.828897338403042</g>
    <t>0.0</t>
   </pm-column>
   <pm-column position='10' dic='-0.3633851627460883' kdic='1.022909198373803'>
    <a>0.0684410646387833</a>
    <c>0.0684410646387833</c>
    <g>0.863117870722434</g>
    <t>0.0</t>
   </pm-column>
  </PPM>
  <PWM length='10' words-count='14.8401253918495'>
   <pm-column position='1'>
    <a>0.1792049973427917</a>
    <c>-1.8720750365136043</c>
    <g>-0.9533117506567542</g>
    <t>0.8173396391769557</t>
   </pm-column>
   <pm-column position='2'>
    <a>-1.8720750365136043</a>
    <c>-1.8720750365136043</c>
    <g>1.2637276239234363</g>
    <t>-1.8720750365136043</t>
   </pm-column>
   <pm-column position='3'>
    <a>1.2637276239234363</a>
    <c>-1.8720750365136043</c>
    <g>-1.8720750365136043</g>
    <t>-1.8720750365136043</t>
   </pm-column>
   <pm-column position='4'>
    <a>-1.8720750365136043</a>
    <c>-1.8720750365136043</c>
    <g>-1.8720750365136043</g>
    <t>1.2637276239234363</t>
   </pm-column>
   <pm-column position='5'>
    <a>-1.8720750365136043</a>
    <c>-1.8720750365136043</c>
    <g>0.8173396391769557</g>
    <t>0.3562217261673845</t>
   </pm-column>
   <pm-column position='6'>
    <a>-1.8720750365136043</a>
    <c>-1.8720750365136043</c>
    <g>1.2637276239234363</g>
    <t>-1.8720750365136043</t>
   </pm-column>
   <pm-column position='7'>
    <a>1.2637276239234363</a>
    <c>-1.8720750365136043</c>
    <g>-1.8720750365136043</g>
    <t>-1.8720750365136043</t>
   </pm-column>
   <pm-column position='8'>
    <a>-1.8720750365136043</a>
    <c>-1.8720750365136043</c>
    <g>-1.8720750365136043</g>
    <t>1.2637276239234363</t>
   </pm-column>
   <pm-column position='9'>
    <a>-1.8720750365136043</a>
    <c>-0.3106783263803524</c>
    <g>1.0850007469019938</g>
    <t>-1.8720750365136043</t>
   </pm-column>
   <pm-column position='10'>
    <a>-0.9533117506567542</a>
    <c>-0.9533117506567542</c>
    <g>1.1233930647277153</g>
    <t>-1.8720750365136043</t>
   </pm-column>
  </PWM>
 </motif>
</smallbismark>