<?xml version='1.0' encoding='UTF-8'?>
<smallbismark>
 <motif name='HXC6_HUMAN' id='HXC6_f1' sample-size='7' sequence-count='7' coverage='1.0' length='15'>
  <comment>HOCOMOCO v9; MAR2012; ChIPMunk v3.1</comment>
  <background>
   <a>0.25</a>
   <c>0.25</c>
   <g>0.25</g>
   <t>0.25</t>
  </background>
  <consensus>WTGATTTATTACTTT</consensus>
  <WPCM words-count='7.0' length='15' dic='-2.8147952209247062' kdic='17.979620195873654'>
   <pm-column position='1' dic='-0.6057603833146649' kdic='0.7805339778052247'>
    <a>4.6375</a>
    <c>0.1458333333333331</c>
    <g>1.020833333333331</g>
    <t>1.195833333333331</t>
   </pm-column>
   <pm-column position='2' dic='0.0' kdic='1.3862943611198906'>
    <a>0.0</a>
    <c>0.0</c>
    <g>0.0</g>
    <t>7.0</t>
   </pm-column>
   <pm-column position='3' dic='0.0' kdic='1.3862943611198906'>
    <a>0.0</a>
    <c>0.0</c>
    <g>7.0</g>
    <t>0.0</t>
   </pm-column>
   <pm-column position='4' dic='0.0' kdic='1.3862943611198906'>
    <a>7.0</a>
    <c>0.0</c>
    <g>0.0</g>
    <t>0.0</t>
   </pm-column>
   <pm-column position='5' dic='0.0' kdic='1.3862943611198906'>
    <a>0.0</a>
    <c>0.0</c>
    <g>0.0</g>
    <t>7.0</t>
   </pm-column>
   <pm-column position='6' dic='0.0' kdic='1.3862943611198906'>
    <a>0.0</a>
    <c>0.0</c>
    <g>0.0</g>
    <t>7.0</t>
   </pm-column>
   <pm-column position='7' dic='-0.2882028350095096' kdic='1.0980915261103812'>
    <a>0.0</a>
    <c>0.0</c>
    <g>1.05</g>
    <t>5.95</t>
   </pm-column>
   <pm-column position='8' dic='0.0' kdic='1.3862943611198906'>
    <a>7.0</a>
    <c>0.0</c>
    <g>0.0</g>
    <t>0.0</t>
   </pm-column>
   <pm-column position='9' dic='0.0' kdic='1.3862943611198906'>
    <a>0.0</a>
    <c>0.0</c>
    <g>0.0</g>
    <t>7.0</t>
   </pm-column>
   <pm-column position='10' dic='-0.2882028350095096' kdic='1.0980915261103812'>
    <a>0.0</a>
    <c>0.0</c>
    <g>1.05</g>
    <t>5.95</t>
   </pm-column>
   <pm-column position='11' dic='-0.5124665736039892' kdic='0.8738277875159016'>
    <a>5.075</a>
    <c>0.5833333333333338</c>
    <g>0.2916666666666669</g>
    <t>1.05</t>
   </pm-column>
   <pm-column position='12' dic='-0.4397468489300152' kdic='0.946547512189876'>
    <a>0.0</a>
    <c>5.366666666666669</c>
    <g>1.05</g>
    <t>0.5833333333333338</t>
   </pm-column>
   <pm-column position='13' dic='-0.2882028350095096' kdic='1.0980915261103812'>
    <a>1.05</a>
    <c>0.0</c>
    <g>0.0</g>
    <t>5.95</t>
   </pm-column>
   <pm-column position='14' dic='0.0' kdic='1.3862943611198906'>
    <a>0.0</a>
    <c>0.0</c>
    <g>0.0</g>
    <t>7.0</t>
   </pm-column>
   <pm-column position='15' dic='-0.39221291004750836' kdic='0.9940814510723819'>
    <a>0.1458333333333331</a>
    <c>0.1458333333333331</c>
    <g>1.195833333333331</g>
    <t>5.5125</t>
   </pm-column>
  </WPCM>
  <PPM words-count='7.0' length='15' kdic='17.979620195873654' dic='-2.8147952209247062'>
   <pm-column position='1' dic='-0.6057603833146649' kdic='0.7805339778052247'>
    <a>0.6625</a>
    <c>0.0208333333333333</c>
    <g>0.145833333333333</g>
    <t>0.170833333333333</t>
   </pm-column>
   <pm-column position='2' dic='0.0' kdic='1.3862943611198906'>
    <a>0.0</a>
    <c>0.0</c>
    <g>0.0</g>
    <t>1.0</t>
   </pm-column>
   <pm-column position='3' dic='0.0' kdic='1.3862943611198906'>
    <a>0.0</a>
    <c>0.0</c>
    <g>1.0</g>
    <t>0.0</t>
   </pm-column>
   <pm-column position='4' dic='0.0' kdic='1.3862943611198906'>
    <a>1.0</a>
    <c>0.0</c>
    <g>0.0</g>
    <t>0.0</t>
   </pm-column>
   <pm-column position='5' dic='0.0' kdic='1.3862943611198906'>
    <a>0.0</a>
    <c>0.0</c>
    <g>0.0</g>
    <t>1.0</t>
   </pm-column>
   <pm-column position='6' dic='0.0' kdic='1.3862943611198906'>
    <a>0.0</a>
    <c>0.0</c>
    <g>0.0</g>
    <t>1.0</t>
   </pm-column>
   <pm-column position='7' dic='-0.2882028350095096' kdic='1.0980915261103812'>
    <a>0.0</a>
    <c>0.0</c>
    <g>0.15</g>
    <t>0.85</t>
   </pm-column>
   <pm-column position='8' dic='0.0' kdic='1.3862943611198906'>
    <a>1.0</a>
    <c>0.0</c>
    <g>0.0</g>
    <t>0.0</t>
   </pm-column>
   <pm-column position='9' dic='0.0' kdic='1.3862943611198906'>
    <a>0.0</a>
    <c>0.0</c>
    <g>0.0</g>
    <t>1.0</t>
   </pm-column>
   <pm-column position='10' dic='-0.2882028350095096' kdic='1.0980915261103812'>
    <a>0.0</a>
    <c>0.0</c>
    <g>0.15</g>
    <t>0.85</t>
   </pm-column>
   <pm-column position='11' dic='-0.5124665736039892' kdic='0.8738277875159016'>
    <a>0.725</a>
    <c>0.0833333333333334</c>
    <g>0.0416666666666667</g>
    <t>0.15</t>
   </pm-column>
   <pm-column position='12' dic='-0.4397468489300152' kdic='0.946547512189876'>
    <a>0.0</a>
    <c>0.766666666666667</c>
    <g>0.15</g>
    <t>0.0833333333333334</t>
   </pm-column>
   <pm-column position='13' dic='-0.2882028350095096' kdic='1.0980915261103812'>
    <a>0.15</a>
    <c>0.0</c>
    <g>0.0</g>
    <t>0.85</t>
   </pm-column>
   <pm-column position='14' dic='0.0' kdic='1.3862943611198906'>
    <a>0.0</a>
    <c>0.0</c>
    <g>0.0</g>
    <t>1.0</t>
   </pm-column>
   <pm-column position='15' dic='-0.39221291004750836' kdic='0.9940814510723819'>
    <a>0.0208333333333333</a>
    <c>0.0208333333333333</c>
    <g>0.170833333333333</g>
    <t>0.7875</t>
   </pm-column>
  </PPM>
  <PWM length='15' words-count='7.0'>
   <pm-column position='1'>
    <a>0.8290289000567601</a>
    <c>-1.2632762220540457</c>
    <g>-0.39457491736494976</g>
    <t>-0.28473373367061755</t>
   </pm-column>
   <pm-column position='2'>
    <a>-1.5254666506814403</a>
    <c>-1.5254666506814403</c>
    <g>-1.5254666506814403</g>
    <t>1.2081962980190417</t>
   </pm-column>
   <pm-column position='3'>
    <a>-1.5254666506814403</a>
    <c>-1.5254666506814403</c>
    <g>1.2081962980190417</g>
    <t>-1.5254666506814403</t>
   </pm-column>
   <pm-column position='4'>
    <a>1.2081962980190417</a>
    <c>-1.5254666506814403</c>
    <g>-1.5254666506814403</g>
    <t>-1.5254666506814403</t>
   </pm-column>
   <pm-column position='5'>
    <a>-1.5254666506814403</a>
    <c>-1.5254666506814403</c>
    <g>-1.5254666506814403</g>
    <t>1.2081962980190417</t>
   </pm-column>
   <pm-column position='6'>
    <a>-1.5254666506814403</a>
    <c>-1.5254666506814403</c>
    <g>-1.5254666506814403</g>
    <t>1.2081962980190417</t>
   </pm-column>
   <pm-column position='7'>
    <a>-1.5254666506814403</a>
    <c>-1.5254666506814403</c>
    <g>-0.3754096170765582</g>
    <t>1.0570793240724408</t>
   </pm-column>
   <pm-column position='8'>
    <a>1.2081962980190417</a>
    <c>-1.5254666506814403</c>
    <g>-1.5254666506814403</g>
    <t>-1.5254666506814403</t>
   </pm-column>
   <pm-column position='9'>
    <a>-1.5254666506814403</a>
    <c>-1.5254666506814403</c>
    <g>-1.5254666506814403</g>
    <t>1.2081962980190417</t>
   </pm-column>
   <pm-column position='10'>
    <a>-1.5254666506814403</a>
    <c>-1.5254666506814403</c>
    <g>-0.3754096170765582</g>
    <t>1.0570793240724408</t>
   </pm-column>
   <pm-column position='11'>
    <a>0.9109617169311522</a>
    <c>-0.7374202237405242</c>
    <g>-1.0557455200233965</g>
    <t>-0.3754096170765582</t>
   </pm-column>
   <pm-column position='12'>
    <a>-1.5254666506814403</a>
    <c>0.9620768874756146</c>
    <g>-0.3754096170765582</g>
    <t>-0.7374202237405242</t>
   </pm-column>
   <pm-column position='13'>
    <a>-0.3754096170765582</a>
    <c>-1.5254666506814403</c>
    <g>-1.5254666506814403</g>
    <t>1.0570793240724408</t>
   </pm-column>
   <pm-column position='14'>
    <a>-1.5254666506814403</a>
    <c>-1.5254666506814403</c>
    <g>-1.5254666506814403</g>
    <t>1.2081962980190417</t>
   </pm-column>
   <pm-column position='15'>
    <a>-1.2632762220540457</a>
    <c>-1.2632762220540457</c>
    <g>-0.28473373367061755</g>
    <t>0.9866869441106889</t>
   </pm-column>
  </PWM>
 </motif>
</smallbismark>