<?xml version='1.0' encoding='UTF-8'?>
<smallbismark>
 <motif name='HXD4_HUMAN' id='HXD4_f1' sample-size='8' sequence-count='8' coverage='1.0' length='8'>
  <comment>HOCOMOCO v9; MAR2012; ChIPMunk v3.1</comment>
  <background>
   <a>0.25</a>
   <c>0.25</c>
   <g>0.25</g>
   <t>0.25</t>
  </background>
  <consensus>KTAATTnW</consensus>
  <WPCM words-count='8.0' length='8' dic='-2.918535483211744' kdic='8.171819405747385'>
   <pm-column position='1' dic='-0.5517883117056055' kdic='0.8345060494142856'>
    <a>0.2465753424657536</a>
    <c>0.2465753424657536</c>
    <g>2.219178082191784</g>
    <t>5.287671232876712</t>
   </pm-column>
   <pm-column position='2' dic='0.0' kdic='1.3862943611198906'>
    <a>0.0</a>
    <c>0.0</c>
    <g>0.0</g>
    <t>8.0</t>
   </pm-column>
   <pm-column position='3' dic='-0.4967481231358928' kdic='0.8895462379839993'>
    <a>6.027397260273976</a>
    <c>0.986301369863016</c>
    <g>0.986301369863016</g>
    <t>0.0</t>
   </pm-column>
   <pm-column position='4' dic='-0.25647719130200475' kdic='1.129817169817886'>
    <a>7.013698630136984</a>
    <c>0.0</c>
    <g>0.986301369863016</g>
    <t>0.0</t>
   </pm-column>
   <pm-column position='5' dic='0.0' kdic='1.3862943611198906'>
    <a>0.0</a>
    <c>0.0</c>
    <g>0.0</g>
    <t>8.0</t>
   </pm-column>
   <pm-column position='6' dic='0.0' kdic='1.3862943611198906'>
    <a>0.0</a>
    <c>0.0</c>
    <g>0.0</g>
    <t>8.0</t>
   </pm-column>
   <pm-column position='7' dic='-0.8344596228158203' kdic='0.5518347383040703'>
    <a>0.986301369863016</a>
    <c>0.986301369863016</c>
    <g>4.054794520547944</g>
    <t>1.972602739726024</t>
   </pm-column>
   <pm-column position='8' dic='-0.7790622342524205' kdic='0.6072321268674703'>
    <a>3.315068493150688</a>
    <c>0.2465753424657536</c>
    <g>1.232876712328768</g>
    <t>3.205479452054792</t>
   </pm-column>
  </WPCM>
  <PPM words-count='8.0' length='8' kdic='8.171819405747385' dic='-2.918535483211744'>
   <pm-column position='1' dic='-0.5517883117056055' kdic='0.8345060494142856'>
    <a>0.0308219178082192</a>
    <c>0.0308219178082192</c>
    <g>0.277397260273973</g>
    <t>0.660958904109589</t>
   </pm-column>
   <pm-column position='2' dic='0.0' kdic='1.3862943611198906'>
    <a>0.0</a>
    <c>0.0</c>
    <g>0.0</g>
    <t>1.0</t>
   </pm-column>
   <pm-column position='3' dic='-0.4967481231358928' kdic='0.8895462379839993'>
    <a>0.753424657534247</a>
    <c>0.123287671232877</c>
    <g>0.123287671232877</g>
    <t>0.0</t>
   </pm-column>
   <pm-column position='4' dic='-0.25647719130200475' kdic='1.129817169817886'>
    <a>0.876712328767123</a>
    <c>0.0</c>
    <g>0.123287671232877</g>
    <t>0.0</t>
   </pm-column>
   <pm-column position='5' dic='0.0' kdic='1.3862943611198906'>
    <a>0.0</a>
    <c>0.0</c>
    <g>0.0</g>
    <t>1.0</t>
   </pm-column>
   <pm-column position='6' dic='0.0' kdic='1.3862943611198906'>
    <a>0.0</a>
    <c>0.0</c>
    <g>0.0</g>
    <t>1.0</t>
   </pm-column>
   <pm-column position='7' dic='-0.8344596228158203' kdic='0.5518347383040703'>
    <a>0.123287671232877</a>
    <c>0.123287671232877</c>
    <g>0.506849315068493</g>
    <t>0.246575342465753</t>
   </pm-column>
   <pm-column position='8' dic='-0.7790622342524205' kdic='0.6072321268674703'>
    <a>0.414383561643836</a>
    <c>0.0308219178082192</c>
    <g>0.154109589041096</g>
    <t>0.400684931506849</t>
   </pm-column>
  </PPM>
  <PWM length='8' words-count='8.0'>
   <pm-column position='1'>
    <a>-1.1902079329845372</a>
    <c>-1.1902079329845372</c>
    <g>0.08340343720494837</g>
    <t>0.8349521326604838</t>
   </pm-column>
   <pm-column position='2'>
    <a>-1.5783984904108685</a>
    <c>-1.5783984904108685</c>
    <g>-1.5783984904108685</g>
    <t>1.2181964566417396</t>
   </pm-column>
   <pm-column position='3'>
    <a>0.9548427845520475</a>
    <c>-0.5146389665410537</c>
    <g>-0.5146389665410537</g>
    <t>-1.5783984904108685</t>
   </pm-column>
   <pm-column position='4'>
    <a>1.095164077601274</a>
    <c>-1.5783984904108685</c>
    <g>-0.5146389665410537</g>
    <t>-1.5783984904108685</t>
   </pm-column>
   <pm-column position='5'>
    <a>-1.5783984904108685</a>
    <c>-1.5783984904108685</c>
    <g>-1.5783984904108685</g>
    <t>1.2181964566417396</t>
   </pm-column>
   <pm-column position='6'>
    <a>-1.5783984904108685</a>
    <c>-1.5783984904108685</c>
    <g>-1.5783984904108685</g>
    <t>1.2181964566417396</t>
   </pm-column>
   <pm-column position='7'>
    <a>-0.5146389665410537</a>
    <c>-0.5146389665410537</c>
    <g>0.596327768115517</g>
    <t>-0.010932068957584641</t>
   </pm-column>
   <pm-column position='8'>
    <a>0.41994739191667313</a>
    <c>-1.1902079329845372</c>
    <g>-0.3630248754470722</g>
    <t>0.39095458182960197</t>
   </pm-column>
  </PWM>
 </motif>
</smallbismark>