<?xml version='1.0' encoding='UTF-8'?>
<smallbismark>
 <motif name='HXD9_HUMAN' id='HXD9_f1' sample-size='6' sequence-count='6' coverage='1.0' length='10'>
  <comment>HOCOMOCO v9; MAR2012; ChIPMunk v3.1</comment>
  <background>
   <a>0.25</a>
   <c>0.25</c>
   <g>0.25</g>
   <t>0.25</t>
  </background>
  <consensus>AnWTTnATnn</consensus>
  <WPCM words-count='6.0' length='10' dic='-3.835491376372916' kdic='10.027452234825988'>
   <pm-column position='1' dic='-0.22660787083664488' kdic='1.1596864902832458'>
    <a>5.25</a>
    <c>0.2500000000000002</c>
    <g>0.2500000000000002</g>
    <t>0.2500000000000002</t>
   </pm-column>
   <pm-column position='2' dic='-0.4992887122585337' kdic='0.8870056488613566'>
    <a>3.0</a>
    <c>0.0</c>
    <g>3.0</g>
    <t>0.0</t>
   </pm-column>
   <pm-column position='3' dic='-0.6823907591519448' kdic='0.7039036019679457'>
    <a>1.9999999999999978</a>
    <c>1.000000000000002</c>
    <g>0.0</g>
    <t>3.0</t>
   </pm-column>
   <pm-column position='4' dic='-0.2986265769962819' kdic='1.0876677841236086'>
    <a>1.000000000000002</a>
    <c>0.0</c>
    <g>0.0</g>
    <t>4.999999999999998</t>
   </pm-column>
   <pm-column position='5' dic='0.0' kdic='1.3862943611198906'>
    <a>0.0</a>
    <c>0.0</c>
    <g>0.0</g>
    <t>6.0</t>
   </pm-column>
   <pm-column position='6' dic='-0.865492806045356' kdic='0.5208015550745345'>
    <a>1.9999999999999978</a>
    <c>1.000000000000002</c>
    <g>1.000000000000002</g>
    <t>1.9999999999999978</t>
   </pm-column>
   <pm-column position='7' dic='0.0' kdic='1.3862943611198906'>
    <a>6.0</a>
    <c>0.0</c>
    <g>0.0</g>
    <t>0.0</t>
   </pm-column>
   <pm-column position='8' dic='0.0' kdic='1.3862943611198906'>
    <a>0.0</a>
    <c>0.0</c>
    <g>0.0</g>
    <t>6.0</t>
   </pm-column>
   <pm-column position='9' dic='-0.4992887122585337' kdic='0.8870056488613566'>
    <a>0.0</a>
    <c>0.0</c>
    <g>3.0</g>
    <t>3.0</t>
   </pm-column>
   <pm-column position='10' dic='-0.7637959388256214' kdic='0.6224984222942688'>
    <a>2.25</a>
    <c>0.2500000000000002</c>
    <g>2.25</g>
    <t>1.249999999999998</t>
   </pm-column>
  </WPCM>
  <PPM words-count='6.0' length='10' kdic='10.027452234825988' dic='-3.835491376372916'>
   <pm-column position='1' dic='-0.22660787083664488' kdic='1.1596864902832458'>
    <a>0.875</a>
    <c>0.0416666666666667</c>
    <g>0.0416666666666667</g>
    <t>0.0416666666666667</t>
   </pm-column>
   <pm-column position='2' dic='-0.4992887122585337' kdic='0.8870056488613566'>
    <a>0.5</a>
    <c>0.0</c>
    <g>0.5</g>
    <t>0.0</t>
   </pm-column>
   <pm-column position='3' dic='-0.6823907591519448' kdic='0.7039036019679457'>
    <a>0.333333333333333</a>
    <c>0.166666666666667</c>
    <g>0.0</g>
    <t>0.5</t>
   </pm-column>
   <pm-column position='4' dic='-0.2986265769962819' kdic='1.0876677841236086'>
    <a>0.166666666666667</a>
    <c>0.0</c>
    <g>0.0</g>
    <t>0.833333333333333</t>
   </pm-column>
   <pm-column position='5' dic='0.0' kdic='1.3862943611198906'>
    <a>0.0</a>
    <c>0.0</c>
    <g>0.0</g>
    <t>1.0</t>
   </pm-column>
   <pm-column position='6' dic='-0.865492806045356' kdic='0.5208015550745345'>
    <a>0.333333333333333</a>
    <c>0.166666666666667</c>
    <g>0.166666666666667</g>
    <t>0.333333333333333</t>
   </pm-column>
   <pm-column position='7' dic='0.0' kdic='1.3862943611198906'>
    <a>1.0</a>
    <c>0.0</c>
    <g>0.0</g>
    <t>0.0</t>
   </pm-column>
   <pm-column position='8' dic='0.0' kdic='1.3862943611198906'>
    <a>0.0</a>
    <c>0.0</c>
    <g>0.0</g>
    <t>1.0</t>
   </pm-column>
   <pm-column position='9' dic='-0.4992887122585337' kdic='0.8870056488613566'>
    <a>0.0</a>
    <c>0.0</c>
    <g>0.5</g>
    <t>0.5</t>
   </pm-column>
   <pm-column position='10' dic='-0.7637959388256214' kdic='0.6224984222942688'>
    <a>0.375</a>
    <c>0.0416666666666667</c>
    <g>0.375</g>
    <t>0.208333333333333</t>
   </pm-column>
  </PPM>
  <PWM length='10' words-count='6.0'>
   <pm-column position='1'>
    <a>1.0733323469168745</a>
    <c>-1.0263946657258227</c>
    <g>-1.0263946657258227</g>
    <t>-1.0263946657258227</t>
   </pm-column>
   <pm-column position='2'>
    <a>0.5710045769682309</a>
    <c>-1.4698686161422145</c>
    <g>0.5710045769682309</g>
    <t>-1.4698686161422145</t>
   </pm-column>
   <pm-column position='3'>
    <a>0.2284744645348226</a>
    <c>-0.2966305708066636</c>
    <g>-1.4698686161422145</g>
    <t>0.5710045769682309</t>
   </pm-column>
   <pm-column position='4'>
    <a>-0.2966305708066636</a>
    <c>-1.4698686161422145</c>
    <g>-1.4698686161422145</g>
    <t>1.0284651954091792</t>
   </pm-column>
   <pm-column position='5'>
    <a>-1.4698686161422145</a>
    <c>-1.4698686161422145</c>
    <g>-1.4698686161422145</g>
    <t>1.1969883435660034</t>
   </pm-column>
   <pm-column position='6'>
    <a>0.2284744645348226</a>
    <c>-0.2966305708066636</c>
    <g>-0.2966305708066636</g>
    <t>0.2284744645348226</t>
   </pm-column>
   <pm-column position='7'>
    <a>1.1969883435660034</a>
    <c>-1.4698686161422145</c>
    <g>-1.4698686161422145</g>
    <t>-1.4698686161422145</t>
   </pm-column>
   <pm-column position='8'>
    <a>-1.4698686161422145</a>
    <c>-1.4698686161422145</c>
    <g>-1.4698686161422145</g>
    <t>1.1969883435660034</t>
   </pm-column>
   <pm-column position='9'>
    <a>-1.4698686161422145</a>
    <c>-1.4698686161422145</c>
    <g>0.5710045769682309</g>
    <t>0.5710045769682309</t>
   </pm-column>
   <pm-column position='10'>
    <a>0.3257161338548911</a>
    <c>-1.0263946657258227</c>
    <g>0.3257161338548911</g>
    <t>-0.1373566623785943</t>
   </pm-column>
  </PWM>
 </motif>
</smallbismark>