<?xml version='1.0' encoding='UTF-8'?>
<smallbismark>
 <motif name='INSM1_HUMAN' id='INSM1_f1' sample-size='37' sequence-count='24' coverage='0.6486486486486487' length='12'>
  <comment>HOCOMOCO v9; MAR2012; ChIPMunk v3.1</comment>
  <background>
   <a>0.25</a>
   <c>0.25</c>
   <g>0.25</g>
   <t>0.25</t>
  </background>
  <consensus>KGYMAGGGGGCA</consensus>
  <WPCM words-count='23.7690244895845' length='12' dic='-3.5659392183204695' kdic='13.069593115118218'>
   <pm-column position='1' dic='-0.6408289308148152' kdic='0.7454654303050766'>
    <a>1.5290387354983412</a>
    <c>0.0</c>
    <g>5.420559663604397</g>
    <t>16.81942609048178</t>
   </pm-column>
   <pm-column position='2' dic='-0.49852787431989637' kdic='0.8877664867999944'>
    <a>0.0</a>
    <c>0.0</c>
    <g>17.66655654289063</g>
    <t>6.1024679466938725</t>
   </pm-column>
   <pm-column position='3' dic='-0.6596479845320667' kdic='0.7266463765878237'>
    <a>0.0</a>
    <c>3.726298758786656</c>
    <g>2.892855301677297</g>
    <t>17.149870429120547</t>
   </pm-column>
   <pm-column position='4' dic='-0.6517994699493121' kdic='0.7344948911705783'>
    <a>8.327101960581182</a>
    <c>14.760014245913842</c>
    <g>0.0</g>
    <t>0.6819082830894756</t>
   </pm-column>
   <pm-column position='5' dic='-0.09109002264885097' kdic='1.2952043384710394'>
    <a>23.087116206495022</a>
    <c>0.0</c>
    <g>0.0</g>
    <t>0.6819082830894756</t>
   </pm-column>
   <pm-column position='6' dic='0.0' kdic='1.3862943611198906'>
    <a>0.0</a>
    <c>0.0</c>
    <g>23.7690244895845</g>
    <t>0.0</t>
   </pm-column>
   <pm-column position='7' dic='0.0' kdic='1.3862943611198906'>
    <a>0.0</a>
    <c>0.0</c>
    <g>23.7690244895845</g>
    <t>0.0</t>
   </pm-column>
   <pm-column position='8' dic='0.0' kdic='1.3862943611198906'>
    <a>0.0</a>
    <c>0.0</c>
    <g>23.7690244895845</g>
    <t>0.0</t>
   </pm-column>
   <pm-column position='9' dic='0.0' kdic='1.3862943611198906'>
    <a>0.0</a>
    <c>0.0</c>
    <g>23.7690244895845</g>
    <t>0.0</t>
   </pm-column>
   <pm-column position='10' dic='-0.2626132146895916' kdic='1.1236811464302987'>
    <a>0.0</a>
    <c>1.3638165661789512</c>
    <g>21.72329964031607</g>
    <t>0.6819082830894756</t>
   </pm-column>
   <pm-column position='11' dic='-0.17320667242016607' kdic='1.2130876886997244'>
    <a>1.3638165661789512</a>
    <c>22.40520792340555</c>
    <g>0.0</g>
    <t>0.0</t>
   </pm-column>
   <pm-column position='12' dic='-0.5882250489457707' kdic='0.79806931217412'>
    <a>14.760014245913842</a>
    <c>0.0</c>
    <g>9.009010243670657</g>
    <t>0.0</t>
   </pm-column>
  </WPCM>
  <PPM words-count='23.7690244895845' length='12' kdic='13.069593115118218' dic='-3.5659392183204695'>
   <pm-column position='1' dic='-0.6408289308148152' kdic='0.7454654303050766'>
    <a>0.0643290487654788</a>
    <c>0.0</c>
    <g>0.228051414814254</g>
    <t>0.707619536420268</t>
   </pm-column>
   <pm-column position='2' dic='-0.49852787431989637' kdic='0.8877664867999944'>
    <a>0.0</a>
    <c>0.0</c>
    <g>0.743259638216623</g>
    <t>0.256740361783377</t>
   </pm-column>
   <pm-column position='3' dic='-0.6596479845320667' kdic='0.7266463765878237'>
    <a>0.0</a>
    <c>0.156771211221542</c>
    <g>0.121706942703725</g>
    <t>0.721521846074733</t>
   </pm-column>
   <pm-column position='4' dic='-0.6517994699493121' kdic='0.7344948911705783'>
    <a>0.350334190796517</a>
    <c>0.62097686223436</c>
    <g>0.0</g>
    <t>0.028688946969123</t>
   </pm-column>
   <pm-column position='5' dic='-0.09109002264885097' kdic='1.2952043384710394'>
    <a>0.971311053030877</a>
    <c>0.0</c>
    <g>0.0</g>
    <t>0.028688946969123</t>
   </pm-column>
   <pm-column position='6' dic='0.0' kdic='1.3862943611198906'>
    <a>0.0</a>
    <c>0.0</c>
    <g>1.0</g>
    <t>0.0</t>
   </pm-column>
   <pm-column position='7' dic='0.0' kdic='1.3862943611198906'>
    <a>0.0</a>
    <c>0.0</c>
    <g>1.0</g>
    <t>0.0</t>
   </pm-column>
   <pm-column position='8' dic='0.0' kdic='1.3862943611198906'>
    <a>0.0</a>
    <c>0.0</c>
    <g>1.0</g>
    <t>0.0</t>
   </pm-column>
   <pm-column position='9' dic='0.0' kdic='1.3862943611198906'>
    <a>0.0</a>
    <c>0.0</c>
    <g>1.0</g>
    <t>0.0</t>
   </pm-column>
   <pm-column position='10' dic='-0.2626132146895916' kdic='1.1236811464302987'>
    <a>0.0</a>
    <c>0.057377893938246</c>
    <g>0.913933159092631</g>
    <t>0.028688946969123</t>
   </pm-column>
   <pm-column position='11' dic='-0.17320667242016607' kdic='1.2130876886997244'>
    <a>0.057377893938246</a>
    <c>0.942622106061754</c>
    <g>0.0</g>
    <t>0.0</t>
   </pm-column>
   <pm-column position='12' dic='-0.5882250489457707' kdic='0.79806931217412'>
    <a>0.62097686223436</a>
    <c>0.0</c>
    <g>0.37902313776564</g>
    <t>0.0</t>
   </pm-column>
  </PPM>
  <PWM length='12' words-count='23.7690244895845'>
   <pm-column position='1'>
    <a>-1.0651654869431906</a>
    <c>-2.1402945033791383</c>
    <g>-0.0806331643414428</g>
    <t>0.9613317598799609</t>
   </pm-column>
   <pm-column position='2'>
    <a>-2.1402945033791383</a>
    <c>-2.1402945033791383</c>
    <g>1.0083116413652622</g>
    <t>0.023511658341443798</t>
   </pm-column>
   <pm-column position='3'>
    <a>-2.1402945033791383</a>
    <c>-0.3990648345141135</c>
    <g>-0.6029643226480574</g>
    <t>0.9799208700589784</t>
   </pm-column>
   <pm-column position='4'>
    <a>0.30316025506939476</a>
    <c>0.8369747429268869</c>
    <g>-2.1402945033791383</g>
    <t>-1.5192390106364482</t>
   </pm-column>
   <pm-column position='5'>
    <a>1.265786708933628</a>
    <c>-2.1402945033791383</c>
    <g>-2.1402945033791383</g>
    <t>-1.5192390106364482</t>
   </pm-column>
   <pm-column position='6'>
    <a>-2.1402945033791383</a>
    <c>-2.1402945033791383</c>
    <g>1.293943135630139</g>
    <t>-2.1402945033791383</t>
   </pm-column>
   <pm-column position='7'>
    <a>-2.1402945033791383</a>
    <c>-2.1402945033791383</c>
    <g>1.293943135630139</g>
    <t>-2.1402945033791383</t>
   </pm-column>
   <pm-column position='8'>
    <a>-2.1402945033791383</a>
    <c>-2.1402945033791383</c>
    <g>1.293943135630139</g>
    <t>-2.1402945033791383</t>
   </pm-column>
   <pm-column position='9'>
    <a>-2.1402945033791383</a>
    <c>-2.1402945033791383</c>
    <g>1.293943135630139</g>
    <t>-2.1402945033791383</t>
   </pm-column>
   <pm-column position='10'>
    <a>-2.1402945033791383</a>
    <c>-1.1390075709357848</c>
    <g>1.2069777360481408</g>
    <t>-1.5192390106364482</t>
   </pm-column>
   <pm-column position='11'>
    <a>-1.1390075709357848</a>
    <c>1.2368144721188625</c>
    <g>-2.1402945033791383</g>
    <t>-2.1402945033791383</t>
   </pm-column>
   <pm-column position='12'>
    <a>0.8369747429268869</a>
    <c>-2.1402945033791383</c>
    <g>0.3752736605298866</g>
    <t>-2.1402945033791383</t>
   </pm-column>
  </PWM>
 </motif>
</smallbismark>