<?xml version='1.0' encoding='UTF-8'?>
<smallbismark>
 <motif name='ITF2_HUMAN' id='ITF2_f1' sample-size='756' sequence-count='553' coverage='0.7314814814814815' length='9'>
  <comment>HOCOMOCO v9; MAR2012; ChIPMunk v3.1</comment>
  <background>
   <a>0.25</a>
   <c>0.25</c>
   <g>0.25</g>
   <t>0.25</t>
  </background>
  <consensus>vCAGGTGYd</consensus>
  <WPCM words-count='453.520260087217' length='9' dic='-3.056304052305366' kdic='9.42034519777365'>
   <pm-column position='1' dic='-1.0902681166457286' kdic='0.29602624447415976'>
    <a>150.58729512554436</a>
    <c>155.4150326521485</c>
    <g>146.99175986420147</g>
    <t>0.5261724453220445</t>
   </pm-column>
   <pm-column position='2' dic='0.0' kdic='1.3862943611198906'>
    <a>0.0</a>
    <c>453.520260087217</c>
    <g>0.0</g>
    <t>0.0</t>
   </pm-column>
   <pm-column position='3' dic='0.0' kdic='1.3862943611198906'>
    <a>453.520260087217</a>
    <c>0.0</c>
    <g>0.0</g>
    <t>0.0</t>
   </pm-column>
   <pm-column position='4' dic='0.0' kdic='1.3862943611198906'>
    <a>0.0</a>
    <c>0.0</c>
    <g>453.520260087217</g>
    <t>0.0</t>
   </pm-column>
   <pm-column position='5' dic='0.0' kdic='1.3862943611198906'>
    <a>0.0</a>
    <c>0.0</c>
    <g>453.520260087217</g>
    <t>0.0</t>
   </pm-column>
   <pm-column position='6' dic='-0.007097572082567626' kdic='1.379196789037326'>
    <a>0.0</a>
    <c>0.0</c>
    <g>0.5261724453220445</g>
    <t>452.99408764189616</t>
   </pm-column>
   <pm-column position='7' dic='0.0' kdic='1.3862943611198906'>
    <a>0.0</a>
    <c>0.0</c>
    <g>453.520260087217</g>
    <t>0.0</t>
   </pm-column>
   <pm-column position='8' dic='-0.7188641552462438' kdic='0.6674302058736453'>
    <a>11.301689093334886</a>
    <c>299.02840402281845</c>
    <g>0.0</g>
    <t>143.19016697106304</t>
   </pm-column>
   <pm-column position='9' dic='-1.2400742083308265' kdic='0.14622015278906372'>
    <a>169.14354956075627</a>
    <c>36.454864458475214</c>
    <g>157.25349375595002</g>
    <t>90.66835231203548</t>
   </pm-column>
  </WPCM>
  <PPM words-count='453.520260087217' length='9' kdic='9.42034519777365' dic='-3.056304052305366'>
   <pm-column position='1' dic='-1.0902681166457286' kdic='0.29602624447415976'>
    <a>0.33204094365395</a>
    <c>0.342685975312901</c>
    <g>0.324112884914851</g>
    <t>0.00116019611829658</t>
   </pm-column>
   <pm-column position='2' dic='0.0' kdic='1.3862943611198906'>
    <a>0.0</a>
    <c>1.0</c>
    <g>0.0</g>
    <t>0.0</t>
   </pm-column>
   <pm-column position='3' dic='0.0' kdic='1.3862943611198906'>
    <a>1.0</a>
    <c>0.0</c>
    <g>0.0</g>
    <t>0.0</t>
   </pm-column>
   <pm-column position='4' dic='0.0' kdic='1.3862943611198906'>
    <a>0.0</a>
    <c>0.0</c>
    <g>1.0</g>
    <t>0.0</t>
   </pm-column>
   <pm-column position='5' dic='0.0' kdic='1.3862943611198906'>
    <a>0.0</a>
    <c>0.0</c>
    <g>1.0</g>
    <t>0.0</t>
   </pm-column>
   <pm-column position='6' dic='-0.007097572082567626' kdic='1.379196789037326'>
    <a>0.0</a>
    <c>0.0</c>
    <g>0.00116019611829658</g>
    <t>0.998839803881706</t>
   </pm-column>
   <pm-column position='7' dic='0.0' kdic='1.3862943611198906'>
    <a>0.0</a>
    <c>0.0</c>
    <g>1.0</g>
    <t>0.0</t>
   </pm-column>
   <pm-column position='8' dic='-0.7188641552462438' kdic='0.6674302058736453'>
    <a>0.0249199210883356</a>
    <c>0.659349604282975</c>
    <g>0.0</g>
    <t>0.315730474628688</t>
   </pm-column>
   <pm-column position='9' dic='-1.2400742083308265' kdic='0.14622015278906372'>
    <a>0.372956986592458</a>
    <c>0.0803819976013079</c>
    <g>0.346739732698399</g>
    <t>0.199921283107835</t>
   </pm-column>
  </PPM>
  <PWM length='9' words-count='453.520260087217'>
   <pm-column position='1'>
    <a>0.2805036977845567</a>
    <c>0.3117475792650266</c>
    <g>0.2565831568810399</g>
    <t>-4.023657084539036</t>
   </pm-column>
   <pm-column position='2'>
    <a>-4.3193593901206375</a>
    <c>1.3762629091975602</c>
    <g>-4.3193593901206375</g>
    <t>-4.3193593901206375</t>
   </pm-column>
   <pm-column position='3'>
    <a>1.3762629091975602</a>
    <c>-4.3193593901206375</c>
    <g>-4.3193593901206375</g>
    <t>-4.3193593901206375</t>
   </pm-column>
   <pm-column position='4'>
    <a>-4.3193593901206375</a>
    <c>-4.3193593901206375</c>
    <g>1.3762629091975602</g>
    <t>-4.3193593901206375</t>
   </pm-column>
   <pm-column position='5'>
    <a>-4.3193593901206375</a>
    <c>-4.3193593901206375</c>
    <g>1.3762629091975602</g>
    <t>-4.3193593901206375</t>
   </pm-column>
   <pm-column position='6'>
    <a>-4.3193593901206375</a>
    <c>-4.3193593901206375</c>
    <g>-4.023657084539036</g>
    <t>1.3751059430595</t>
   </pm-column>
   <pm-column position='7'>
    <a>-4.3193593901206375</a>
    <c>-4.3193593901206375</c>
    <g>1.3762629091975602</g>
    <t>-4.3193593901206375</t>
   </pm-column>
   <pm-column position='8'>
    <a>-2.192283189827031</a>
    <c>0.961496289949065</c>
    <g>-4.3193593901206375</g>
    <t>0.23065354225509804</t>
   </pm-column>
   <pm-column position='9'>
    <a>0.3956049900042112</a>
    <c>-1.1069750445040458</c>
    <g>0.32339360011760143</g>
    <t>-0.22020910591530052</t>
   </pm-column>
  </PWM>
 </motif>
</smallbismark>