<?xml version='1.0' encoding='UTF-8'?>
<smallbismark>
 <motif name='KLF8_HUMAN' id='KLF8_f1' sample-size='5' sequence-count='5' coverage='1.0' length='9'>
  <comment>HOCOMOCO v9; MAR2012; ChIPMunk v3.1</comment>
  <background>
   <a>0.25</a>
   <c>0.25</c>
   <g>0.25</g>
   <t>0.25</t>
  </background>
  <consensus>CAGGGGGTG</consensus>
  <WPCM words-count='5.0' length='9' dic='-2.159600525957081' kdic='10.317048724121936'>
   <pm-column position='1' dic='-0.3369260113237728' kdic='1.049368349796118'>
    <a>0.0</a>
    <c>3.92857142857143</c>
    <g>0.0</g>
    <t>1.07142857142857</t>
   </pm-column>
   <pm-column position='2' dic='-0.4236667885311098' kdic='0.9626275725887823'>
    <a>3.392857142857145</a>
    <c>1.60714285714286</c>
    <g>0.0</g>
    <t>0.0</t>
   </pm-column>
   <pm-column position='3' dic='-0.17741787655353186' kdic='1.2088764845663587'>
    <a>0.0</a>
    <c>0.0</c>
    <g>4.464285714285715</g>
    <t>0.535714285714285</t>
   </pm-column>
   <pm-column position='4' dic='-0.4236667885311098' kdic='0.9626275725887823'>
    <a>0.0</a>
    <c>0.0</c>
    <g>3.392857142857145</g>
    <t>1.60714285714286</t>
   </pm-column>
   <pm-column position='5' dic='0.0' kdic='1.3862943611198906'>
    <a>0.0</a>
    <c>0.0</c>
    <g>5.0</g>
    <t>0.0</t>
   </pm-column>
   <pm-column position='6' dic='-0.44308730791049344' kdic='0.943207053209397'>
    <a>0.0</a>
    <c>0.0</c>
    <g>3.2142857142857153</g>
    <t>1.785714285714285</t>
   </pm-column>
   <pm-column position='7' dic='0.0' kdic='1.3862943611198906'>
    <a>0.0</a>
    <c>0.0</c>
    <g>5.0</g>
    <t>0.0</t>
   </pm-column>
   <pm-column position='8' dic='-0.17741787655353186' kdic='1.2088764845663587'>
    <a>0.0</a>
    <c>0.535714285714285</c>
    <g>0.0</g>
    <t>4.464285714285715</t>
   </pm-column>
   <pm-column position='9' dic='-0.17741787655353186' kdic='1.2088764845663587'>
    <a>0.0</a>
    <c>0.535714285714285</c>
    <g>4.464285714285715</g>
    <t>0.0</t>
   </pm-column>
  </WPCM>
  <PPM words-count='5.0' length='9' kdic='10.317048724121936' dic='-2.159600525957081'>
   <pm-column position='1' dic='-0.3369260113237728' kdic='1.049368349796118'>
    <a>0.0</a>
    <c>0.785714285714286</c>
    <g>0.0</g>
    <t>0.214285714285714</t>
   </pm-column>
   <pm-column position='2' dic='-0.4236667885311098' kdic='0.9626275725887823'>
    <a>0.678571428571429</a>
    <c>0.321428571428572</c>
    <g>0.0</g>
    <t>0.0</t>
   </pm-column>
   <pm-column position='3' dic='-0.17741787655353186' kdic='1.2088764845663587'>
    <a>0.0</a>
    <c>0.0</c>
    <g>0.892857142857143</g>
    <t>0.107142857142857</t>
   </pm-column>
   <pm-column position='4' dic='-0.4236667885311098' kdic='0.9626275725887823'>
    <a>0.0</a>
    <c>0.0</c>
    <g>0.678571428571429</g>
    <t>0.321428571428572</t>
   </pm-column>
   <pm-column position='5' dic='0.0' kdic='1.3862943611198906'>
    <a>0.0</a>
    <c>0.0</c>
    <g>1.0</g>
    <t>0.0</t>
   </pm-column>
   <pm-column position='6' dic='-0.44308730791049344' kdic='0.943207053209397'>
    <a>0.0</a>
    <c>0.0</c>
    <g>0.642857142857143</g>
    <t>0.357142857142857</t>
   </pm-column>
   <pm-column position='7' dic='0.0' kdic='1.3862943611198906'>
    <a>0.0</a>
    <c>0.0</c>
    <g>1.0</g>
    <t>0.0</t>
   </pm-column>
   <pm-column position='8' dic='-0.17741787655353186' kdic='1.2088764845663587'>
    <a>0.0</a>
    <c>0.107142857142857</c>
    <g>0.0</g>
    <t>0.892857142857143</t>
   </pm-column>
   <pm-column position='9' dic='-0.17741787655353186' kdic='1.2088764845663587'>
    <a>0.0</a>
    <c>0.107142857142857</c>
    <g>0.892857142857143</g>
    <t>0.0</t>
   </pm-column>
  </PPM>
  <PWM length='9' words-count='5.0'>
   <pm-column position='1'>
    <a>-1.4126136189803458</a>
    <c>0.9635782557151664</c>
    <g>-1.4126136189803458</g>
    <t>-0.1143682624752593</t>
   </pm-column>
   <pm-column position='2'>
    <a>0.8315372366543559</a>
    <c>0.19568284382456852</c>
    <g>-1.4126136189803458</g>
    <t>-1.4126136189803458</t>
   </pm-column>
   <pm-column position='3'>
    <a>-1.4126136189803458</a>
    <c>-1.4126136189803458</c>
    <g>1.0802005743271488</g>
    <t>-0.5661309467854522</t>
   </pm-column>
   <pm-column position='4'>
    <a>-1.4126136189803458</a>
    <c>-1.4126136189803458</c>
    <g>0.8315372366543559</g>
    <t>0.19568284382456852</t>
   </pm-column>
   <pm-column position='5'>
    <a>-1.4126136189803458</a>
    <c>-1.4126136189803458</c>
    <g>1.1846315453424756</g>
    <t>-1.4126136189803458</t>
   </pm-column>
   <pm-column position='6'>
    <a>-1.4126136189803458</a>
    <c>-1.4126136189803458</c>
    <g>0.7833426005263197</g>
    <t>0.28081734370280986</t>
   </pm-column>
   <pm-column position='7'>
    <a>-1.4126136189803458</a>
    <c>-1.4126136189803458</c>
    <g>1.1846315453424756</g>
    <t>-1.4126136189803458</t>
   </pm-column>
   <pm-column position='8'>
    <a>-1.4126136189803458</a>
    <c>-0.5661309467854522</c>
    <g>-1.4126136189803458</g>
    <t>1.0802005743271488</t>
   </pm-column>
   <pm-column position='9'>
    <a>-1.4126136189803458</a>
    <c>-0.5661309467854522</c>
    <g>1.0802005743271488</g>
    <t>-1.4126136189803458</t>
   </pm-column>
  </PWM>
 </motif>
</smallbismark>