<?xml version='1.0' encoding='UTF-8'?>
<smallbismark>
 <motif name='NKX28_HUMAN' id='NKX28_f1' sample-size='6' sequence-count='6' coverage='1.0' length='9'>
  <comment>HOCOMOCO v9; MAR2012; ChIPMunk v3.1</comment>
  <background>
   <a>0.25</a>
   <c>0.25</c>
   <g>0.25</g>
   <t>0.25</t>
  </background>
  <consensus>bTCAAGGAb</consensus>
  <WPCM words-count='6.0' length='9' dic='-2.7578016549440827' kdic='9.718847595134932'>
   <pm-column position='1' dic='-0.6677437189514412' kdic='0.71855064216845'>
    <a>0.1470588235294116</a>
    <c>1.205882352941178</c>
    <g>1.205882352941178</g>
    <t>3.4411764705882355</t>
   </pm-column>
   <pm-column position='2' dic='0.0' kdic='1.3862943611198906'>
    <a>0.0</a>
    <c>0.0</c>
    <g>0.0</g>
    <t>6.0</t>
   </pm-column>
   <pm-column position='3' dic='-0.36594456818390003' kdic='1.0203497929359904'>
    <a>0.0</a>
    <c>4.647058823529414</c>
    <g>1.3529411764705859</g>
    <t>0.0</t>
   </pm-column>
   <pm-column position='4' dic='-0.09067926802432735' kdic='1.2956150930955637'>
    <a>5.705882352941178</a>
    <c>0.0</c>
    <g>0.2941176470588238</g>
    <t>0.0</t>
   </pm-column>
   <pm-column position='5' dic='0.0' kdic='1.3862943611198906'>
    <a>6.0</a>
    <c>0.0</c>
    <g>0.0</g>
    <t>0.0</t>
   </pm-column>
   <pm-column position='6' dic='0.0' kdic='1.3862943611198906'>
    <a>0.0</a>
    <c>0.0</c>
    <g>6.0</g>
    <t>0.0</t>
   </pm-column>
   <pm-column position='7' dic='-0.4828451904164863' kdic='0.9034491707034027'>
    <a>0.0</a>
    <c>0.0</c>
    <g>3.588235294117644</g>
    <t>2.41176470588235</t>
   </pm-column>
   <pm-column position='8' dic='-0.4828451904164863' kdic='0.9034491707034027'>
    <a>3.588235294117644</a>
    <c>0.0</c>
    <g>2.41176470588235</g>
    <t>0.0</t>
   </pm-column>
   <pm-column position='9' dic='-0.6677437189514412' kdic='0.71855064216845'>
    <a>0.1470588235294116</a>
    <c>3.4411764705882355</c>
    <g>1.205882352941178</g>
    <t>1.205882352941178</t>
   </pm-column>
  </WPCM>
  <PPM words-count='6.0' length='9' kdic='9.718847595134932' dic='-2.7578016549440827'>
   <pm-column position='1' dic='-0.6677437189514412' kdic='0.71855064216845'>
    <a>0.0245098039215686</a>
    <c>0.200980392156863</c>
    <g>0.200980392156863</g>
    <t>0.573529411764706</t>
   </pm-column>
   <pm-column position='2' dic='0.0' kdic='1.3862943611198906'>
    <a>0.0</a>
    <c>0.0</c>
    <g>0.0</g>
    <t>1.0</t>
   </pm-column>
   <pm-column position='3' dic='-0.36594456818390003' kdic='1.0203497929359904'>
    <a>0.0</a>
    <c>0.774509803921569</c>
    <g>0.225490196078431</g>
    <t>0.0</t>
   </pm-column>
   <pm-column position='4' dic='-0.09067926802432735' kdic='1.2956150930955637'>
    <a>0.950980392156863</a>
    <c>0.0</c>
    <g>0.0490196078431373</g>
    <t>0.0</t>
   </pm-column>
   <pm-column position='5' dic='0.0' kdic='1.3862943611198906'>
    <a>1.0</a>
    <c>0.0</c>
    <g>0.0</g>
    <t>0.0</t>
   </pm-column>
   <pm-column position='6' dic='0.0' kdic='1.3862943611198906'>
    <a>0.0</a>
    <c>0.0</c>
    <g>1.0</g>
    <t>0.0</t>
   </pm-column>
   <pm-column position='7' dic='-0.4828451904164863' kdic='0.9034491707034027'>
    <a>0.0</a>
    <c>0.0</c>
    <g>0.598039215686274</g>
    <t>0.401960784313725</t>
   </pm-column>
   <pm-column position='8' dic='-0.4828451904164863' kdic='0.9034491707034027'>
    <a>0.598039215686274</a>
    <c>0.0</c>
    <g>0.401960784313725</g>
    <t>0.0</t>
   </pm-column>
   <pm-column position='9' dic='-0.6677437189514412' kdic='0.71855064216845'>
    <a>0.0245098039215686</a>
    <c>0.573529411764706</c>
    <g>0.200980392156863</g>
    <t>0.200980392156863</t>
   </pm-column>
  </PPM>
  <PWM length='9' words-count='6.0'>
   <pm-column position='1'>
    <a>-1.1859684095188265</a>
    <c>-0.16368322971545332</c>
    <g>-0.16368322971545332</g>
    <t>0.6914096335252696</t>
   </pm-column>
   <pm-column position='2'>
    <a>-1.4698686161422145</a>
    <c>-1.4698686161422145</c>
    <g>-1.4698686161422145</g>
    <t>1.1969883435660034</t>
   </pm-column>
   <pm-column position='3'>
    <a>-1.4698686161422145</a>
    <c>0.9614870739190198</c>
    <g>-0.07849632188829249</g>
    <t>-1.4698686161422145</t>
   </pm-column>
   <pm-column position='4'>
    <a>1.15030105219013</a>
    <c>-1.4698686161422145</c>
    <g>-0.9651008620012653</g>
    <t>-1.4698686161422145</t>
   </pm-column>
   <pm-column position='5'>
    <a>1.1969883435660034</a>
    <c>-1.4698686161422145</c>
    <g>-1.4698686161422145</g>
    <t>-1.4698686161422145</t>
   </pm-column>
   <pm-column position='6'>
    <a>-1.4698686161422145</a>
    <c>-1.4698686161422145</c>
    <g>1.1969883435660034</g>
    <t>-1.4698686161422145</t>
   </pm-column>
   <pm-column position='7'>
    <a>-1.4698686161422145</a>
    <c>-1.4698686161422145</c>
    <g>0.7285251655029764</g>
    <t>0.38394598760373466</t>
   </pm-column>
   <pm-column position='8'>
    <a>0.7285251655029764</a>
    <c>-1.4698686161422145</c>
    <g>0.38394598760373466</g>
    <t>-1.4698686161422145</t>
   </pm-column>
   <pm-column position='9'>
    <a>-1.1859684095188265</a>
    <c>0.6914096335252696</c>
    <g>-0.16368322971545332</g>
    <t>-0.16368322971545332</t>
   </pm-column>
  </PWM>
 </motif>
</smallbismark>