<?xml version='1.0' encoding='UTF-8'?>
<smallbismark>
 <motif name='NR6A1_HUMAN' id='NR6A1_do' sample-size='50' sequence-count='50' coverage='1.0' length='13'>
  <comment>HOCOMOCO v9; MAR2012; ChIPMunk v3.1</comment>
  <background>
   <a>0.25</a>
   <c>0.25</c>
   <g>0.25</g>
   <t>0.25</t>
  </background>
  <consensus>RAGKTCAAGKTCA</consensus>
  <WPCM words-count='50.0' length='13' dic='-5.046999692702132' kdic='12.97482700185644'>
   <pm-column position='1' dic='-0.6793454006659383' kdic='0.7069489604539525'>
    <a>38.69444444444445</a>
    <c>3.472222222222225</c>
    <g>5.3611111111111</g>
    <t>2.472222222222225</t>
   </pm-column>
   <pm-column position='2' dic='-0.23350088628893276' kdic='1.1527934748309578'>
    <a>47.0</a>
    <c>1.0</c>
    <g>1.0</g>
    <t>1.0</t>
   </pm-column>
   <pm-column position='3' dic='-0.2271974271934579' kdic='1.159096933926433'>
    <a>2.0</a>
    <c>0.0</c>
    <g>46.8888888888889</g>
    <t>1.1111111111111098</t>
   </pm-column>
   <pm-column position='4' dic='-0.7437539323357385' kdic='0.642540428784152'>
    <a>0.0</a>
    <c>2.0</c>
    <g>19.0</g>
    <t>28.999999999999996</t>
   </pm-column>
   <pm-column position='5' dic='-0.07824046010856307' kdic='1.3080539010113277'>
    <a>0.0</a>
    <c>1.0</c>
    <g>0.0</g>
    <t>49.0</t>
   </pm-column>
   <pm-column position='6' dic='-0.07824046010856307' kdic='1.3080539010113277'>
    <a>1.0</a>
    <c>49.0</c>
    <g>0.0</g>
    <t>0.0</t>
   </pm-column>
   <pm-column position='7' dic='-0.07824046010856307' kdic='1.3080539010113277'>
    <a>49.0</a>
    <c>1.0</c>
    <g>0.0</g>
    <t>0.0</t>
   </pm-column>
   <pm-column position='8' dic='-0.42544485082933475' kdic='0.9608495102905547'>
    <a>43.77777777777775</a>
    <c>2.1111111111111103</c>
    <g>1.0</g>
    <t>3.11111111111111</t>
   </pm-column>
   <pm-column position='9' dic='-0.3336710096207486' kdic='1.0526233514991412'>
    <a>0.0</a>
    <c>1.0</c>
    <g>44.77777777777775</g>
    <t>4.222222222222225</t>
   </pm-column>
   <pm-column position='10' dic='-0.6895929283148672' kdic='0.6967014328050233'>
    <a>1.0</a>
    <c>0.0</c>
    <g>30.0</g>
    <t>19.0</t>
   </pm-column>
   <pm-column position='11' dic='-0.556316737585233' kdic='0.8299776235346564'>
    <a>2.0</a>
    <c>4.77777777777778</c>
    <g>2.0</g>
    <t>41.2222222222222</t>
   </pm-column>
   <pm-column position='12' dic='-0.4355633528021548' kdic='0.9507310083177362'>
    <a>2.1111111111111103</a>
    <c>42.8888888888889</c>
    <g>0.0</g>
    <t>5.0</t>
   </pm-column>
   <pm-column position='13' dic='-0.4878917867400381' kdic='0.8984025743798515'>
    <a>42.77777777777775</a>
    <c>2.1111111111111103</c>
    <g>2.1111111111111103</g>
    <t>3.0</t>
   </pm-column>
  </WPCM>
  <PPM words-count='50.0' length='13' kdic='12.97482700185644' dic='-5.046999692702132'>
   <pm-column position='1' dic='-0.6793454006659383' kdic='0.7069489604539525'>
    <a>0.773888888888889</a>
    <c>0.0694444444444445</c>
    <g>0.107222222222222</g>
    <t>0.0494444444444445</t>
   </pm-column>
   <pm-column position='2' dic='-0.23350088628893276' kdic='1.1527934748309578'>
    <a>0.94</a>
    <c>0.02</c>
    <g>0.02</g>
    <t>0.02</t>
   </pm-column>
   <pm-column position='3' dic='-0.2271974271934579' kdic='1.159096933926433'>
    <a>0.04</a>
    <c>0.0</c>
    <g>0.937777777777778</g>
    <t>0.0222222222222222</t>
   </pm-column>
   <pm-column position='4' dic='-0.7437539323357385' kdic='0.642540428784152'>
    <a>0.0</a>
    <c>0.04</c>
    <g>0.38</g>
    <t>0.58</t>
   </pm-column>
   <pm-column position='5' dic='-0.07824046010856307' kdic='1.3080539010113277'>
    <a>0.0</a>
    <c>0.02</c>
    <g>0.0</g>
    <t>0.98</t>
   </pm-column>
   <pm-column position='6' dic='-0.07824046010856307' kdic='1.3080539010113277'>
    <a>0.02</a>
    <c>0.98</c>
    <g>0.0</g>
    <t>0.0</t>
   </pm-column>
   <pm-column position='7' dic='-0.07824046010856307' kdic='1.3080539010113277'>
    <a>0.98</a>
    <c>0.02</c>
    <g>0.0</g>
    <t>0.0</t>
   </pm-column>
   <pm-column position='8' dic='-0.42544485082933475' kdic='0.9608495102905547'>
    <a>0.875555555555555</a>
    <c>0.0422222222222222</c>
    <g>0.02</g>
    <t>0.0622222222222222</t>
   </pm-column>
   <pm-column position='9' dic='-0.3336710096207486' kdic='1.0526233514991412'>
    <a>0.0</a>
    <c>0.02</c>
    <g>0.895555555555555</g>
    <t>0.0844444444444445</t>
   </pm-column>
   <pm-column position='10' dic='-0.6895929283148672' kdic='0.6967014328050233'>
    <a>0.02</a>
    <c>0.0</c>
    <g>0.6</g>
    <t>0.38</t>
   </pm-column>
   <pm-column position='11' dic='-0.556316737585233' kdic='0.8299776235346564'>
    <a>0.04</a>
    <c>0.0955555555555556</c>
    <g>0.04</g>
    <t>0.824444444444444</t>
   </pm-column>
   <pm-column position='12' dic='-0.4355633528021548' kdic='0.9507310083177362'>
    <a>0.0422222222222222</a>
    <c>0.857777777777778</c>
    <g>0.0</g>
    <t>0.1</t>
   </pm-column>
   <pm-column position='13' dic='-0.4878917867400381' kdic='0.8984025743798515'>
    <a>0.855555555555555</a>
    <c>0.0422222222222222</c>
    <g>0.0422222222222222</g>
    <t>0.06</t>
   </pm-column>
  </PPM>
  <PWM length='13' words-count='50.0'>
   <pm-column position='1'>
    <a>1.079597843824878</a>
    <c>-1.108103828362032</c>
    <g>-0.7543196906399262</g>
    <t>-1.3626188450873156</t>
   </pm-column>
   <pm-column position='2'>
    <a>1.2696835391368242</a>
    <c>-1.9189700123866777</c>
    <g>-1.9189700123866777</g>
    <t>-1.9189700123866777</t>
   </pm-column>
   <pm-column position='3'>
    <a>-1.5098052877040826</a>
    <c>-2.623298881477225</c>
    <g>1.2673649773681253</g>
    <t>-1.8643177304130847</t>
   </pm-column>
   <pm-column position='4'>
    <a>-2.623298881477225</a>
    <c>-1.5098052877040826</c>
    <g>0.3935728027486613</g>
    <t>0.7994048179151986</t>
   </pm-column>
   <pm-column position='5'>
    <a>-2.623298881477225</a>
    <c>-1.9189700123866777</c>
    <g>-2.623298881477225</g>
    <t>1.3105238704317304</t>
   </pm-column>
   <pm-column position='6'>
    <a>-1.9189700123866777</a>
    <c>1.3105238704317304</c>
    <g>-2.623298881477225</g>
    <t>-2.623298881477225</t>
   </pm-column>
   <pm-column position='7'>
    <a>1.3105238704317304</a>
    <c>-1.9189700123866777</c>
    <g>-2.623298881477225</g>
    <t>-2.623298881477225</t>
   </pm-column>
   <pm-column position='8'>
    <a>1.2001615239987227</a>
    <c>-1.4731739082126558</c>
    <g>-1.9189700123866777</g>
    <t>-1.1927301325533628</t>
   </pm-column>
   <pm-column position='9'>
    <a>-2.623298881477225</a>
    <c>-1.9189700123866777</c>
    <g>1.2222590464233016</g>
    <t>-0.9523566875464551</t>
   </pm-column>
   <pm-column position='10'>
    <a>-1.9189700123866777</a>
    <c>-2.623298881477225</c>
    <g>0.8322183075391746</g>
    <t>0.3935728027486613</t>
   </pm-column>
   <pm-column position='11'>
    <a>-1.5098052877040826</a>
    <c>-0.8508539727918518</c>
    <g>-1.5098052877040826</g>
    <t>1.1413664699991117</t>
   </pm-column>
   <pm-column position='12'>
    <a>-1.4731739082126558</a>
    <c>1.1801007739299159</c>
    <g>-2.623298881477225</g>
    <t>-0.8129721272973376</t>
   </pm-column>
   <pm-column position='13'>
    <a>1.177564645772513</a>
    <c>-1.4731739082126558</c>
    <g>-1.4731739082126558</g>
    <t>-1.2202785270239345</t>
   </pm-column>
  </PWM>
 </motif>
</smallbismark>