<?xml version='1.0' encoding='UTF-8'?>
<smallbismark>
 <motif name='OTX1_HUMAN' id='OTX1_f1' sample-size='8' sequence-count='8' coverage='1.0' length='8'>
  <comment>HOCOMOCO v9; MAR2012; ChIPMunk v3.1</comment>
  <background>
   <a>0.25</a>
   <c>0.25</c>
   <g>0.25</g>
   <t>0.25</t>
  </background>
  <consensus>nGGATTAn</consensus>
  <WPCM words-count='8.0' length='8' dic='-2.76763226065708' kdic='8.32272262830205'>
   <pm-column position='1' dic='-0.8981840677138637' kdic='0.48811029340602813'>
    <a>3.655172413793104</a>
    <c>1.448275862068968</c>
    <g>1.448275862068968</g>
    <t>1.448275862068968</t>
   </pm-column>
   <pm-column position='2' dic='-0.5042732594373894' kdic='0.882021101682501'>
    <a>1.241379310344824</a>
    <c>0.0</c>
    <g>5.931034482758624</g>
    <t>0.827586206896552</t>
   </pm-column>
   <pm-column position='3' dic='0.0' kdic='1.3862943611198906'>
    <a>0.0</a>
    <c>0.0</c>
    <g>8.0</g>
    <t>0.0</t>
   </pm-column>
   <pm-column position='4' dic='-0.4775899228881413' kdic='0.9087044382317493'>
    <a>5.379310344827584</a>
    <c>2.620689655172416</c>
    <g>0.0</g>
    <t>0.0</t>
   </pm-column>
   <pm-column position='5' dic='0.0' kdic='1.3862943611198906'>
    <a>0.0</a>
    <c>0.0</c>
    <g>0.0</g>
    <t>8.0</t>
   </pm-column>
   <pm-column position='6' dic='0.0' kdic='1.3862943611198906'>
    <a>0.0</a>
    <c>0.0</c>
    <g>0.0</g>
    <t>8.0</t>
   </pm-column>
   <pm-column position='7' dic='0.0' kdic='1.3862943611198906'>
    <a>8.0</a>
    <c>0.0</c>
    <g>0.0</g>
    <t>0.0</t>
   </pm-column>
   <pm-column position='8' dic='-0.8875850106176854' kdic='0.49870935050220616'>
    <a>2.27586206896552</a>
    <c>2.27586206896552</c>
    <g>2.827586206896552</g>
    <t>0.6206896551724136</t>
   </pm-column>
  </WPCM>
  <PPM words-count='8.0' length='8' kdic='8.32272262830205' dic='-2.76763226065708'>
   <pm-column position='1' dic='-0.8981840677138637' kdic='0.48811029340602813'>
    <a>0.456896551724138</a>
    <c>0.181034482758621</c>
    <g>0.181034482758621</g>
    <t>0.181034482758621</t>
   </pm-column>
   <pm-column position='2' dic='-0.5042732594373894' kdic='0.882021101682501'>
    <a>0.155172413793103</a>
    <c>0.0</c>
    <g>0.741379310344828</g>
    <t>0.103448275862069</t>
   </pm-column>
   <pm-column position='3' dic='0.0' kdic='1.3862943611198906'>
    <a>0.0</a>
    <c>0.0</c>
    <g>1.0</g>
    <t>0.0</t>
   </pm-column>
   <pm-column position='4' dic='-0.4775899228881413' kdic='0.9087044382317493'>
    <a>0.672413793103448</a>
    <c>0.327586206896552</c>
    <g>0.0</g>
    <t>0.0</t>
   </pm-column>
   <pm-column position='5' dic='0.0' kdic='1.3862943611198906'>
    <a>0.0</a>
    <c>0.0</c>
    <g>0.0</g>
    <t>1.0</t>
   </pm-column>
   <pm-column position='6' dic='0.0' kdic='1.3862943611198906'>
    <a>0.0</a>
    <c>0.0</c>
    <g>0.0</g>
    <t>1.0</t>
   </pm-column>
   <pm-column position='7' dic='0.0' kdic='1.3862943611198906'>
    <a>1.0</a>
    <c>0.0</c>
    <g>0.0</g>
    <t>0.0</t>
   </pm-column>
   <pm-column position='8' dic='-0.8875850106176854' kdic='0.49870935050220616'>
    <a>0.28448275862069</a>
    <c>0.28448275862069</c>
    <g>0.353448275862069</g>
    <t>0.0775862068965517</t>
   </pm-column>
  </PPM>
  <PWM length='8' words-count='8.0'>
   <pm-column position='1'>
    <a>0.5049187169934738</a>
    <c>-0.24711646969612208</c>
    <g>-0.24711646969612208</g>
    <t>-0.24711646969612208</t>
   </pm-column>
   <pm-column position='2'>
    <a>-0.35818556368768373</a>
    <c>-1.5783984904108685</c>
    <g>0.9400153630593513</g>
    <t>-0.6259921090064001</t>
   </pm-column>
   <pm-column position='3'>
    <a>-1.5783984904108685</a>
    <c>-1.5783984904108685</c>
    <g>1.2181964566417396</g>
    <t>-1.5783984904108685</t>
   </pm-column>
   <pm-column position='4'>
    <a>0.8506082894602521</a>
    <c>0.22019445936506368</c>
    <g>-1.5783984904108685</g>
    <t>-1.5783984904108685</t>
   </pm-column>
   <pm-column position='5'>
    <a>-1.5783984904108685</a>
    <c>-1.5783984904108685</c>
    <g>-1.5783984904108685</g>
    <t>1.2181964566417396</t>
   </pm-column>
   <pm-column position='6'>
    <a>-1.5783984904108685</a>
    <c>-1.5783984904108685</c>
    <g>-1.5783984904108685</g>
    <t>1.2181964566417396</t>
   </pm-column>
   <pm-column position='7'>
    <a>1.2181964566417396</a>
    <c>-1.5783984904108685</c>
    <g>-1.5783984904108685</g>
    <t>-1.5783984904108685</t>
   </pm-column>
   <pm-column position='8'>
    <a>0.10388705682577556</a>
    <c>0.10388705682577556</c>
    <g>0.2839943465800646</g>
    <t>-0.7926928595850398</t>
   </pm-column>
  </PWM>
 </motif>
</smallbismark>