<?xml version='1.0' encoding='UTF-8'?>
<smallbismark>
 <motif name='PLAG1_HUMAN' id='PLAG1_f1' sample-size='25' sequence-count='25' coverage='1.0' length='17'>
  <comment>HOCOMOCO v9; MAR2012; ChIPMunk v3.1</comment>
  <background>
   <a>0.25</a>
   <c>0.25</c>
   <g>0.25</g>
   <t>0.25</t>
  </background>
  <consensus>RGGGGSMhndRdMGGGK</consensus>
  <WPCM words-count='25.0' length='17' dic='-11.645508059653684' kdic='11.921496079384456'>
   <pm-column position='1' dic='-0.7623581865928318' kdic='0.6239361745270589'>
    <a>5.5</a>
    <c>0.5</c>
    <g>16.5</g>
    <t>2.5</t>
   </pm-column>
   <pm-column position='2' dic='-0.43521988077779894' kdic='0.9510744803420915'>
    <a>5.0</a>
    <c>0.0</c>
    <g>20.0</g>
    <t>0.0</t>
   </pm-column>
   <pm-column position='3' dic='-0.5999968506425639' kdic='0.7862975104773269'>
    <a>10.0</a>
    <c>0.0</c>
    <g>15.0</g>
    <t>0.0</t>
   </pm-column>
   <pm-column position='4' dic='0.0' kdic='1.3862943611198906'>
    <a>0.0</a>
    <c>0.0</c>
    <g>25.0</g>
    <t>0.0</t>
   </pm-column>
   <pm-column position='5' dic='-0.5557571548039345' kdic='0.8305372063159561'>
    <a>0.0</a>
    <c>8.0</c>
    <g>17.0</g>
    <t>0.0</t>
   </pm-column>
   <pm-column position='6' dic='-0.8998185283978785' kdic='0.48647583272201234'>
    <a>1.0</a>
    <c>14.000000000000002</c>
    <g>7.000000000000001</g>
    <t>3.0</t>
   </pm-column>
   <pm-column position='7' dic='-0.8782586683662796' kdic='0.5080356927536107'>
    <a>13.0</a>
    <c>9.0</c>
    <g>2.0</g>
    <t>1.0</t>
   </pm-column>
   <pm-column position='8' dic='-1.1207169451256913' kdic='0.26557741599419943'>
    <a>5.0</a>
    <c>8.0</c>
    <g>3.0</g>
    <t>9.0</t>
   </pm-column>
   <pm-column position='9' dic='-1.17812032613732' kdic='0.20817403498257042'>
    <a>5.0</a>
    <c>8.0</c>
    <g>6.0</g>
    <t>6.0</t>
   </pm-column>
   <pm-column position='10' dic='-1.0598198837056214' kdic='0.32647447741426916'>
    <a>11.0</a>
    <c>2.0</c>
    <g>5.0</g>
    <t>7.000000000000001</t>
   </pm-column>
   <pm-column position='11' dic='-0.9326977304940505' kdic='0.4535966306258401'>
    <a>8.0</a>
    <c>6.0</c>
    <g>11.0</g>
    <t>0.0</t>
   </pm-column>
   <pm-column position='12' dic='-1.0248011342114631' kdic='0.36149322690842767'>
    <a>4.0</a>
    <c>2.0</c>
    <g>12.0</g>
    <t>7.000000000000001</t>
   </pm-column>
   <pm-column position='13' dic='-0.7811487389306464' kdic='0.6051456221892443'>
    <a>17.0</a>
    <c>4.0</c>
    <g>3.0</g>
    <t>1.0</t>
   </pm-column>
   <pm-column position='14' dic='-0.5273232844951582' kdic='0.8589710766247326'>
    <a>2.0</a>
    <c>0.0</c>
    <g>20.0</g>
    <t>3.0</t>
   </pm-column>
   <pm-column position='15' dic='-0.12875503299472796' kdic='1.2575393281251623'>
    <a>1.0</a>
    <c>0.0</c>
    <g>24.0</g>
    <t>0.0</t>
   </pm-column>
   <pm-column position='16' dic='0.0' kdic='1.3862943611198906'>
    <a>0.0</a>
    <c>0.0</c>
    <g>25.0</g>
    <t>0.0</t>
   </pm-column>
   <pm-column position='17' dic='-0.7607157139777178' kdic='0.6255786471421726'>
    <a>2.0</a>
    <c>1.0</c>
    <g>17.0</g>
    <t>5.0</t>
   </pm-column>
  </WPCM>
  <PPM words-count='25.0' length='17' kdic='11.921496079384456' dic='-11.645508059653684'>
   <pm-column position='1' dic='-0.7623581865928318' kdic='0.6239361745270589'>
    <a>0.22</a>
    <c>0.02</c>
    <g>0.66</g>
    <t>0.1</t>
   </pm-column>
   <pm-column position='2' dic='-0.43521988077779894' kdic='0.9510744803420915'>
    <a>0.2</a>
    <c>0.0</c>
    <g>0.8</g>
    <t>0.0</t>
   </pm-column>
   <pm-column position='3' dic='-0.5999968506425639' kdic='0.7862975104773269'>
    <a>0.4</a>
    <c>0.0</c>
    <g>0.6</g>
    <t>0.0</t>
   </pm-column>
   <pm-column position='4' dic='0.0' kdic='1.3862943611198906'>
    <a>0.0</a>
    <c>0.0</c>
    <g>1.0</g>
    <t>0.0</t>
   </pm-column>
   <pm-column position='5' dic='-0.5557571548039345' kdic='0.8305372063159561'>
    <a>0.0</a>
    <c>0.32</c>
    <g>0.68</g>
    <t>0.0</t>
   </pm-column>
   <pm-column position='6' dic='-0.8998185283978785' kdic='0.48647583272201234'>
    <a>0.04</a>
    <c>0.56</c>
    <g>0.28</g>
    <t>0.12</t>
   </pm-column>
   <pm-column position='7' dic='-0.8782586683662796' kdic='0.5080356927536107'>
    <a>0.52</a>
    <c>0.36</c>
    <g>0.08</g>
    <t>0.04</t>
   </pm-column>
   <pm-column position='8' dic='-1.1207169451256913' kdic='0.26557741599419943'>
    <a>0.2</a>
    <c>0.32</c>
    <g>0.12</g>
    <t>0.36</t>
   </pm-column>
   <pm-column position='9' dic='-1.17812032613732' kdic='0.20817403498257042'>
    <a>0.2</a>
    <c>0.32</c>
    <g>0.24</g>
    <t>0.24</t>
   </pm-column>
   <pm-column position='10' dic='-1.0598198837056214' kdic='0.32647447741426916'>
    <a>0.44</a>
    <c>0.08</c>
    <g>0.2</g>
    <t>0.28</t>
   </pm-column>
   <pm-column position='11' dic='-0.9326977304940505' kdic='0.4535966306258401'>
    <a>0.32</a>
    <c>0.24</c>
    <g>0.44</g>
    <t>0.0</t>
   </pm-column>
   <pm-column position='12' dic='-1.0248011342114631' kdic='0.36149322690842767'>
    <a>0.16</a>
    <c>0.08</c>
    <g>0.48</g>
    <t>0.28</t>
   </pm-column>
   <pm-column position='13' dic='-0.7811487389306464' kdic='0.6051456221892443'>
    <a>0.68</a>
    <c>0.16</c>
    <g>0.12</g>
    <t>0.04</t>
   </pm-column>
   <pm-column position='14' dic='-0.5273232844951582' kdic='0.8589710766247326'>
    <a>0.08</a>
    <c>0.0</c>
    <g>0.8</g>
    <t>0.12</t>
   </pm-column>
   <pm-column position='15' dic='-0.12875503299472796' kdic='1.2575393281251623'>
    <a>0.04</a>
    <c>0.0</c>
    <g>0.96</g>
    <t>0.0</t>
   </pm-column>
   <pm-column position='16' dic='0.0' kdic='1.3862943611198906'>
    <a>0.0</a>
    <c>0.0</c>
    <g>1.0</g>
    <t>0.0</t>
   </pm-column>
   <pm-column position='17' dic='-0.7607157139777178' kdic='0.6255786471421726'>
    <a>0.08</a>
    <c>0.04</c>
    <g>0.68</g>
    <t>0.2</t>
   </pm-column>
  </PPM>
  <PWM length='17' words-count='25.0'>
   <pm-column position='1'>
    <a>-0.11239835472158012</a>
    <c>-1.6877090900366067</c>
    <g>0.8972824879463877</g>
    <t>-0.7583453146499745</t>
   </pm-column>
   <pm-column position='2'>
    <a>-0.19502554850799392</a>
    <c>-2.17095893363032</c>
    <g>1.0814830854730741</g>
    <t>-2.17095893363032</t>
   </pm-column>
   <pm-column position='3'>
    <a>0.4262862306925011</a>
    <c>-2.17095893363032</c>
    <g>0.8066118151579962</g>
    <t>-2.17095893363032</t>
   </pm-column>
   <pm-column position='4'>
    <a>-2.17095893363032</a>
    <c>-2.17095893363032</c>
    <g>1.2968606320846858</g>
    <t>-2.17095893363032</t>
   </pm-column>
   <pm-column position='5'>
    <a>-2.17095893363032</a>
    <c>0.22159107438335685</c>
    <g>0.9257667836649688</g>
    <t>-2.17095893363032</t>
   </pm-column>
   <pm-column position='6'>
    <a>-1.363291871662442</a>
    <c>0.7412492299442819</c>
    <g>0.10103179674953763</g>
    <t>-0.6174546215155439</t>
   </pm-column>
   <pm-column position='7'>
    <a>0.6713137386620137</a>
    <c>0.32916704752712717</c>
    <g>-0.9223934083045802</g>
    <t>-1.363291871662442</t>
   </pm-column>
   <pm-column position='8'>
    <a>-0.19502554850799392</a>
    <c>0.22159107438335685</c>
    <g>-0.6174546215155439</g>
    <t>0.32916704752712717</t>
   </pm-column>
   <pm-column position='9'>
    <a>-0.19502554850799392</a>
    <c>0.22159107438335685</c>
    <g>-0.03608041274763541</g>
    <t>-0.03608041274763541</t>
   </pm-column>
   <pm-column position='10'>
    <a>0.5148026146746429</a>
    <c>-0.9223934083045802</c>
    <g>-0.19502554850799392</g>
    <t>0.10103179674953763</t>
   </pm-column>
   <pm-column position='11'>
    <a>0.22159107438335685</a>
    <c>-0.03608041274763541</c>
    <g>0.5148026146746429</g>
    <t>-2.17095893363032</t>
   </pm-column>
   <pm-column position='12'>
    <a>-0.384098197547004</a>
    <c>-0.9223934083045802</c>
    <g>0.5961170230410265</g>
    <t>0.10103179674953763</t>
   </pm-column>
   <pm-column position='13'>
    <a>0.9257667836649688</a>
    <c>-0.384098197547004</c>
    <g>-0.6174546215155439</g>
    <t>-1.363291871662442</t>
   </pm-column>
   <pm-column position='14'>
    <a>-0.9223934083045802</a>
    <c>-2.17095893363032</c>
    <g>1.0814830854730741</g>
    <t>-0.6174546215155439</t>
   </pm-column>
   <pm-column position='15'>
    <a>-1.363291871662442</a>
    <c>-2.17095893363032</c>
    <g>1.2573371671650375</g>
    <t>-2.17095893363032</t>
   </pm-column>
   <pm-column position='16'>
    <a>-2.17095893363032</a>
    <c>-2.17095893363032</c>
    <g>1.2968606320846858</g>
    <t>-2.17095893363032</t>
   </pm-column>
   <pm-column position='17'>
    <a>-0.9223934083045802</a>
    <c>-1.363291871662442</c>
    <g>0.9257667836649688</g>
    <t>-0.19502554850799392</t>
   </pm-column>
  </PWM>
 </motif>
</smallbismark>