<?xml version='1.0' encoding='UTF-8'?>
<smallbismark>
 <motif name='PO6F1_HUMAN' id='PO6F1_f1' sample-size='19' sequence-count='14' coverage='0.7368421052631579' length='13'>
  <comment>HOCOMOCO v9; MAR2012; ChIPMunk v3.1</comment>
  <background>
   <a>0.25</a>
   <c>0.25</c>
   <g>0.25</g>
   <t>0.25</t>
  </background>
  <consensus>YGCATAAATTATn</consensus>
  <WPCM words-count='14.0' length='13' dic='-3.649001573425667' kdic='14.372825121132912'>
   <pm-column position='1' dic='-0.7989586355908997' kdic='0.5873357255289908'>
    <a>0.0</a>
    <c>4.999999999999998</c>
    <g>2.0000000000000018</g>
    <t>7.0</t>
   </pm-column>
   <pm-column position='2' dic='-0.3222042504612982' kdic='1.0640901106585925'>
    <a>2.0000000000000018</a>
    <c>0.0</c>
    <g>11.999999999999998</g>
    <t>0.0</t>
   </pm-column>
   <pm-column position='3' dic='0.0' kdic='1.3862943611198906'>
    <a>0.0</a>
    <c>14.0</c>
    <g>0.0</g>
    <t>0.0</t>
   </pm-column>
   <pm-column position='4' dic='0.0' kdic='1.3862943611198906'>
    <a>14.0</a>
    <c>0.0</c>
    <g>0.0</g>
    <t>0.0</t>
   </pm-column>
   <pm-column position='5' dic='-0.18850409497251722' kdic='1.197790266147374'>
    <a>0.9999999999999996</a>
    <c>0.0</c>
    <g>0.0</g>
    <t>13.000000000000007</t>
   </pm-column>
   <pm-column position='6' dic='0.0' kdic='1.3862943611198906'>
    <a>14.0</a>
    <c>0.0</c>
    <g>0.0</g>
    <t>0.0</t>
   </pm-column>
   <pm-column position='7' dic='-0.3222042504612982' kdic='1.0640901106585925'>
    <a>11.999999999999998</a>
    <c>0.0</c>
    <g>2.0000000000000018</g>
    <t>0.0</t>
   </pm-column>
   <pm-column position='8' dic='-0.54299299713394' kdic='0.8433013639859505'>
    <a>9.000000000000002</a>
    <c>0.0</c>
    <g>0.0</g>
    <t>4.999999999999998</t>
   </pm-column>
   <pm-column position='9' dic='0.0' kdic='1.3862943611198906'>
    <a>0.0</a>
    <c>0.0</c>
    <g>0.0</g>
    <t>14.0</t>
   </pm-column>
   <pm-column position='10' dic='-0.3222042504612982' kdic='1.0640901106585925'>
    <a>2.0000000000000018</a>
    <c>0.0</c>
    <g>0.0</g>
    <t>11.999999999999998</t>
   </pm-column>
   <pm-column position='11' dic='0.0' kdic='1.3862943611198906'>
    <a>14.0</a>
    <c>0.0</c>
    <g>0.0</g>
    <t>0.0</t>
   </pm-column>
   <pm-column position='12' dic='-0.18850409497251722' kdic='1.197790266147374'>
    <a>0.0</a>
    <c>0.0</c>
    <g>0.9999999999999996</g>
    <t>13.000000000000007</t>
   </pm-column>
   <pm-column position='13' dic='-0.9634289993718982' kdic='0.4228653617479923'>
    <a>2.0000000000000018</a>
    <c>2.999999999999996</c>
    <g>7.0</g>
    <t>2.0000000000000018</t>
   </pm-column>
  </WPCM>
  <PPM words-count='14.0' length='13' kdic='14.372825121132912' dic='-3.649001573425667'>
   <pm-column position='1' dic='-0.7989586355908997' kdic='0.5873357255289908'>
    <a>0.0</a>
    <c>0.357142857142857</c>
    <g>0.142857142857143</g>
    <t>0.5</t>
   </pm-column>
   <pm-column position='2' dic='-0.3222042504612982' kdic='1.0640901106585925'>
    <a>0.142857142857143</a>
    <c>0.0</c>
    <g>0.857142857142857</g>
    <t>0.0</t>
   </pm-column>
   <pm-column position='3' dic='0.0' kdic='1.3862943611198906'>
    <a>0.0</a>
    <c>1.0</c>
    <g>0.0</g>
    <t>0.0</t>
   </pm-column>
   <pm-column position='4' dic='0.0' kdic='1.3862943611198906'>
    <a>1.0</a>
    <c>0.0</c>
    <g>0.0</g>
    <t>0.0</t>
   </pm-column>
   <pm-column position='5' dic='-0.18850409497251722' kdic='1.197790266147374'>
    <a>0.0714285714285714</a>
    <c>0.0</c>
    <g>0.0</g>
    <t>0.928571428571429</t>
   </pm-column>
   <pm-column position='6' dic='0.0' kdic='1.3862943611198906'>
    <a>1.0</a>
    <c>0.0</c>
    <g>0.0</g>
    <t>0.0</t>
   </pm-column>
   <pm-column position='7' dic='-0.3222042504612982' kdic='1.0640901106585925'>
    <a>0.857142857142857</a>
    <c>0.0</c>
    <g>0.142857142857143</g>
    <t>0.0</t>
   </pm-column>
   <pm-column position='8' dic='-0.54299299713394' kdic='0.8433013639859505'>
    <a>0.642857142857143</a>
    <c>0.0</c>
    <g>0.0</g>
    <t>0.357142857142857</t>
   </pm-column>
   <pm-column position='9' dic='0.0' kdic='1.3862943611198906'>
    <a>0.0</a>
    <c>0.0</c>
    <g>0.0</g>
    <t>1.0</t>
   </pm-column>
   <pm-column position='10' dic='-0.3222042504612982' kdic='1.0640901106585925'>
    <a>0.142857142857143</a>
    <c>0.0</c>
    <g>0.0</g>
    <t>0.857142857142857</t>
   </pm-column>
   <pm-column position='11' dic='0.0' kdic='1.3862943611198906'>
    <a>1.0</a>
    <c>0.0</c>
    <g>0.0</g>
    <t>0.0</t>
   </pm-column>
   <pm-column position='12' dic='-0.18850409497251722' kdic='1.197790266147374'>
    <a>0.0</a>
    <c>0.0</c>
    <g>0.0714285714285714</g>
    <t>0.928571428571429</t>
   </pm-column>
   <pm-column position='13' dic='-0.9634289993718982' kdic='0.4228653617479923'>
    <a>0.142857142857143</a>
    <c>0.214285714285714</c>
    <g>0.5</g>
    <t>0.142857142857143</t>
   </pm-column>
  </PPM>
  <PWM length='13' words-count='14.0'>
   <pm-column position='1'>
    <a>-1.8413310016465092</a>
    <c>0.3079238321597628</c>
    <g>-0.4472208997759782</g>
    <t>0.6105227954705092</t>
   </pm-column>
   <pm-column position='2'>
    <a>-0.4472208997759782</a>
    <c>-1.8413310016465092</c>
    <g>1.112970379604803</g>
    <t>-1.8413310016465092</t>
   </pm-column>
   <pm-column position='3'>
    <a>-1.8413310016465092</a>
    <c>1.2596481989730453</c>
    <g>-1.8413310016465092</g>
    <t>-1.8413310016465092</t>
   </pm-column>
   <pm-column position='4'>
    <a>1.2596481989730453</a>
    <c>-1.8413310016465092</c>
    <g>-1.8413310016465092</g>
    <t>-1.8413310016465092</t>
   </pm-column>
   <pm-column position='5'>
    <a>-0.9187827979454405</a>
    <c>-1.8413310016465092</c>
    <g>-1.8413310016465092</g>
    <t>1.1889961798035862</t>
   </pm-column>
   <pm-column position='6'>
    <a>1.2596481989730453</a>
    <c>-1.8413310016465092</c>
    <g>-1.8413310016465092</g>
    <t>-1.8413310016465092</t>
   </pm-column>
   <pm-column position='7'>
    <a>1.112970379604803</a>
    <c>-1.8413310016465092</c>
    <g>-0.4472208997759782</g>
    <t>-1.8413310016465092</t>
   </pm-column>
   <pm-column position='8'>
    <a>0.8425108298913613</a>
    <c>-1.8413310016465092</c>
    <g>-1.8413310016465092</g>
    <t>0.3079238321597628</t>
   </pm-column>
   <pm-column position='9'>
    <a>-1.8413310016465092</a>
    <c>-1.8413310016465092</c>
    <g>-1.8413310016465092</g>
    <t>1.2596481989730453</t>
   </pm-column>
   <pm-column position='10'>
    <a>-0.4472208997759782</a>
    <c>-1.8413310016465092</c>
    <g>-1.8413310016465092</g>
    <t>1.112970379604803</t>
   </pm-column>
   <pm-column position='11'>
    <a>1.2596481989730453</a>
    <c>-1.8413310016465092</c>
    <g>-1.8413310016465092</g>
    <t>-1.8413310016465092</t>
   </pm-column>
   <pm-column position='12'>
    <a>-1.8413310016465092</a>
    <c>-1.8413310016465092</c>
    <g>-0.9187827979454405</g>
    <t>1.1889961798035862</t>
   </pm-column>
   <pm-column position='13'>
    <a>-0.4472208997759782</a>
    <c>-0.1280596665174407</c>
    <g>0.6105227954705092</g>
    <t>-0.4472208997759782</t>
   </pm-column>
  </PWM>
 </motif>
</smallbismark>