<?xml version='1.0' encoding='UTF-8'?>
<smallbismark>
 <motif name='PRRX1_HUMAN' id='PRRX1_f1' sample-size='5' sequence-count='4' coverage='0.8' length='7'>
  <comment>HOCOMOCO v9; MAR2012; ChIPMunk v3.1</comment>
  <background>
   <a>0.25</a>
   <c>0.25</c>
   <g>0.25</g>
   <t>0.25</t>
  </background>
  <consensus>CAGATTA</consensus>
  <WPCM words-count='4.0' length='7' dic='-1.3829449921352437' kdic='8.321115535703992'>
   <pm-column position='1' dic='-0.25917271131643593' kdic='1.1271216498034553'>
    <a>0.2432432432432432</a>
    <c>3.270270270270272</c>
    <g>0.2432432432432432</g>
    <t>0.2432432432432432</t>
   </pm-column>
   <pm-column position='2' dic='-0.33806045915660843' kdic='1.048233901963282'>
    <a>3.027027027027028</a>
    <c>0.0</c>
    <g>0.972972972972972</g>
    <t>0.0</t>
   </pm-column>
   <pm-column position='3' dic='-0.33806045915660843' kdic='1.048233901963282'>
    <a>0.0</a>
    <c>0.0</c>
    <g>3.027027027027028</g>
    <t>0.972972972972972</t>
   </pm-column>
   <pm-column position='4' dic='-0.4476513625055909' kdic='0.9386429986143011'>
    <a>2.054054054054056</a>
    <c>0.0</c>
    <g>1.945945945945948</g>
    <t>0.0</t>
   </pm-column>
   <pm-column position='5' dic='0.0' kdic='1.3862943611198906'>
    <a>0.0</a>
    <c>0.0</c>
    <g>0.0</g>
    <t>4.0</t>
   </pm-column>
   <pm-column position='6' dic='0.0' kdic='1.3862943611198906'>
    <a>0.0</a>
    <c>0.0</c>
    <g>0.0</g>
    <t>4.0</t>
   </pm-column>
   <pm-column position='7' dic='0.0' kdic='1.3862943611198906'>
    <a>4.0</a>
    <c>0.0</c>
    <g>0.0</g>
    <t>0.0</t>
   </pm-column>
  </WPCM>
  <PPM words-count='4.0' length='7' kdic='8.321115535703992' dic='-1.3829449921352437'>
   <pm-column position='1' dic='-0.25917271131643593' kdic='1.1271216498034553'>
    <a>0.0608108108108108</a>
    <c>0.817567567567568</c>
    <g>0.0608108108108108</g>
    <t>0.0608108108108108</t>
   </pm-column>
   <pm-column position='2' dic='-0.33806045915660843' kdic='1.048233901963282'>
    <a>0.756756756756757</a>
    <c>0.0</c>
    <g>0.243243243243243</g>
    <t>0.0</t>
   </pm-column>
   <pm-column position='3' dic='-0.33806045915660843' kdic='1.048233901963282'>
    <a>0.0</a>
    <c>0.0</c>
    <g>0.756756756756757</g>
    <t>0.243243243243243</t>
   </pm-column>
   <pm-column position='4' dic='-0.4476513625055909' kdic='0.9386429986143011'>
    <a>0.513513513513514</a>
    <c>0.0</c>
    <g>0.486486486486487</g>
    <t>0.0</t>
   </pm-column>
   <pm-column position='5' dic='0.0' kdic='1.3862943611198906'>
    <a>0.0</a>
    <c>0.0</c>
    <g>0.0</g>
    <t>1.0</t>
   </pm-column>
   <pm-column position='6' dic='0.0' kdic='1.3862943611198906'>
    <a>0.0</a>
    <c>0.0</c>
    <g>0.0</g>
    <t>1.0</t>
   </pm-column>
   <pm-column position='7' dic='0.0' kdic='1.3862943611198906'>
    <a>1.0</a>
    <c>0.0</c>
    <g>0.0</g>
    <t>0.0</t>
   </pm-column>
  </PPM>
  <PWM length='7' words-count='4.0'>
   <pm-column position='1'>
    <a>-0.8255065267256156</a>
    <c>0.988038499031149</c>
    <g>-0.8255065267256156</g>
    <t>-0.8255065267256156</t>
   </pm-column>
   <pm-column position='2'>
    <a>0.9184173216442917</a>
    <c>-1.3572233859291958</c>
    <g>-0.020275119890468093</g>
    <t>-1.3572233859291958</t>
   </pm-column>
   <pm-column position='3'>
    <a>-1.3572233859291958</a>
    <c>-1.3572233859291958</c>
    <g>0.9184173216442917</g>
    <t>-0.020275119890468093</t>
   </pm-column>
   <pm-column position='4'>
    <a>0.5781669368488308</a>
    <c>-1.3572233859291958</c>
    <g>0.5320881621243335</g>
    <t>-1.3572233859291958</t>
   </pm-column>
   <pm-column position='5'>
    <a>-1.3572233859291958</a>
    <c>-1.3572233859291958</c>
    <g>-1.3572233859291958</g>
    <t>1.171824569534396</t>
   </pm-column>
   <pm-column position='6'>
    <a>-1.3572233859291958</a>
    <c>-1.3572233859291958</c>
    <g>-1.3572233859291958</g>
    <t>1.171824569534396</t>
   </pm-column>
   <pm-column position='7'>
    <a>1.171824569534396</a>
    <c>-1.3572233859291958</c>
    <g>-1.3572233859291958</g>
    <t>-1.3572233859291958</t>
   </pm-column>
  </PWM>
 </motif>
</smallbismark>