<?xml version='1.0' encoding='UTF-8'?>
<smallbismark>
 <motif id='SOX13_f1' name='SOX13_HUMAN' sample-size='5' sequence-count='5' coverage='1.0' length='8'>
  <comment>HOCOMOCO v9; MAR2012; ChIPMunk v3.1</comment>
  <background>
   <a>0.25</a>
   <c>0.25</c>
   <g>0.25</g>
   <t>0.25</t>
  </background>
  <consensus>nMACAATn</consensus>
  <WPCM words-count='5.0' length='8' dic='-2.7752184927769195' kdic='8.31513639618221'>
   <pm-column position='1' dic='-0.7818477140560882' kdic='0.6044466470638039'>
    <a>1.517857142857145</a>
    <c>0.80357142857143</c>
    <g>1.875</g>
    <t>0.80357142857143</t>
   </pm-column>
   <pm-column position='2' dic='-0.5376710420171976' kdic='0.848623319102693'>
    <a>3.2142857142857153</a>
    <c>1.07142857142857</c>
    <g>0.714285714285715</g>
    <t>0.0</t>
   </pm-column>
   <pm-column position='3' dic='0.0' kdic='1.3862943611198906'>
    <a>5.0</a>
    <c>0.0</c>
    <g>0.0</g>
    <t>0.0</t>
   </pm-column>
   <pm-column position='4' dic='-0.3369260113237728' kdic='1.049368349796118'>
    <a>0.0</a>
    <c>3.92857142857143</c>
    <g>0.0</g>
    <t>1.07142857142857</t>
   </pm-column>
   <pm-column position='5' dic='0.0' kdic='1.3862943611198906'>
    <a>5.0</a>
    <c>0.0</c>
    <g>0.0</g>
    <t>0.0</t>
   </pm-column>
   <pm-column position='6' dic='0.0' kdic='1.3862943611198906'>
    <a>5.0</a>
    <c>0.0</c>
    <g>0.0</g>
    <t>0.0</t>
   </pm-column>
   <pm-column position='7' dic='-0.3369260113237728' kdic='1.049368349796118'>
    <a>1.07142857142857</a>
    <c>0.0</c>
    <g>0.0</g>
    <t>3.92857142857143</t>
   </pm-column>
   <pm-column position='8' dic='-0.7818477140560882' kdic='0.6044466470638039'>
    <a>1.517857142857145</a>
    <c>0.80357142857143</c>
    <g>1.875</g>
    <t>0.80357142857143</t>
   </pm-column>
  </WPCM>
  <PPM length='8' words-count='5.0' kdic='8.31513639618221' dic='-2.7752184927769195'>
   <pm-column position='1' dic='-0.7818477140560882' kdic='0.6044466470638039'>
    <a>0.303571428571429</a>
    <c>0.160714285714286</c>
    <g>0.375</g>
    <t>0.160714285714286</t>
   </pm-column>
   <pm-column position='2' dic='-0.5376710420171976' kdic='0.848623319102693'>
    <a>0.642857142857143</a>
    <c>0.214285714285714</c>
    <g>0.142857142857143</g>
    <t>0.0</t>
   </pm-column>
   <pm-column position='3' dic='0.0' kdic='1.3862943611198906'>
    <a>1.0</a>
    <c>0.0</c>
    <g>0.0</g>
    <t>0.0</t>
   </pm-column>
   <pm-column position='4' dic='-0.3369260113237728' kdic='1.049368349796118'>
    <a>0.0</a>
    <c>0.785714285714286</c>
    <g>0.0</g>
    <t>0.214285714285714</t>
   </pm-column>
   <pm-column position='5' dic='0.0' kdic='1.3862943611198906'>
    <a>1.0</a>
    <c>0.0</c>
    <g>0.0</g>
    <t>0.0</t>
   </pm-column>
   <pm-column position='6' dic='0.0' kdic='1.3862943611198906'>
    <a>1.0</a>
    <c>0.0</c>
    <g>0.0</g>
    <t>0.0</t>
   </pm-column>
   <pm-column position='7' dic='-0.3369260113237728' kdic='1.049368349796118'>
    <a>0.214285714285714</a>
    <c>0.0</c>
    <g>0.0</g>
    <t>0.785714285714286</t>
   </pm-column>
   <pm-column position='8' dic='-0.7818477140560882' kdic='0.6044466470638039'>
    <a>0.303571428571429</a>
    <c>0.160714285714286</c>
    <g>0.375</g>
    <t>0.160714285714286</t>
   </pm-column>
  </PPM>
  <PWM length='8' words-count='5.0'>
   <pm-column position='1'>
    <a>0.15023374990766103</a>
    <c>-0.314952447833935</c>
    <g>0.32081239499876507</g>
    <t>-0.314952447833935</t>
   </pm-column>
   <pm-column position='2'>
    <a>0.7833426005263197</a>
    <c>-0.1143682624752593</c>
    <g>-0.3918754268953377</g>
    <t>-1.4126136189803458</t>
   </pm-column>
   <pm-column position='3'>
    <a>1.1846315453424756</a>
    <c>-1.4126136189803458</c>
    <g>-1.4126136189803458</g>
    <t>-1.4126136189803458</t>
   </pm-column>
   <pm-column position='4'>
    <a>-1.4126136189803458</a>
    <c>0.9635782557151664</c>
    <g>-1.4126136189803458</g>
    <t>-0.1143682624752593</t>
   </pm-column>
   <pm-column position='5'>
    <a>1.1846315453424756</a>
    <c>-1.4126136189803458</c>
    <g>-1.4126136189803458</g>
    <t>-1.4126136189803458</t>
   </pm-column>
   <pm-column position='6'>
    <a>1.1846315453424756</a>
    <c>-1.4126136189803458</c>
    <g>-1.4126136189803458</g>
    <t>-1.4126136189803458</t>
   </pm-column>
   <pm-column position='7'>
    <a>-0.1143682624752593</a>
    <c>-1.4126136189803458</c>
    <g>-1.4126136189803458</g>
    <t>0.9635782557151664</t>
   </pm-column>
   <pm-column position='8'>
    <a>0.15023374990766103</a>
    <c>-0.314952447833935</c>
    <g>0.32081239499876507</g>
    <t>-0.314952447833935</t>
   </pm-column>
  </PWM>
 </motif>
</smallbismark>