<?xml version='1.0' encoding='UTF-8'?>
<smallbismark>
 <motif name='TFAP4_HUMAN' id='TFAP4_si' sample-size='20' sequence-count='14' coverage='0.7' length='11'>
  <comment>HOCOMOCO v9; MAR2012; ChIPMunk v3.1</comment>
  <background>
   <a>0.25</a>
   <c>0.25</c>
   <g>0.25</g>
   <t>0.25</t>
  </background>
  <consensus>vYCAGCTGYvG</consensus>
  <WPCM words-count='14.2148760330579' length='11' dic='-4.079010204745515' kdic='11.170227767573282'>
   <pm-column position='1' dic='-0.9387316393122744' kdic='0.44756272180761636'>
    <a>4.21487603305787</a>
    <c>2.314049586776873</c>
    <g>6.694214876033073</g>
    <t>0.9917355371900858</t>
   </pm-column>
   <pm-column position='2' dic='-0.8415292451639759' kdic='0.5447651159559145'>
    <a>2.975206611570253</a>
    <c>6.942148760330605</c>
    <g>0.0</g>
    <t>4.297520661157042</t>
   </pm-column>
   <pm-column position='3' dic='0.0' kdic='1.3862943611198904'>
    <a>0.0</a>
    <c>14.2148760330579</c>
    <g>0.0</g>
    <t>0.0</t>
   </pm-column>
   <pm-column position='4' dic='0.0' kdic='1.3862943611198904'>
    <a>14.2148760330579</a>
    <c>0.0</c>
    <g>0.0</g>
    <t>0.0</t>
   </pm-column>
   <pm-column position='5' dic='0.0' kdic='1.3862943611198904'>
    <a>0.0</a>
    <c>0.0</c>
    <g>14.2148760330579</g>
    <t>0.0</t>
   </pm-column>
   <pm-column position='6' dic='0.0' kdic='1.3862943611198904'>
    <a>0.0</a>
    <c>14.2148760330579</c>
    <g>0.0</g>
    <t>0.0</t>
   </pm-column>
   <pm-column position='7' dic='-0.23403683634712438' kdic='1.1522575247727669'>
    <a>0.0</a>
    <c>0.0</c>
    <g>1.3223140495867816</g>
    <t>12.892561983471126</t>
   </pm-column>
   <pm-column position='8' dic='0.0' kdic='1.3862943611198904'>
    <a>0.0</a>
    <c>0.0</c>
    <g>14.2148760330579</g>
    <t>0.0</t>
   </pm-column>
   <pm-column position='9' dic='-0.7312192190888819' kdic='0.6550751420310073'>
    <a>0.0</a>
    <c>7.4380165289256395</c>
    <g>1.1570247933884337</g>
    <t>5.619834710743816</t>
   </pm-column>
   <pm-column position='10' dic='-0.9629513557166585' kdic='0.42334300540323194'>
    <a>2.975206611570253</a>
    <c>2.479338842975218</c>
    <g>7.10743801652895</g>
    <t>1.6528925619834787</t>
   </pm-column>
   <pm-column position='11' dic='-0.3705419091166004' kdic='1.0157524520032901'>
    <a>0.0</a>
    <c>2.479338842975218</c>
    <g>11.735537190082681</g>
    <t>0.0</t>
   </pm-column>
  </WPCM>
  <PPM words-count='14.2148760330579' length='11' kdic='11.170227767573282' dic='-4.079010204745515'>
   <pm-column position='1' dic='-0.9387316393122744' kdic='0.44756272180761636'>
    <a>0.296511627906977</a>
    <c>0.162790697674419</c>
    <g>0.470930232558139</g>
    <t>0.0697674418604651</t>
   </pm-column>
   <pm-column position='2' dic='-0.8415292451639759' kdic='0.5447651159559145'>
    <a>0.209302325581395</a>
    <c>0.488372093023256</c>
    <g>0.0</g>
    <t>0.302325581395349</t>
   </pm-column>
   <pm-column position='3' dic='0.0' kdic='1.3862943611198904'>
    <a>0.0</a>
    <c>1.0</c>
    <g>0.0</g>
    <t>0.0</t>
   </pm-column>
   <pm-column position='4' dic='0.0' kdic='1.3862943611198904'>
    <a>1.0</a>
    <c>0.0</c>
    <g>0.0</g>
    <t>0.0</t>
   </pm-column>
   <pm-column position='5' dic='0.0' kdic='1.3862943611198904'>
    <a>0.0</a>
    <c>0.0</c>
    <g>1.0</g>
    <t>0.0</t>
   </pm-column>
   <pm-column position='6' dic='0.0' kdic='1.3862943611198904'>
    <a>0.0</a>
    <c>1.0</c>
    <g>0.0</g>
    <t>0.0</t>
   </pm-column>
   <pm-column position='7' dic='-0.23403683634712438' kdic='1.1522575247727669'>
    <a>0.0</a>
    <c>0.0</c>
    <g>0.0930232558139535</g>
    <t>0.906976744186047</t>
   </pm-column>
   <pm-column position='8' dic='0.0' kdic='1.3862943611198904'>
    <a>0.0</a>
    <c>0.0</c>
    <g>1.0</g>
    <t>0.0</t>
   </pm-column>
   <pm-column position='9' dic='-0.7312192190888819' kdic='0.6550751420310073'>
    <a>0.0</a>
    <c>0.523255813953488</c>
    <g>0.0813953488372093</g>
    <t>0.395348837209302</t>
   </pm-column>
   <pm-column position='10' dic='-0.9629513557166585' kdic='0.42334300540323194'>
    <a>0.209302325581395</a>
    <c>0.174418604651163</c>
    <g>0.5</g>
    <t>0.116279069767442</t>
   </pm-column>
   <pm-column position='11' dic='-0.3705419091166004' kdic='1.0157524520032901'>
    <a>0.0</a>
    <c>0.174418604651163</c>
    <g>0.825581395348837</g>
    <t>0.0</t>
   </pm-column>
  </PPM>
  <PWM length='11' words-count='14.2148760330579'>
   <pm-column position='1'>
    <a>0.1456341542969544</a>
    <c>-0.34806809886539636</c>
    <g>0.556566184670816</g>
    <t>-0.9352060721333795</t>
   </pm-column>
   <pm-column position='2'>
    <a>-0.14754489202462823</a>
    <c>0.589707687959297</c>
    <g>-1.8493105712395772</g>
    <t>0.16243302121493727</t>
   </pm-column>
   <pm-column position='3'>
    <a>-1.8493105712395772</a>
    <c>1.260720700860566</c>
    <g>-1.8493105712395772</g>
    <t>-1.8493105712395772</t>
   </pm-column>
   <pm-column position='4'>
    <a>1.260720700860566</a>
    <c>-1.8493105712395772</c>
    <g>-1.8493105712395772</g>
    <t>-1.8493105712395772</t>
   </pm-column>
   <pm-column position='5'>
    <a>-1.8493105712395772</a>
    <c>-1.8493105712395772</c>
    <g>1.260720700860566</g>
    <t>-1.8493105712395772</t>
   </pm-column>
   <pm-column position='6'>
    <a>-1.8493105712395772</a>
    <c>1.260720700860566</c>
    <g>-1.8493105712395772</g>
    <t>-1.8493105712395772</t>
   </pm-column>
   <pm-column position='7'>
    <a>-1.8493105712395772</a>
    <c>-1.8493105712395772</c>
    <g>-0.7531277253922948</g>
    <t>1.1676461148259134</t>
   </pm-column>
   <pm-column position='8'>
    <a>-1.8493105712395772</a>
    <c>-1.8493105712395772</c>
    <g>1.260720700860566</g>
    <t>-1.8493105712395772</t>
   </pm-column>
   <pm-column position='9'>
    <a>-1.8493105712395772</a>
    <c>0.6528671472769675</c>
    <g>-0.8400285450250541</g>
    <t>0.39871930254992294</t>
   </pm-column>
   <pm-column position='10'>
    <a>-0.14754489202462823</a>
    <c>-0.2940435694327247</c>
    <g>0.611207136677803</g>
    <t>-0.5991508032534806</t>
   </pm-column>
   <pm-column position='11'>
    <a>-1.8493105712395772</a>
    <c>-0.2940435694327247</c>
    <g>1.0784316097109654</g>
    <t>-1.8493105712395772</t>
   </pm-column>
  </PWM>
 </motif>
</smallbismark>