<?xml version='1.0' encoding='UTF-8'?>
<smallbismark>
 <motif name='ZEP1_HUMAN' id='ZEP1_f1' sample-size='11' sequence-count='10' coverage='0.9090909090909091' length='12'>
  <comment>HOCOMOCO v9; MAR2012; ChIPMunk v3.1</comment>
  <background>
   <a>0.25</a>
   <c>0.25</c>
   <g>0.25</g>
   <t>0.25</t>
  </background>
  <consensus>KGGGAAATCCCn</consensus>
  <WPCM words-count='10.0' length='12' dic='-4.532076408488993' kdic='12.103455924949696'>
   <pm-column position='1' dic='-0.7497531503275495' kdic='0.6365412107923415'>
    <a>0.5985915492957751</a>
    <c>1.30281690140845</c>
    <g>2.00704225352113</g>
    <t>6.09154929577465</t>
   </pm-column>
   <pm-column position='2' dic='0.0' kdic='1.3862943611198906'>
    <a>0.0</a>
    <c>0.0</c>
    <g>10.0</g>
    <t>0.0</t>
   </pm-column>
   <pm-column position='3' dic='-0.4519193955785747' kdic='0.9343749655413159'>
    <a>2.67605633802817</a>
    <c>0.0</c>
    <g>7.32394366197183</g>
    <t>0.0</t>
   </pm-column>
   <pm-column position='4' dic='-0.4641368529194951' kdic='0.9221575082003953'>
    <a>2.8169014084507</a>
    <c>0.0</c>
    <g>7.1830985915492995</g>
    <t>0.0</t>
   </pm-column>
   <pm-column position='5' dic='-0.4641368529194951' kdic='0.9221575082003952'>
    <a>7.1830985915492995</a>
    <c>0.0</c>
    <g>2.8169014084507</g>
    <t>0.0</t>
   </pm-column>
   <pm-column position='6' dic='0.0' kdic='1.3862943611198906'>
    <a>10.0</a>
    <c>0.0</c>
    <g>0.0</g>
    <t>0.0</t>
   </pm-column>
   <pm-column position='7' dic='-0.4641368529194951' kdic='0.9221575082003952'>
    <a>7.1830985915492995</a>
    <c>0.0</c>
    <g>2.8169014084507</g>
    <t>0.0</t>
   </pm-column>
   <pm-column position='8' dic='-0.27663274882993677' kdic='1.1096616122899539'>
    <a>1.2676056338028199</a>
    <c>0.0</c>
    <g>0.0</g>
    <t>8.73239436619718</t>
   </pm-column>
   <pm-column position='9' dic='-0.4304425479677791' kdic='0.9558518131521122'>
    <a>0.0</a>
    <c>8.02816901408451</c>
    <g>1.2676056338028199</g>
    <t>0.704225352112676</t>
   </pm-column>
   <pm-column position='10' dic='0.0' kdic='1.3862943611198906'>
    <a>0.0</a>
    <c>10.0</c>
    <g>0.0</g>
    <t>0.0</t>
   </pm-column>
   <pm-column position='11' dic='-0.29910190476007054' kdic='1.0871924563598199'>
    <a>0.0</a>
    <c>8.59154929577465</c>
    <g>0.0</g>
    <t>1.40845070422535</t>
   </pm-column>
   <pm-column position='12' dic='-0.9318161022665972' kdic='0.4544782588532952'>
    <a>0.950704225352113</a>
    <c>4.33098591549296</c>
    <g>2.35915492957747</g>
    <t>2.35915492957747</t>
   </pm-column>
  </WPCM>
  <PPM words-count='10.0' length='12' kdic='12.103455924949696' dic='-4.532076408488993'>
   <pm-column position='1' dic='-0.7497531503275495' kdic='0.6365412107923415'>
    <a>0.0598591549295775</a>
    <c>0.130281690140845</c>
    <g>0.200704225352113</g>
    <t>0.609154929577465</t>
   </pm-column>
   <pm-column position='2' dic='0.0' kdic='1.3862943611198906'>
    <a>0.0</a>
    <c>0.0</c>
    <g>1.0</g>
    <t>0.0</t>
   </pm-column>
   <pm-column position='3' dic='-0.4519193955785747' kdic='0.9343749655413159'>
    <a>0.267605633802817</a>
    <c>0.0</c>
    <g>0.732394366197183</g>
    <t>0.0</t>
   </pm-column>
   <pm-column position='4' dic='-0.4641368529194951' kdic='0.9221575082003953'>
    <a>0.28169014084507</a>
    <c>0.0</c>
    <g>0.71830985915493</g>
    <t>0.0</t>
   </pm-column>
   <pm-column position='5' dic='-0.4641368529194951' kdic='0.9221575082003952'>
    <a>0.71830985915493</a>
    <c>0.0</c>
    <g>0.28169014084507</g>
    <t>0.0</t>
   </pm-column>
   <pm-column position='6' dic='0.0' kdic='1.3862943611198906'>
    <a>1.0</a>
    <c>0.0</c>
    <g>0.0</g>
    <t>0.0</t>
   </pm-column>
   <pm-column position='7' dic='-0.4641368529194951' kdic='0.9221575082003952'>
    <a>0.71830985915493</a>
    <c>0.0</c>
    <g>0.28169014084507</g>
    <t>0.0</t>
   </pm-column>
   <pm-column position='8' dic='-0.27663274882993677' kdic='1.1096616122899539'>
    <a>0.126760563380282</a>
    <c>0.0</c>
    <g>0.0</g>
    <t>0.873239436619718</t>
   </pm-column>
   <pm-column position='9' dic='-0.4304425479677791' kdic='0.9558518131521122'>
    <a>0.0</a>
    <c>0.802816901408451</c>
    <g>0.126760563380282</g>
    <t>0.0704225352112676</t>
   </pm-column>
   <pm-column position='10' dic='0.0' kdic='1.3862943611198906'>
    <a>0.0</a>
    <c>1.0</c>
    <g>0.0</g>
    <t>0.0</t>
   </pm-column>
   <pm-column position='11' dic='-0.29910190476007054' kdic='1.0871924563598199'>
    <a>0.0</a>
    <c>0.859154929577465</c>
    <g>0.0</g>
    <t>0.140845070422535</t>
   </pm-column>
   <pm-column position='12' dic='-0.9318161022665972' kdic='0.4544782588532952'>
    <a>0.0950704225352113</a>
    <c>0.433098591549296</c>
    <g>0.235915492957747</g>
    <t>0.235915492957747</t>
   </pm-column>
  </PPM>
  <PWM length='12' words-count='10.0'>
   <pm-column position='1'>
    <a>-0.9628957738782581</a>
    <c>-0.49306106708779734</c>
    <g>-0.17468412833748106</g>
    <t>0.7736842677545286</t>
   </pm-column>
   <pm-column position='2'>
    <a>-1.675776965209879</a>
    <c>-1.675776965209879</c>
    <g>1.2350387870366069</g>
    <t>-1.675776965209879</t>
   </pm-column>
   <pm-column position='3'>
    <a>0.05566369021910156</a>
    <c>-1.675776965209879</c>
    <g>0.943295801853686</g>
    <t>-1.675776965209879</t>
   </pm-column>
   <pm-column position='4'>
    <a>0.0980661183231007</a>
    <c>-1.675776965209879</c>
    <g>0.9253055275480887</g>
    <t>-1.675776965209879</t>
   </pm-column>
   <pm-column position='5'>
    <a>0.9253055275480887</a>
    <c>-1.675776965209879</c>
    <g>0.0980661183231007</g>
    <t>-1.675776965209879</t>
   </pm-column>
   <pm-column position='6'>
    <a>1.2350387870366069</a>
    <c>-1.675776965209879</c>
    <g>-1.675776965209879</g>
    <t>-1.675776965209879</t>
   </pm-column>
   <pm-column position='7'>
    <a>0.9253055275480887</a>
    <c>-1.675776965209879</c>
    <g>0.0980661183231007</g>
    <t>-1.675776965209879</t>
   </pm-column>
   <pm-column position='8'>
    <a>-0.511983696837358</a>
    <c>-1.675776965209879</c>
    <g>-1.675776965209879</g>
    <t>1.1073635621696745</t>
   </pm-column>
   <pm-column position='9'>
    <a>-1.675776965209879</a>
    <c>1.028690693605227</c>
    <g>-0.511983696837358</g>
    <t>-0.8767552691226386</t>
   </pm-column>
   <pm-column position='10'>
    <a>-1.675776965209879</a>
    <c>1.2350387870366069</c>
    <g>-1.675776965209879</g>
    <t>-1.675776965209879</t>
   </pm-column>
   <pm-column position='11'>
    <a>-1.675776965209879</a>
    <c>1.0921163634408708</c>
    <g>-1.675776965209879</g>
    <t>-0.4383511618947088</t>
   </pm-column>
   <pm-column position='12'>
    <a>-0.7006354583139931</a>
    <c>0.46707274851892966</c>
    <g>-0.04687533163093916</g>
    <t>-0.04687533163093916</t>
   </pm-column>
  </PWM>
 </motif>
</smallbismark>