<?xml version='1.0' encoding='UTF-8'?>
<smallbismark>
 <motif name='ZFHX3_HUMAN' id='ZFHX3_f1' sample-size='7' sequence-count='7' coverage='1.0' length='11'>
  <comment>HOCOMOCO v9; MAR2012; ChIPMunk v3.1</comment>
  <background>
   <a>0.25</a>
   <c>0.25</c>
   <g>0.25</g>
   <t>0.25</t>
  </background>
  <consensus>RTTAATWATTW</consensus>
  <WPCM words-count='7.0' length='11' dic='-3.3033345275814225' kdic='11.94590344473737'>
   <pm-column position='1' dic='-0.6319705466737435' kdic='0.7543238144461458'>
    <a>4.161111111111108</a>
    <c>0.4277777777777777</c>
    <g>1.983333333333331</g>
    <t>0.4277777777777777</t>
   </pm-column>
   <pm-column position='2' dic='0.0' kdic='1.3862943611198906'>
    <a>0.0</a>
    <c>0.0</c>
    <g>0.0</g>
    <t>7.0</t>
   </pm-column>
   <pm-column position='3' dic='-0.4624790420524925' kdic='0.923815319067398'>
    <a>0.777777777777777</a>
    <c>0.0</c>
    <g>0.933333333333331</g>
    <t>5.288888888888891</t>
   </pm-column>
   <pm-column position='4' dic='-0.26010254352176293' kdic='1.1261918175981263'>
    <a>6.066666666666662</a>
    <c>0.0</c>
    <g>0.933333333333331</g>
    <t>0.0</t>
   </pm-column>
   <pm-column position='5' dic='-0.5114306258973078' kdic='0.8748637352225829'>
    <a>3.888888888888892</a>
    <c>0.0</c>
    <g>0.0</g>
    <t>3.111111111111108</t>
   </pm-column>
   <pm-column position='6' dic='0.0' kdic='1.3862943611198906'>
    <a>0.0</a>
    <c>0.0</c>
    <g>0.0</g>
    <t>7.0</t>
   </pm-column>
   <pm-column position='7' dic='-0.5673708716068491' kdic='0.8189234895130414'>
    <a>4.666666666666669</a>
    <c>0.777777777777777</c>
    <g>0.0</g>
    <t>1.555555555555554</t>
   </pm-column>
   <pm-column position='8' dic='0.0' kdic='1.3862943611198906'>
    <a>7.0</a>
    <c>0.0</c>
    <g>0.0</g>
    <t>0.0</t>
   </pm-column>
   <pm-column position='9' dic='-0.35223171177815527' kdic='1.0340626493417353'>
    <a>0.0</a>
    <c>1.4000000000000001</c>
    <g>0.0</g>
    <t>5.6000000000000005</t>
   </pm-column>
   <pm-column position='10' dic='0.0' kdic='1.3862943611198906'>
    <a>0.0</a>
    <c>0.0</c>
    <g>0.0</g>
    <t>7.0</t>
   </pm-column>
   <pm-column position='11' dic='-0.5177491860511116' kdic='0.8685451750687783'>
    <a>4.705555555555554</a>
    <c>0.19444444444444461</c>
    <g>0.19444444444444461</g>
    <t>1.905555555555554</t>
   </pm-column>
  </WPCM>
  <PPM words-count='7.0' length='11' kdic='11.94590344473737' dic='-3.3033345275814225'>
   <pm-column position='1' dic='-0.6319705466737435' kdic='0.7543238144461458'>
    <a>0.594444444444444</a>
    <c>0.0611111111111111</c>
    <g>0.283333333333333</g>
    <t>0.0611111111111111</t>
   </pm-column>
   <pm-column position='2' dic='0.0' kdic='1.3862943611198906'>
    <a>0.0</a>
    <c>0.0</c>
    <g>0.0</g>
    <t>1.0</t>
   </pm-column>
   <pm-column position='3' dic='-0.4624790420524925' kdic='0.923815319067398'>
    <a>0.111111111111111</a>
    <c>0.0</c>
    <g>0.133333333333333</g>
    <t>0.755555555555556</t>
   </pm-column>
   <pm-column position='4' dic='-0.26010254352176293' kdic='1.1261918175981263'>
    <a>0.866666666666666</a>
    <c>0.0</c>
    <g>0.133333333333333</g>
    <t>0.0</t>
   </pm-column>
   <pm-column position='5' dic='-0.5114306258973078' kdic='0.8748637352225829'>
    <a>0.555555555555556</a>
    <c>0.0</c>
    <g>0.0</g>
    <t>0.444444444444444</t>
   </pm-column>
   <pm-column position='6' dic='0.0' kdic='1.3862943611198906'>
    <a>0.0</a>
    <c>0.0</c>
    <g>0.0</g>
    <t>1.0</t>
   </pm-column>
   <pm-column position='7' dic='-0.5673708716068491' kdic='0.8189234895130414'>
    <a>0.666666666666667</a>
    <c>0.111111111111111</c>
    <g>0.0</g>
    <t>0.222222222222222</t>
   </pm-column>
   <pm-column position='8' dic='0.0' kdic='1.3862943611198906'>
    <a>1.0</a>
    <c>0.0</c>
    <g>0.0</g>
    <t>0.0</t>
   </pm-column>
   <pm-column position='9' dic='-0.35223171177815527' kdic='1.0340626493417353'>
    <a>0.0</a>
    <c>0.2</c>
    <g>0.0</g>
    <t>0.8</t>
   </pm-column>
   <pm-column position='10' dic='0.0' kdic='1.3862943611198906'>
    <a>0.0</a>
    <c>0.0</c>
    <g>0.0</g>
    <t>1.0</t>
   </pm-column>
   <pm-column position='11' dic='-0.5177491860511116' kdic='0.8685451750687783'>
    <a>0.672222222222222</a>
    <c>0.0277777777777778</c>
    <g>0.0277777777777778</g>
    <t>0.272222222222222</t>
   </pm-column>
  </PPM>
  <PWM length='11' words-count='7.0'>
   <pm-column position='1'>
    <a>0.73144641471344</a>
    <c>-0.8945475085555226</c>
    <g>0.09923947695994356</g>
    <t>-0.8945475085555226</t>
   </pm-column>
   <pm-column position='2'>
    <a>-1.5254666506814403</a>
    <c>-1.5254666506814403</c>
    <g>-1.5254666506814403</g>
    <t>1.2081962980190417</t>
   </pm-column>
   <pm-column position='3'>
    <a>-0.5704188350642372</a>
    <c>-1.5254666506814403</c>
    <g>-0.4543784271175053</g>
    <t>0.9486996046711941</t>
   </pm-column>
   <pm-column position='4'>
    <a>1.0750428654636734</a>
    <c>-1.5254666506814403</c>
    <g>-0.4543784271175053</g>
    <t>-1.5254666506814403</t>
   </pm-column>
   <pm-column position='5'>
    <a>0.6710881707117284</a>
    <c>-1.5254666506814403</c>
    <g>-1.5254666506814403</g>
    <t>0.4753617009968171</t>
   </pm-column>
   <pm-column position='6'>
    <a>-1.5254666506814403</a>
    <c>-1.5254666506814403</c>
    <g>-1.5254666506814403</g>
    <t>1.2081962980190417</t>
   </pm-column>
   <pm-column position='7'>
    <a>0.8347049532762786</a>
    <c>-0.5704188350642372</c>
    <g>-1.5254666506814403</g>
    <t>-0.09095617444669944</t>
   </pm-column>
   <pm-column position='8'>
    <a>1.2081962980190417</a>
    <c>-1.5254666506814403</c>
    <g>-1.5254666506814403</g>
    <t>-1.5254666506814403</t>
   </pm-column>
   <pm-column position='9'>
    <a>-1.5254666506814403</a>
    <c>-0.17019074688425867</c>
    <g>-1.5254666506814403</g>
    <t>1.0011674131374273</t>
   </pm-column>
   <pm-column position='10'>
    <a>-1.5254666506814403</a>
    <c>-1.5254666506814403</c>
    <g>-1.5254666506814403</g>
    <t>1.2081962980190417</t>
   </pm-column>
   <pm-column position='11'>
    <a>0.8422232530512385</a>
    <c>-1.1892096438404742</c>
    <g>-1.1892096438404742</g>
    <t>0.06724157064357099</t>
   </pm-column>
  </PWM>
 </motif>
</smallbismark>