<?xml version='1.0' encoding='UTF-8'?>
<smallbismark>
 <motif name='ZN238_HUMAN' id='ZN238_f1' sample-size='22' sequence-count='18' coverage='0.8181818181818182' length='14'>
  <comment>HOCOMOCO v9; MAR2012; ChIPMunk v3.1</comment>
  <background>
   <a>0.25</a>
   <c>0.25</c>
   <g>0.25</g>
   <t>0.25</t>
  </background>
  <consensus>KCCAGATGTTbvSn</consensus>
  <WPCM words-count='18.0' length='14' dic='-5.958292966052393' kdic='13.449828089626072'>
   <pm-column position='1' dic='-0.7039165528436884' kdic='0.6823778082762032'>
    <a>0.7500000000000006</a>
    <c>0.7500000000000006</c>
    <g>4.750000000000002</g>
    <t>11.750000000000004</t>
   </pm-column>
   <pm-column position='2' dic='-0.4458983441636863' kdic='0.9403960169562043'>
    <a>3.9999999999999956</a>
    <c>14.000000000000004</c>
    <g>0.0</g>
    <t>0.0</t>
   </pm-column>
   <pm-column position='3' dic='0.0' kdic='1.3862943611198906'>
    <a>0.0</a>
    <c>18.0</c>
    <g>0.0</g>
    <t>0.0</t>
   </pm-column>
   <pm-column position='4' dic='0.0' kdic='1.3862943611198906'>
    <a>18.0</a>
    <c>0.0</c>
    <g>0.0</g>
    <t>0.0</t>
   </pm-column>
   <pm-column position='5' dic='0.0' kdic='1.3862943611198906'>
    <a>0.0</a>
    <c>0.0</c>
    <g>18.0</g>
    <t>0.0</t>
   </pm-column>
   <pm-column position='6' dic='-0.1605762083692118' kdic='1.225718152750678'>
    <a>16.999999999999993</a>
    <c>1.0000000000000009</c>
    <g>0.0</g>
    <t>0.0</t>
   </pm-column>
   <pm-column position='7' dic='0.0' kdic='1.3862943611198906'>
    <a>0.0</a>
    <c>0.0</c>
    <g>0.0</g>
    <t>18.0</t>
   </pm-column>
   <pm-column position='8' dic='0.0' kdic='1.3862943611198906'>
    <a>0.0</a>
    <c>0.0</c>
    <g>18.0</g>
    <t>0.0</t>
   </pm-column>
   <pm-column position='9' dic='-0.2794687734074309' kdic='1.1068255877124595'>
    <a>0.0</a>
    <c>1.9999999999999978</c>
    <g>0.0</g>
    <t>16.0</t>
   </pm-column>
   <pm-column position='10' dic='-0.4458983441636863' kdic='0.9403960169562043'>
    <a>0.0</a>
    <c>0.0</c>
    <g>3.9999999999999956</g>
    <t>14.000000000000004</t>
   </pm-column>
   <pm-column position='11' dic='-0.9902942624948553' kdic='0.3960000986250349'>
    <a>1.0000000000000009</a>
    <c>5.000000000000004</c>
    <g>3.9999999999999956</g>
    <t>7.999999999999991</t>
   </pm-column>
   <pm-column position='12' dic='-0.9902942624948553' kdic='0.3960000986250347'>
    <a>3.9999999999999956</a>
    <c>7.999999999999991</c>
    <g>5.000000000000004</g>
    <t>1.0000000000000009</t>
   </pm-column>
   <pm-column position='13' dic='-0.9206963197974122' kdic='0.46559804132247795'>
    <a>1.9999999999999978</a>
    <c>7.000000000000002</c>
    <g>7.999999999999991</g>
    <t>1.0000000000000009</t>
   </pm-column>
   <pm-column position='14' dic='-1.0212498983175673' kdic='0.3650444628023237'>
    <a>2.7500000000000044</a>
    <c>6.75</c>
    <g>6.75</g>
    <t>1.7499999999999996</t>
   </pm-column>
  </WPCM>
  <PPM words-count='18.0' length='14' kdic='13.449828089626072' dic='-5.958292966052393'>
   <pm-column position='1' dic='-0.7039165528436884' kdic='0.6823778082762032'>
    <a>0.0416666666666667</a>
    <c>0.0416666666666667</c>
    <g>0.263888888888889</g>
    <t>0.652777777777778</t>
   </pm-column>
   <pm-column position='2' dic='-0.4458983441636863' kdic='0.9403960169562043'>
    <a>0.222222222222222</a>
    <c>0.777777777777778</c>
    <g>0.0</g>
    <t>0.0</t>
   </pm-column>
   <pm-column position='3' dic='0.0' kdic='1.3862943611198906'>
    <a>0.0</a>
    <c>1.0</c>
    <g>0.0</g>
    <t>0.0</t>
   </pm-column>
   <pm-column position='4' dic='0.0' kdic='1.3862943611198906'>
    <a>1.0</a>
    <c>0.0</c>
    <g>0.0</g>
    <t>0.0</t>
   </pm-column>
   <pm-column position='5' dic='0.0' kdic='1.3862943611198906'>
    <a>0.0</a>
    <c>0.0</c>
    <g>1.0</g>
    <t>0.0</t>
   </pm-column>
   <pm-column position='6' dic='-0.1605762083692118' kdic='1.225718152750678'>
    <a>0.944444444444444</a>
    <c>0.0555555555555556</c>
    <g>0.0</g>
    <t>0.0</t>
   </pm-column>
   <pm-column position='7' dic='0.0' kdic='1.3862943611198906'>
    <a>0.0</a>
    <c>0.0</c>
    <g>0.0</g>
    <t>1.0</t>
   </pm-column>
   <pm-column position='8' dic='0.0' kdic='1.3862943611198906'>
    <a>0.0</a>
    <c>0.0</c>
    <g>1.0</g>
    <t>0.0</t>
   </pm-column>
   <pm-column position='9' dic='-0.2794687734074309' kdic='1.1068255877124595'>
    <a>0.0</a>
    <c>0.111111111111111</c>
    <g>0.0</g>
    <t>0.888888888888889</t>
   </pm-column>
   <pm-column position='10' dic='-0.4458983441636863' kdic='0.9403960169562043'>
    <a>0.0</a>
    <c>0.0</c>
    <g>0.222222222222222</g>
    <t>0.777777777777778</t>
   </pm-column>
   <pm-column position='11' dic='-0.9902942624948553' kdic='0.3960000986250349'>
    <a>0.0555555555555556</a>
    <c>0.277777777777778</c>
    <g>0.222222222222222</g>
    <t>0.444444444444444</t>
   </pm-column>
   <pm-column position='12' dic='-0.9902942624948553' kdic='0.3960000986250347'>
    <a>0.222222222222222</a>
    <c>0.444444444444444</c>
    <g>0.277777777777778</g>
    <t>0.0555555555555556</t>
   </pm-column>
   <pm-column position='13' dic='-0.9206963197974122' kdic='0.46559804132247795'>
    <a>0.111111111111111</a>
    <c>0.388888888888889</c>
    <g>0.444444444444444</g>
    <t>0.0555555555555556</t>
   </pm-column>
   <pm-column position='14' dic='-1.0212498983175673' kdic='0.3650444628023237'>
    <a>0.152777777777778</a>
    <c>0.375</c>
    <g>0.375</g>
    <t>0.0972222222222222</t>
   </pm-column>
  </PPM>
  <PWM length='14' words-count='18.0'>
   <pm-column position='1'>
    <a>-1.2659692589218594</a>
    <c>-1.2659692589218594</c>
    <g>0.04675852300766306</g>
    <t>0.870539662012425</t>
   </pm-column>
   <pm-column position='2'>
    <a>-0.10063600992159916</a>
    <c>1.036389238303286</c>
    <g>-1.9779032415824183</g>
    <t>-1.9779032415824183</t>
   </pm-column>
   <pm-column position='3'>
    <a>-1.9779032415824183</a>
    <c>1.2767369629174194</c>
    <g>-1.9779032415824183</g>
    <t>-1.9779032415824183</t>
   </pm-column>
   <pm-column position='4'>
    <a>1.2767369629174194</a>
    <c>-1.9779032415824183</c>
    <g>-1.9779032415824183</g>
    <t>-1.9779032415824183</t>
   </pm-column>
   <pm-column position='5'>
    <a>-1.9779032415824183</a>
    <c>-1.9779032415824183</c>
    <g>1.2767369629174194</g>
    <t>-1.9779032415824183</t>
   </pm-column>
   <pm-column position='6'>
    <a>1.2218462526205287</a>
    <c>-1.1091633316608185</c>
    <g>-1.9779032415824183</g>
    <t>-1.9779032415824183</t>
   </pm-column>
   <pm-column position='7'>
    <a>-1.9779032415824183</a>
    <c>-1.9779032415824183</c>
    <g>-1.9779032415824183</g>
    <t>1.2767369629174194</t>
   </pm-column>
   <pm-column position='8'>
    <a>-1.9779032415824183</a>
    <c>-1.9779032415824183</c>
    <g>1.2767369629174194</g>
    <t>-1.9779032415824183</t>
   </pm-column>
   <pm-column position='9'>
    <a>-1.9779032415824183</a>
    <c>-0.6514092974740421</c>
    <g>-1.9779032415824183</g>
    <t>1.1637666654807577</t>
   </pm-column>
   <pm-column position='10'>
    <a>-1.9779032415824183</a>
    <c>-1.9779032415824183</c>
    <g>-0.10063600992159916</g>
    <t>1.036389238303286</t>
   </pm-column>
   <pm-column position='11'>
    <a>-1.1091633316608185</a>
    <c>0.09142800350992822</c>
    <g>-0.10063600992159916</g>
    <t>0.512922538899586</t>
   </pm-column>
   <pm-column position='12'>
    <a>-0.10063600992159916</a>
    <c>0.512922538899586</c>
    <g>0.09142800350992822</g>
    <t>-1.1091633316608185</t>
   </pm-column>
   <pm-column position='13'>
    <a>-0.6514092974740421</a>
    <c>0.39115617036864087</c>
    <g>0.512922538899586</g>
    <t>-1.1091633316608185</t>
   </pm-column>
   <pm-column position='14'>
    <a>-0.40809245054863214</a>
    <c>0.35824804236857044</c>
    <g>0.35824804236857044</g>
    <t>-0.7477266371843291</t>
   </pm-column>
  </PWM>
 </motif>
</smallbismark>