<?xml version='1.0' encoding='UTF-8'?>
<smallbismark>
 <motif name='ZN423_HUMAN' id='ZN423_f1' sample-size='33' sequence-count='22' coverage='0.6666666666666666' length='15'>
  <comment>HOCOMOCO v9; MAR2012; ChIPMunk v3.1</comment>
  <background>
   <a>0.25</a>
   <c>0.25</c>
   <g>0.25</g>
   <t>0.25</t>
  </background>
  <consensus>GGCACCCAAGGGTGC</consensus>
  <WPCM words-count='22.0' length='15' dic='-1.7493395027859195' kdic='19.04507591401244'>
   <pm-column position='1' dic='0.0' kdic='1.3862943611198906'>
    <a>0.0</a>
    <c>0.0</c>
    <g>22.0</g>
    <t>0.0</t>
   </pm-column>
   <pm-column position='2' dic='-0.5962359099377417' kdic='0.7900584511821488'>
    <a>8.999999999999998</a>
    <c>0.0</c>
    <g>13.000000000000004</g>
    <t>0.0</t>
   </pm-column>
   <pm-column position='3' dic='0.0' kdic='1.3862943611198906'>
    <a>0.0</a>
    <c>22.0</c>
    <g>0.0</g>
    <t>0.0</t>
   </pm-column>
   <pm-column position='4' dic='0.0' kdic='1.3862943611198906'>
    <a>22.0</a>
    <c>0.0</c>
    <g>0.0</g>
    <t>0.0</t>
   </pm-column>
   <pm-column position='5' dic='0.0' kdic='1.3862943611198906'>
    <a>0.0</a>
    <c>22.0</c>
    <g>0.0</g>
    <t>0.0</t>
   </pm-column>
   <pm-column position='6' dic='0.0' kdic='1.3862943611198906'>
    <a>0.0</a>
    <c>22.0</c>
    <g>0.0</g>
    <t>0.0</t>
   </pm-column>
   <pm-column position='7' dic='0.0' kdic='1.3862943611198906'>
    <a>0.0</a>
    <c>22.0</c>
    <g>0.0</g>
    <t>0.0</t>
   </pm-column>
   <pm-column position='8' dic='-0.6081615583226284' kdic='0.7781328027972623'>
    <a>11.99999999999999</a>
    <c>0.0</c>
    <g>0.0</g>
    <t>10.000000000000009</t>
   </pm-column>
   <pm-column position='9' dic='-0.14050192936854214' kdic='1.245792431751349'>
    <a>21.00000000000001</a>
    <c>0.0</c>
    <g>0.0</g>
    <t>1.0000000000000009</t>
   </pm-column>
   <pm-column position='10' dic='0.0' kdic='1.3862943611198906'>
    <a>0.0</a>
    <c>0.0</c>
    <g>22.0</g>
    <t>0.0</t>
   </pm-column>
   <pm-column position='11' dic='0.0' kdic='1.3862943611198906'>
    <a>0.0</a>
    <c>0.0</c>
    <g>22.0</g>
    <t>0.0</t>
   </pm-column>
   <pm-column position='12' dic='0.0' kdic='1.3862943611198906'>
    <a>0.0</a>
    <c>0.0</c>
    <g>22.0</g>
    <t>0.0</t>
   </pm-column>
   <pm-column position='13' dic='0.0' kdic='1.3862943611198906'>
    <a>0.0</a>
    <c>0.0</c>
    <g>0.0</g>
    <t>22.0</t>
   </pm-column>
   <pm-column position='14' dic='0.0' kdic='1.3862943611198906'>
    <a>0.0</a>
    <c>0.0</c>
    <g>22.0</g>
    <t>0.0</t>
   </pm-column>
   <pm-column position='15' dic='-0.40444010515700735' kdic='0.9818542559628832'>
    <a>4.0000000000000036</a>
    <c>17.999999999999996</c>
    <g>0.0</g>
    <t>0.0</t>
   </pm-column>
  </WPCM>
  <PPM words-count='22.0' length='15' kdic='19.04507591401244' dic='-1.7493395027859195'>
   <pm-column position='1' dic='0.0' kdic='1.3862943611198906'>
    <a>0.0</a>
    <c>0.0</c>
    <g>1.0</g>
    <t>0.0</t>
   </pm-column>
   <pm-column position='2' dic='-0.5962359099377417' kdic='0.7900584511821488'>
    <a>0.409090909090909</a>
    <c>0.0</c>
    <g>0.590909090909091</g>
    <t>0.0</t>
   </pm-column>
   <pm-column position='3' dic='0.0' kdic='1.3862943611198906'>
    <a>0.0</a>
    <c>1.0</c>
    <g>0.0</g>
    <t>0.0</t>
   </pm-column>
   <pm-column position='4' dic='0.0' kdic='1.3862943611198906'>
    <a>1.0</a>
    <c>0.0</c>
    <g>0.0</g>
    <t>0.0</t>
   </pm-column>
   <pm-column position='5' dic='0.0' kdic='1.3862943611198906'>
    <a>0.0</a>
    <c>1.0</c>
    <g>0.0</g>
    <t>0.0</t>
   </pm-column>
   <pm-column position='6' dic='0.0' kdic='1.3862943611198906'>
    <a>0.0</a>
    <c>1.0</c>
    <g>0.0</g>
    <t>0.0</t>
   </pm-column>
   <pm-column position='7' dic='0.0' kdic='1.3862943611198906'>
    <a>0.0</a>
    <c>1.0</c>
    <g>0.0</g>
    <t>0.0</t>
   </pm-column>
   <pm-column position='8' dic='-0.6081615583226284' kdic='0.7781328027972623'>
    <a>0.545454545454545</a>
    <c>0.0</c>
    <g>0.0</g>
    <t>0.454545454545455</t>
   </pm-column>
   <pm-column position='9' dic='-0.14050192936854214' kdic='1.245792431751349'>
    <a>0.954545454545455</a>
    <c>0.0</c>
    <g>0.0</g>
    <t>0.0454545454545455</t>
   </pm-column>
   <pm-column position='10' dic='0.0' kdic='1.3862943611198906'>
    <a>0.0</a>
    <c>0.0</c>
    <g>1.0</g>
    <t>0.0</t>
   </pm-column>
   <pm-column position='11' dic='0.0' kdic='1.3862943611198906'>
    <a>0.0</a>
    <c>0.0</c>
    <g>1.0</g>
    <t>0.0</t>
   </pm-column>
   <pm-column position='12' dic='0.0' kdic='1.3862943611198906'>
    <a>0.0</a>
    <c>0.0</c>
    <g>1.0</g>
    <t>0.0</t>
   </pm-column>
   <pm-column position='13' dic='0.0' kdic='1.3862943611198906'>
    <a>0.0</a>
    <c>0.0</c>
    <g>0.0</g>
    <t>1.0</t>
   </pm-column>
   <pm-column position='14' dic='0.0' kdic='1.3862943611198906'>
    <a>0.0</a>
    <c>0.0</c>
    <g>1.0</g>
    <t>0.0</t>
   </pm-column>
   <pm-column position='15' dic='-0.40444010515700735' kdic='0.9818542559628832'>
    <a>0.181818181818182</a>
    <c>0.818181818181818</c>
    <g>0.0</g>
    <t>0.0</t>
   </pm-column>
  </PPM>
  <PWM length='15' words-count='22.0'>
   <pm-column position='1'>
    <a>-2.0940025105129827</a>
    <c>-2.0940025105129827</c>
    <g>1.2893485648294598</g>
    <t>-2.0940025105129827</t>
   </pm-column>
   <pm-column position='2'>
    <a>0.4433824394062245</a>
    <c>-2.0940025105129827</c>
    <g>0.7864762259638126</g>
    <t>-2.0940025105129827</t>
   </pm-column>
   <pm-column position='3'>
    <a>-2.0940025105129827</a>
    <c>1.2893485648294598</c>
    <g>-2.0940025105129827</g>
    <t>-2.0940025105129827</t>
   </pm-column>
   <pm-column position='4'>
    <a>1.2893485648294598</a>
    <c>-2.0940025105129827</c>
    <g>-2.0940025105129827</g>
    <t>-2.0940025105129827</t>
   </pm-column>
   <pm-column position='5'>
    <a>-2.0940025105129827</a>
    <c>1.2893485648294598</c>
    <g>-2.0940025105129827</g>
    <t>-2.0940025105129827</t>
   </pm-column>
   <pm-column position='6'>
    <a>-2.0940025105129827</a>
    <c>1.2893485648294598</c>
    <g>-2.0940025105129827</g>
    <t>-2.0940025105129827</t>
   </pm-column>
   <pm-column position='7'>
    <a>-2.0940025105129827</a>
    <c>1.2893485648294598</c>
    <g>-2.0940025105129827</g>
    <t>-2.0940025105129827</t>
   </pm-column>
   <pm-column position='8'>
    <a>0.71109827931423</a>
    <c>-2.0940025105129827</c>
    <g>-2.0940025105129827</g>
    <t>0.5408042357263451</t>
   </pm-column>
   <pm-column position='9'>
    <a>1.2444431283981952</a>
    <c>-2.0940025105129827</c>
    <g>-2.0940025105129827</g>
    <t>-1.2636785468354785</t>
   </pm-column>
   <pm-column position='10'>
    <a>-2.0940025105129827</a>
    <c>-2.0940025105129827</c>
    <g>1.2893485648294598</g>
    <t>-2.0940025105129827</t>
   </pm-column>
   <pm-column position='11'>
    <a>-2.0940025105129827</a>
    <c>-2.0940025105129827</c>
    <g>1.2893485648294598</g>
    <t>-2.0940025105129827</t>
   </pm-column>
   <pm-column position='12'>
    <a>-2.0940025105129827</a>
    <c>-2.0940025105129827</c>
    <g>1.2893485648294598</g>
    <t>-2.0940025105129827</t>
   </pm-column>
   <pm-column position='13'>
    <a>-2.0940025105129827</a>
    <c>-2.0940025105129827</c>
    <g>-2.0940025105129827</g>
    <t>1.2893485648294598</t>
   </pm-column>
   <pm-column position='14'>
    <a>-2.0940025105129827</a>
    <c>-2.0940025105129827</c>
    <g>1.2893485648294598</g>
    <t>-2.0940025105129827</t>
   </pm-column>
   <pm-column position='15'>
    <a>-0.27329166452793024</a>
    <c>1.0961903686595447</c>
    <g>-2.0940025105129827</g>
    <t>-2.0940025105129827</t>
   </pm-column>
  </PWM>
 </motif>
</smallbismark>